"Time","Exposed","Death","Recovered","Susceptible","Infective","to exposed"
"0","0","0","0","8000000","0","4"
"0.25","1","0","0","7999999","0","4"
"0.5","1.9608150470219436","0","0","7999998","0.03918495297805643","0.12211595693181818"
"0.75","1.9145095908386778","0.000005786520158330084","0.000674980557292268","7999997.96947101","0.1153386313168262","0.359441219404017"
"1","1.9293499273966304","0.00002281880588093298","0.002661746591875888","7999997.879610705","0.18835480128957163","0.5869887471598721"
"1.25","2.000495628003345","0.00005063353504982386","0.00590625294140004","7999997.732863518","0.26068396639413216","0.8123952826493771"
"1.5","2.12520512154957","0.00008912925628592745","0.010396665600882007","7999997.529764698","0.3345443851295326","1.0425737999038658"
"1.75","2.302572508768892","0.0001385320928669043","0.016159361185592424","7999997.269121248","0.41200834946488574","1.2839823819944287"
"2","2.5333419087828246","0.00019937418755855698","0.02325641258403638","7999996.948125653","0.4950766514564246","1.5428562880615868"
"2.25","2.819787097225227","0.0002724831440800929","0.03178435733593084","7999996.562411581","0.5857444813210032","1.8254133172731515"
"2.5","3.165647201730614","0.0003589811998693307","0.04187410113769899","7999996.106058252","0.6860614642763465","2.138040906690396"
"2.75","3.5761116916582827","0.00046029326460784607","0.05369185551278581","7999995.571548025","0.7981881345814512","2.487472125795637"
"3","4.057849954625285","0.000578163298380298","0.06744104827577241","7999994.949679994","0.9244508402665997","2.8809567800946834"
"3.25","4.619082489984955","0.0007146787977247403","0.08336517975812706","7999994.229440799","1.0673968529489009","3.32643315340296"
"3.5","5.269692248163871","0.0008723034198593069","0.10175162832829446","7999993.397832511","1.229851309928423","3.832705459655814"
"3.75","6.021375970124694","0.0010539180156618015","0.12293643676807958","7999992.439656146","1.414977529845965","4.409631807297359"
"4","6.887836587696499","0.0012628705695827656","0.147310137616625","7999991.337248194","1.6263422106960335","5.068327377999487"
"4.25","7.885018879386946","0.001503035767479157","0.17532470158300995","7999990.070166349","1.867987034341176","5.82138756922932"
"4.5","9.031391677674412","0.0017788851384294697","0.20750171938268464","7999988.614819457","2.1445082611904156","6.683136035557548"
"4.75","10.348281028347717","0.002095568950453767","0.24444195463234233","7999986.944035448","2.461146000344816","7.669902880215744"
"5","11.860259842902135","0.0024590112889341514","0.2868364344680248","7999985.026559728","2.823884983670172","8.80033869436569"
"5.25","13.595600792241907","0.002876020016543541","0.3354792760474024","7999982.826475055","3.239568857614836","10.095770718957526"
"5.5","15.586800494228862","0.003354413610875127","0.3912824817861986","7999980.302532375","3.716030236034134","11.580608118780658"
"5.75","17.87118447947932","0.003903167207231801","0.45529297482003883","7999977.407380345","4.262239033848641","13.282804219792652"
"6","20.491604010936914","0.0045325805461427365","0.5287121895882968","7999974.08667929","4.888471929232042","15.234384582043619"
"6.25","23.497237616834305","0.00525447094569924","0.6129185814895054","7999970.278083145","5.606506186544793","17.472050978127058"
"6.5","26.944512210236198","0.0060823948961097815","0.7094934752344526","7999965.9100704","6.429841519979307","20.037872741525618"
"6.75","30.89816095164283","0.007031902417302","0.8202507349123449","7999960.900602214","7.373954196754995","22.980078565013528"
"7","35.43243760889767","0.008120828940450322","0.9472708111125286","7999955.155582572","8.456588178030206","26.353963695418777"
"7.25","40.63251013114979","0.009369630182862704","1.0929398030951025","7999948.5670916485","9.698088786407792","30.222929621463283"
"7.5","46.59605953764611","0.010801766296213404","1.2599942685524224","7999941.011359243","11.121785183706628","34.65967582552169"
"7.75","53.43511409208115","0.012444142496031095","1.4515726217429212","7999932.346440286","12.754428856261692","39.747566013598565"
"8","61.278153162405516","0.014327614443185793","1.6712740847551426","7999922.409548783","14.626696354377597","45.58219450325097"
"8.25","70.27252023796726","0.016487567865913547","1.9232262987121507","7999911.014000157","16.773765737248862","52.27318219715524"
"8.5","80.5871903860818","0.018964583306612215","2.212162864530119","7999897.945704607","19.23597755716446","59.94623587014266"
"8.75","92.41594408770517","0.021805198477492998","2.54351226946286","7999882.95914564","22.059592802973135","68.74550942970528"
"9","105.98100702163208","0.02506278254325519","2.923499869604414","7999865.772768282","25.297662042265237","78.8363114658269"
"9.25","121.53722411137909","0.028798538751720348","3.3592648438036146","7999846.063690416","29.011022088567294","90.40820989052227"
"9.5","139.37684617212176","0.03308265424429891","3.8589943156732196","7999823.461637943","33.269438913093005","103.67859190092953"
"9.75","159.83501898386973","0.03799561864251452","4.432077162829781","7999797.541989968","38.15291826502262","118.89674601985021"
"10","183.29607778570258","0.04362973617643899","5.089280402228147","7999767.817803463","43.753208611220025","136.34854273176313"
"10.25","210.20076527954842","0.050090859755232774","5.842951464389799","7999733.73066778","50.175524614574506","156.36180142064987"
"10.5","241.0545085312803","0.05750037954716959","6.707250155413958","7999694.640217425","57.54052350718899","179.31244413429175"
"10.75","276.4369099829065","0.06599750341463148","7.698414663012601","7999649.812106391","65.98657145766961","205.63155138314062"
"11","317.0126305096122","0.07574187202808165","8.835066601863875","7999598.404218545","75.67234246928429","235.81345199879044"
"11.25","363.5438684893407","0.08691655776451175","10.138560826295691","7999539.450855546","86.77979857908517","270.4249983335985"
"11.5","416.90466868052476","0.0997315036978374","11.633386578400676","7999471.844605963","99.51760727326239","310.11620012795936"
"11.75","478.0973288739361","0.1144274672458348","13.347627502852372","7999394.315555931","114.12506022384125","355.63241560231575"
"12","548.2712114236555","0.13128054250474117","15.313489163935392","7999305.40745203","130.87656683835888","407.82832719887017"
"12.25","628.7443115845151","0.15060734615529797","17.567903966232695","7999203.450370231","150.086806871269","467.6839624161444"
"12.5","721.0279859038915","0.17277096426519697","20.153224831640326","7999086.529379627","172.11663867241117","536.3230579297505"
"12.75","826.8553026628224","0.19818777157436124","23.11802064893872","7998952.448615144","197.37987377131032","615.0341083334998"
"13","948.213543591698","0.2273352511966013","26.51798841899178","7998798.690088061","226.3510446761343","705.294490110098"
"13.25","1087.3814630004256","0.2607609614076357","30.41699920419656","7998622.366465533","259.57431129951544","808.7981076882919"
"13.5","1246.9719984256167","0.2990928176627761","34.888297495604995","7998420.166938611","297.67367264873377","927.4870726049966"
"13.75","1429.981227453605","0.34305088259526806","40.01587648155391","7998188.29517046","341.3646747211132","1063.5879999207584"
"14","1639.8444802765216","0.39346088494289594","45.896054990691916","7997922.39817048","391.4678333669005","1219.6535893099328"
"14.25","1880.5006487530438","0.45126972065552023","52.63928565058215","7997617.4847731525","448.9240227222585","1398.6102529664627"
"14.5","2156.465882498067","0.5175632264432061","60.37222811981633","7997267.832209911","514.8121162438292","1603.8126600685027"
"14.75","2472.918033310723","0.59358655841111","69.24012619583712","7996866.879044894","590.3692090403102","1839.1061896013387"
"15","2835.793403857189","0.6807675569664025","79.40953326261035","7996407.102497494","677.0137978288502","2108.898421549546"
"15.25","3251.897578058949","0.7807435347555829","91.07143702472476","7995879.877892107","776.3723492745731","2418.240952656245"
"15.5","3729.0323625373144","0.8953919880014806","104.44484189452565","7995275.317653943","890.3097496372219","2772.9229990248214"
"15.75","4276.141154513844","1.0268658044003058","119.78087588975333","7994582.086904187","1020.9641996052707","3179.5784457779155"
"16","4903.475375891167","1.1776336240084504","137.36749861227983","7993787.192292742","1170.787199130293","3645.808225755637"
"16.25","5622.784980296723","1.3505261047695256","157.5348979857629","7992875.740236304","1342.5893593094017","4180.3201566985035"
"16.5","6447.536454412701","1.5487889531734504","180.66167612605602","7991830.6601971295","1539.592883379354","4793.088641159861"
"16.75","7393.1622019122","1.7761437048886086","207.181939223183","7990632.38803684","1765.491678320978","5495.536936748836"
"17","8477.345722858334","2.036857382194521","237.59342287598443","7989258.5038026525","2024.5201942319443","6300.745036761056"
"17.25","9720.347588519668","2.33582231706199","272.46680321964277","7987683.317543462","2321.5322424823503","7223.686562314103"
"17.5","11145.377865911687","2.6786476134674793","312.4563657356478","7985877.395902883","2662.091217856447","8281.498454744315"
"17.75","12779.021371999346","3.0717639329911033","358.31222818360936","7983807.021289197","3052.5733466873826","9493.787667031453"
"18","14651.722937189836","3.5225435272725965","410.89434203420944","7981433.574372439","3500.2858048098738","10882.979478121453"
"18.25","16798.340732378907","4.039437713180934","471.1885285433997","7978712.8295029085","4013.6017984560694","12474.712482704554"
"18.5","19258.776661347405","4.632134295649256","540.3248416630869","7975594.151382232","4602.114980461552","14298.28572399399"
"18.75","22078.693834456113","5.311737793458901","619.598590848765","7972019.579951233","5276.815885667852","16387.16381327083"
"19","25310.332208053755","6.090975719591228","710.4944030558476","7967922.788997916","6050.293415254703","18779.546181944857"
"19.25","29013.434576108393","6.984434615172621","814.7137554051359","7963227.90245243","6936.964781441406","21519.006790386902"
"19.5","33256.296204108396","8.00883003981216","934.2064687616187","7957848.150754833","7953.337742257007","24655.210605477794"
"19.75","38116.95245249554","9.183315286670823","1071.2067184393084","7951684.348103464","9118.309410314763","28244.712864788427"
"20","43684.519679174795","10.529834223218346","1228.2741920377637","7944623.169887266","10453.506407297611","32351.84644819582"
"20.25","50060.705441726306","12.073524363281406","1408.3411066110016","7936535.208275218","11983.671652081755","37049.7014172141"
"20.5","57361.50440724745","13.843177056865404","1614.7658884567115","7927272.782920914","13737.103606324841","42421.19874861772"
"20.75","65719.0962414533","15.871762544248329","1851.3944191320256","7916667.483233759","15746.154343110711","48560.257210368596"
"21","75283.96084806373","18.197028560864748","2122.6298609526348","7904527.418931167","18047.793331255198","55573.04785614804"
"21.25","86227.22434626751","20.86218219734267","2433.5121939606183","7890634.15696713","20684.244310443955","63579.324308477204"
"21.5","98743.24569195","23.916665808162225","2789.8087233873935","7874739.32589001","23703.703028843174","72713.80830697222"
"21.75","113052.44832935331","27.417038910058803","3198.1169505086236","7856560.873813267","27161.14386795978","83127.59823638406"
"22","129404.39301660947","31.427979196328057","3665.981338018737","7835778.97425417","31119.223412003263","94989.55269347105"
"22.25","148081.07613446744","36.02341698302069","4202.025639842942","7812031.586080803","35649.28872790214","108487.5806252031"
"22.5","169400.42128549912","41.287818549858216","4816.102599080519","7784909.690924502","40832.497372366815","123829.74304999801"
"22.75","193719.9095054634","47.317634874825515","5519.4629386340575","7753952.2551620025","46761.05475902354","141245.0376199076"
"23","221440.26336555538","54.222933093235866","6324.945666110983","7718640.995757026","53539.572278213134","160983.69501209442"
"23.25","253009.06081115128","62.12922851305539","7247.191773022872","7678395.0720040025","61286.546183309154","183316.76416044007"
"23.5","288924.1037003541","71.17953502031959","8302.883408546691","7632565.880963893","70135.95239218525","208534.70078103922"
"23.75","329736.3014778884","81.53665099206341","9511.01052454481","7580432.205768633","80238.94557794087","236944.60032361693"
"24","376051.7500902234","93.3856961173674","10893.166788278799","7521196.055687728","91765.64173765089","268865.633450435"
"24.25","428532.5883082309","106.93691145388638","12473.876200768042","7453979.64732512","104906.95125442636","304622.15250347235"
"24.5","487896.0971116761","122.42873017630862","14280.951290565883","7377824.109199252","119876.41366832893","344533.84741823195"
"24.75","554911.3733427358","140.1311192690952","16345.882912389165","7291690.647344694","136911.96528091113","388902.2500317876"
"25","630392.7597792589","160.3491822449073","18704.26049362654","7194465.084836747","156277.54570812176","437992.83396334463"
"25.25","715189.0576204376","183.4269991059051","21396.219954529995","7084966.87634591","178264.41908001478","492011.95887870766"
"25.5","810167.3977468371","209.75166140924296","24466.91438673699","6961963.886626233","203192.04957878176","551077.9989953322"
"25.75","916190.526110606","239.75743662501162","27966.99981337636","6824194.3868774","231408.32976199078","615186.2237577359"
"26","1034086.1993654551","273.9299662111291","31953.124882157","6670397.830937966","263288.9148482089","684167.4224722005"
"26.25","1164607.4358861127","312.8103653808611","36488.40909119104","6499355.975319915","299235.36933739757","757640.9504439684"
"26.5","1308382.5858840125","356.9990491780793","41642.88908941949","6309945.737708923","339671.78826846415","834963.8859312799"
"26.75","1465854.6472616594","407.1590596068831","47493.90677649702","6101204.7662261035","385039.5206761307","915179.369621511"
"27","1637210.0442414235","464.0186135635737","54126.406511562745","5872409.923820726","435789.6068127219","996968.9482538913"
"27.25","1822298.2827060944","528.3725339580861","61633.10204934617","5623167.686757253","492372.5559533458","1078615.7709459339"
"27.5","2020545.5529227466","601.0821713035245","70114.46739381702","5353513.744020769","555225.1534913608","1157987.564433734"
"27.75","2230867.461549881","683.073377083173","79678.50039740777","5064016.852912336","624754.1117632893","1232550.0327055294"
"28","2451588.533145155","775.3320628022133","90440.20473745817","4755879.344735953","701316.585318628","1299422.0700439147"
"28.25","2680378.669263298","878.8968816904749","102520.73625836539","4431023.8272249745","785197.8703716678","1355483.1468803915"
"28.5","2914218.9438649286","994.8486172387579","116046.16517555629","4092153.0405048765","876587.0018373964","1397539.5691503352"
"28.75","3149410.303869404","1124.2959681007778","131145.81792610837","3742768.1482172925","975551.4340190908","1422549.3578738475"
"29","3381638.148672137","1268.3575940417486","147950.18288145808","3387130.8087488306","1082012.5021035292","1427895.145877121"
"29.25","3606102.603296898","1428.140538237023","166588.39337200098","3030157.0222795503","1195723.8405133106","1411681.6429212582"
"29.5","3817718.0530829765","1604.7154625657781","187185.3389569375","2677236.611549236","1316255.280948281","1373021.1094897767"
"29.75","4011376.228061887","1799.0895050963618","209858.4993297697","2333981.334176792","1442984.848926452","1312260.4385103176"
"30","4182255.748815568","2012.1779556848753","234714.64036018276","2005916.2245492125","1575101.2083193487","1231101.081765352"
"30.25","4326149.524397362","2244.776292563167","261846.55224427994","1698140.9541078745","1711618.1929579177","1132571.7312340243"
"30.5","4439772.491516316","2497.5343648380504","291330.0379690502","1414998.0212993685","1851401.9148504243","1020834.535641786"
"30.75","4521008.849113427","2770.9345781151283","323221.36872954696","1159789.387388922","1993209.4601899856","900835.9929907301"
"31","4569062.328195223","3065.275794439223","357555.4059042928","934580.3891412395","2135736.6009648023","777846.6734446727"
"31.25","4584485.504072253","3380.6642779034482","394344.5448872081","740118.7207800713","2277670.5659825616","656960.2182660326"
"31.5","4569082.709733108","3717.0124330607064","433578.56792702235","575878.6662135632","2417743.0436932426","542632.964003744"
"31.75","4525701.659600302","4074.045370367735","475225.4099670128","440220.42521262716","2554778.4598496878","438336.7332888464"
"32","4457946.436198364","4451.314600887581","519232.75609176897","330636.24189041555","2687733.2512185615","346371.0162264648"
"32.25","4369854.768773853","4848.2175306193","565530.315483416","244043.48783379933","2815723.2103783097","267845.07597200555"
"32.5","4265583.484131515","5264.020992888509","614032.5664057595","177082.21884079796","2938037.709629036","202806.2759522941"
"32.75","4149138.364869921","5697.886881211073","664641.7462024445","126380.64985272443","3054141.352193696","150467.37914183727"
"33","4024171.4179285024","6148.898025992978","717250.8697378867","88763.80506726512","3163665.0092403498","109477.16519529163"
"33.25","3893853.7414401583","6616.082747649388","771746.5934463962","61394.51376844221","3266389.0685973507","78184.38079731062"
"33.5","3760819.360877724","7098.436936028079","828011.7908319812","41848.418569114554","3362221.992785149","54859.79327266294"
"33.75","3627166.779380932","7594.942963454656","885927.7586194461","28133.47025094882","3451177.0487852152","37858.74863026451"
"34","3494501.106844888","8104.585161416337","945376.0220640351","18668.78309338269","3533349.502836275","25722.075673154166"
"34.25","3363999.7642096933","8626.361929555815","1006239.7474299518","12238.264175094151","3608895.862255702","17223.679399757304"
"34.5","3236487.5114808828","9159.294779263484","1068404.7968987934","7932.344325154825","3678016.052515902","11378.261232876643"
"34.75","3112510.465837657","9702.43474532299","1131760.4764691463","5087.779016935665","3740938.8439309346","7423.335531983393"
"35","2992402.723473096","10254.866645486522","1196200.032823516","3231.9451339398165","3797910.4319239585","4787.722469211757"
"35.25","2876342.494079698","10815.711653675431","1261620.9534846107","2035.0145166368773","3849185.826265376","3055.534178148546"
"35.5","2764397.0322449366","11384.128601612465","1327925.118646913","1271.1309720997408","3895022.5895344354","1931.4431887013868"
"35.75","2656557.125320915","11959.314355800143","1395018.8451500991","788.270174924394","3935676.4449982583","1210.3400656037536"
"36","2552762.6442980953","12540.503545905862","1462812.8547959605","485.68515852345564","3971398.3122015125","752.562902910926"
"36.25","2452920.900842863","13126.967855386627","1531222.1916018638","297.5444327957241","4002432.395267088","464.67814719574477"
"36.5","2356919.4802212426","13718.015029809321","1600166.1061242286","181.37489599678793","4029015.02372872","285.15738172497544"
"36.75","2264634.9905611393","14312.987713994416","1669567.9198147606","110.08555056554407","4051374.0163595374","174.0498158907192"
"37","2175938.887397513","14911.262195214988","1739354.878418313","66.57309659286426","4069728.3988923635","105.73959286379994"
"37.25","2090701.2593099326","15512.247104710907","1809458.000508337","40.138198376914275","4084288.35487864","63.985329064632865"
"37.5","2008793.2251049757","16115.382111946286","1879811.9251758521","24.14186611075606","4095255.325741112","38.59142048605545"
"37.75","1930088.4048917203","16720.136633641898","1950354.7614418757","14.494010989242197","4102822.20302177","23.2136335711169"
"38","1854463.784910939","17326.00857119723","2021027.9409814186","8.690602596462972","4107173.574933846","13.934704084733886"
"38.25","1781800.1923757165","17932.523084521374","2091776.0750944642","5.2069265752795","4108486.00251872","8.352203477745748"
"38.5","1711982.5236720517","18539.231406644532","2162546.8164338893","3.1188757058430627","4106928.309611706","5.001335648236859"
"38.75","1644899.81931662","19145.70970114939","2233290.725728191","1.868541793783848","4102661.8767122435","2.9934523946230747"
"39","1580445.2456061833","19751.557962998835","2303961.1435662764","1.1201786951280792","4095840.9326858437","1.791707757321543"
"39.25","1518516.0208996513","20356.398962439933","2374514.067206965","0.6722517557976935","4086612.840679185","0"
"39.5","1459013.0420242732","20959.87723112953","2444908.0323135215","0.6722517557976935","4075118.376179317","0"
"39.75","1401841.684578181","21561.6580893214","2515103.999477903","0.6722517557976935","4061491.985602836","0"
"40","1346910.5840853057","22161.42671123982","2585065.245199328","0.6722517557976935","4045862.0717523685","0"
"40.25","1294131.9561822764","22758.887232607005","2654757.2577799824","0.6722517557976935","4028351.226553376","0"
"40.5","1243421.4563318738","23353.761892539314","2724147.6372297336","0.6722517557976935","4009076.472294095","0"
"40.75","1194698.045033603","23945.790211067804","2793205.9993263213","0.6722517557976935","3988149.4931772496","0"
"41","1147883.8583159852","24534.728200852493","2861903.883664147","0.6722517557976935","3965676.857567257","0"
"41.25","1102904.0833036033","25120.347611716315","2930214.66553138","0.6722517557976935","3941760.231301542","0"
"41.5","1059686.8386600453","25702.43520667919","2998113.4714614614","0.6722517557976935","3916496.582420056","0"
"41.75","1018163.0597156861","26280.79206822489","3065577.0983111747","0.6722517557976935","3889978.3776531564","0"
"42","978266.3880967329","26855.23293358368","3132583.93572332","0.6722517557976935","3862293.7709946055","0"
"42.25","939933.0656791494","27425.585557861898","3199113.8918376556","0.6722517557976935","3833526.784673576","0"
"42.5","903101.8326979915","27991.690103896042","3265148.322119168","0.6722517557976935","3803757.482827187","0"
"42.75","867713.8298493242","28553.398557753426","3330669.961177944","0.6722517557976935","3773062.138163221","0"
"43","833712.5042282692","29110.574168844243","3395662.8574598907","0.6722517557976935","3741513.3918912387","0"
"43.25","801043.5189528668","29663.090913650976","3460112.3106923467","0.6722517557976935","3709180.407189378","0"
"43.5","769654.6663293218","30210.83298212057","3524004.8119732407","0.6722517557976935","3676129.0164635596","0"
"43.75","739495.7844198656","30753.694285802645","3587327.9863968617","0.6722517557976935","3642421.8626457127","0"
"44","710518.6768799021","31291.577986853525","3650070.5381135615","0.6722517557976935","3608118.5347679257","0"
"44.25","682677.0359363323","31824.39604706074","3712222.1977247912","0.6722517557976935","3573275.698040059","0"
"44.5","655926.3683839682","32352.068796076386","3773773.6719187927","0.6722517557976935","3537947.218649406","0"
"44.75","630223.9244817751","32874.52451807986","3834716.5952560212","0.6722517557976935","3502184.2834923672","0"
"45","605528.6296353106","33391.699056121644","3895043.484017013","0.6722517557976935","3466035.515039798","0"
"45.25","581801.018756184","33903.53543342947","3954747.692028861","0.6722517557976935","3429547.0815297686","0"
"45.5","559003.1731936376","34409.98349098685","4013823.3683898193","0.6722517557976935","3392762.8026737995","0"
"45.75","537098.6601374606","34910.99954072152","4072265.417014751","0.6722517557976935","3355724.25105531","0"
"46","516052.47439539706","35406.54603366749","4130069.4579272135","0.6722517557976935","3318470.849391965","0"
"46.25","495830.98245200375","35896.59124249014","4187231.7902269377","0.6722517557976935","3281039.963826812","0"
"46.5","476401.86871955846","36381.10895778771","4243749.356664295","0.6722517557976935","3243466.993406602","0"
"46.75","457734.0838951244","36860.078197606264","4299619.709756072","0.6722517557976935","3205785.4558994416","0"
"47","439797.7953412402","37333.48292962755","4354840.979379496","0.6722517557976935","3168027.07009788","0"
"47.25","422564.3394109408","37801.31180551066","4409411.841783979","0.6722517557976935","3130221.8347478136","0"
"47.5","406006.17564091965","38263.557906889335","4463331.489962445","0.6722517557976935","3092398.1042379914","0"
"47.75","390096.8427396297","38720.21850254644","4516599.605326447","0.6722517557976935","3054582.661179622","0"
"48","374810.91629998904","39171.294816306465","4569216.330631512","0.6722517557976935","3016800.7860004366","0"
"48.25","360123.9681691117","39616.791805205066","4621182.244101273","0.6722517557976935","2979076.3236726546","0"
"48.5","346012.527410134","40056.71794751253","4672498.33470102","0.6722517557976935","2941431.7476895778","0"
"48.75","332454.0427937494","40491.0850402047","4723165.978513289","0.6722517557976935","2903888.2214010004","0"
"49","319426.8467595116","40919.9080054915","4773186.91616998","0.6722517557976935","2866465.656813261","0"
"49.25","306910.1207893113","41343.204706028555","4822563.231297331","0.6722517557976935","2829182.770955573","0"
"49.5","294883.8621376925","41760.9957684525","4871297.329931842","0.6722517557976935","2792057.139910257","0"
"49.75","283328.8518658394","42173.304414895116","4919391.920866884","0.6722517557976935","2755105.2506006253","0"
"50","272226.62412814976","42580.156302145035","4966849.99689139","0.6722517557976935","2718342.55042656","0"
"50.25","261559.43666231318","42981.579368139224","5013674.816883536","0.6722517557976935","2681783.4948342564","0"
"50.5","251310.2424357335","43377.60368547924","5059869.888723845","0.6722517557976935","2645441.5929031875","0"
"50.75","241462.66240298533","43768.261321679325","5105438.952993537","0.6722517557976935","2609329.451030043","0"
"51","232000.95933076803","44153.58620586548","5150385.96742537","0.6722517557976935","2573458.8147862414","0"
"51.25","222910.01264852792","44533.61400165567","5194715.092075484","0.6722517557976935","2537840.6090225778","0"
"51.5","214175.2942845574","44908.38198596234","5238430.67518608","0.6722517557976935","2502484.9762916462","0"
"51.75","205782.84544895563","45277.928933468924","5281537.239709936","0.6722517557976935","2467401.313655885","0"
"52","197719.25432634764","45642.295006541804","5324039.470468967","0.6722517557976935","2432598.3079463895","0"
"52.25","189971.63464271332","46001.52165034904","5365942.201920128","0.6722517557976935","2398083.9695350556","0"
"52.5","182527.6050720741","46355.65149296627","5407250.406503068","0.6722517557976935","2363865.6646801378","0"
"52.75","175375.2694501276","46704.728250259206","5447969.183544944","0.6722517557976935","2329950.146502916","0"
"53","168503.1977632104","47048.79663534042","5488103.74869883","0.6722517557976935","2296343.5846508667","0"
"53.25","161900.40788220684","47387.90227240665","5527659.423893085","0.6722517557976935","2263051.593700549","0"
"53.5","155556.3480122144","47722.091614770354","5566641.62776998","0.6722517557976935","2230079.2603512825","0"
"53.75","149460.8798299176","48051.41186690701","5605055.866592743","0.6722517557976935","2197431.169458679","0"
"54","143604.26228172332","48375.91091034687","5642907.725601053","0.6722517557976935","2165111.4289551238","0"
"54.25","137977.13601676552","48695.63723324678","5680202.8607957885","0.6722517557976935","2133123.6937024454","0"
"54.5","132570.50842990167","49010.639863484284","5716946.99113467","0.6722517557976935","2101471.188320191","0"
"54.75","127375.73929079894","49320.96830512295","5753145.891121109","0.6722517557976935","2070156.7290312154","0"
"55","122384.52693614381","49626.67247810359","5788805.38376938","0.6722517557976935","2039182.7445646194","0"
"55.25","117588.89500290934","49927.802661022266","5823931.333929836","0.6722517557976935","2008551.2961544797","0"
"55.5","112981.17968147872","50224.40943686162","5858529.641958626","0.6722517557976935","1978264.096671281","0"
"55.75","108554.01746825463","50516.543641547265","5892606.237716958","0.6722517557976935","1948322.5289214875","0"
"56","104300.33339818196","50804.25631520662","5926167.074885576","0.6722517557976935","1918727.6631492826","0"
"56.25","100213.3297383786","51087.5986560122","5959218.125580721","0.6722517557976935","1889480.273773136","0"
"56.5","96286.47512480577","51366.62197649642","5991765.37525838","0.6722517557976935","1860580.8553885655","0"
"56.75","92513.49412461746","51641.37766222961","6023814.817894199","0.6722517557976935","1832029.6380672012","0"
"57","88888.35720750863","51911.917132757255","6055372.451426923","0.6722517557976935","1803826.601981058","0"
"57.25","85405.27111003571","52178.291804696775","6086444.273453752","0.6722517557976935","1775971.4913797632","0"
"57.5","82058.66957751081","52440.55305689844","6117036.277166452","0.6722517557976935","1748463.827947386","0"
"57.75","78843.20446867417","52698.75219757865","6147154.447517561","0.6722517557976935","1721302.9235644334","0"
"58","75753.73720892989","52952.94043333782","6176804.7576064095","0.6722517557976935","1694487.8924995696","0"
"58.25","72785.33057848593","53203.16883997865","6205993.165275161","0.6722517557976935","1668017.6630546213","0"
"58.5","69933.24082227566","53449.48833504405","6234725.609905437","0.6722517557976935","1641890.9886854908","0"
"58.75","67192.9100690517","53691.94965199726","6263008.009406508","0.6722517557976935","1616106.4586206903","0"
"59","64559.95904753713","53930.60331597009","6290846.257386397","0.6722517557976935","1590662.5079983429","0"
"59.25","62030.18008799414","54165.499621008064","6318246.220497591","0.6722517557976935","1565557.4275416534","0"
"59.5","59599.530398025716","54396.68860874441","6345213.735949425","0.6722517557976935","1540789.3727920516","0"
"59.75","57264.125601864835","54624.22004843746","6371754.609179503","0.6722517557976935","1516356.3729184412","0"
"60","55020.23353282624","54848.14341830902","6397874.611676874","0.6722517557976935","1492256.339120238","0"
"60.25","52864.268269000764","55068.50788812351","6423579.47894994","0.6722517557976935","1468487.0726411822","0"
"60.5","50792.78440266061","55285.36230295065","6448874.908632423","0.6722517557976935","1445046.272410212","0"
"60.75","48802.471534217795","55498.7551680564","6473766.558720934","0.6722517557976935","1421931.5423250375","0"
"61","46890.14898193653","55708.734634869514","6498260.045938017","0.6722517557976935","1399140.398193423","0"
"61.25","45052.76069894529","55915.348487973126","6522360.94421475","0.6722517557976935","1376670.274346577","0"
"61.5","43287.370389425494","56118.64413307295","6546074.7832872765","0.6722517557976935","1354518.5299384703","0"
"61.75","41591.156816172144","56318.66858589569","6569407.047401835","0.6722517557976935","1332682.4549443421","0"
"62","39961.40929202747","56515.468461973294","6592363.174123123","0.6722517557976935","1311159.2758711216","0"
"62.25","38395.523347982504","56709.089967270455","6614948.553241021","0.6722517557976935","1289946.161191971","0"
"62.5","36890.99657102394","56899.57888961465","6637168.525770935","0.6722517557976935","1269040.2265166715","0"
"62.75","35445.424605074724","57086.980590889696","6659028.383043195","0.6722517557976935","1248438.5395090857","0"
"63","34056.49730863763","57271.33999995549","6680533.3658771645","0.6722517557976935","1228138.1245624882","0"
"63.25","32721.995063001355","57452.70160625815","6701688.66383588","0.6722517557976935","1208135.9672431054","0"
"63.5","31439.785225109452","57631.109454096346","6722499.414557241","0.6722517557976935","1188429.018511798","0"
"63.75","30207.818719423347","57806.60713751105","6742970.703157909","0.6722517557976935","1169014.1987334015","0"
"64","29024.12676333309","57979.23779576737","6763107.561706279","0.6722517557976935","1149888.4014828657","0"
"64.25","27886.817720882733","58149.044109398434","6782914.968761009","0.6722517557976935","1131048.4971569548","0"
"64.5","26794.074079782313","58316.06829678263","6802397.8489717655","0.6722517557976935","1112491.336399915","0"
"64.75","25744.149546875484","58480.352111226675","6821561.072738973","0.6722517557976935","1094213.7533511694","0"
"65","24735.366257421116","58641.93683852836","6840409.455929517","0.6722517557976935","1076212.5687227785","0"
"65.25","23766.112093729065","58800.86329499367","6858947.759645442","0.6722517557976935","1058484.5927140801","0"
"65.5","22834.838108865075","58957.17182588439","6877180.69004287","0.6722517557976935","1041026.6277706245","0"
"65.75","21940.056051307667","59110.90230427303","6895112.89819844","0.6722517557976935","1023835.4711942239","0"
"66","21080.335986601254","59262.0941302833","6912748.980020696","0.6722517557976935","1006907.9176106637","0"
"66.25","20254.304012204655","59410.78623069488","6930093.476204","0.6722517557976935","990240.7613013447","0"
"66.5","19460.640061883158","59557.01705889261","6947150.872222595","0.6722517557976935","973830.7984048742","0"
"66.75","18698.075796135385","59700.82459514072","6963925.598362596","0.6722517557976935","957674.8289943733","0"
"67","17965.392575283684","59842.24634716387","6980422.029789766","0.6722517557976935","941769.6590360316","0"
"67.25","17261.419511988868","59981.31935101735","6996644.486651028","0.6722517557976935","926112.1022342112","0"
"67.5","16585.03160007708","60118.08017222984","7012597.234207755","0.6722517557976935","910698.9817681833","0"
"67.75","15935.14791668848","60252.564907202555","7028284.482998984","0.6722517557976935","895527.13192537","0"
"68","15310.729894874668","60384.80918484963","7043710.389032758","0.6722517557976935","880593.3996357631","0"
"68.25","14710.779663884281","60514.84816846506","7058879.054003899","0.6722517557976935","865894.6459119974","0"
"68.5","14134.338454484427","60642.71655780231","7073794.525536591","0.6722517557976935","851427.7471993682","0"
"68.75","13580.48506676952","60768.4485913533","7088460.797450215","0.6722517557976935","837189.5966399086","0"
"69","13048.334398008958","60892.07804881402","7102881.810046957","0.6722517557976935","823177.1052544664","0"
"69.25","12537.03602818102","61013.63825372478","7117061.450419782","0.6722517557976935","809387.2030465587","0"
"69.5","12045.772860932548","61133.16207627335","7131003.552779418","0.6722517557976935","795816.8400316223","0"
"69.75","11573.759817792557","61250.68193625022","7144711.898799074","0.6722517557976935","782462.9871951302","0"
"70","11120.242583553038","61366.22980614526","7158190.217975655","0.6722517557976935","769322.6373828942","0"
"70.25","10684.496400811931","61479.83721437588","7171442.188006321","0.6722517557976935","756392.8061267385","0"
"70.5","10265.824911751903","61591.53524863713","7184471.435179265","0.6722517557976935","743670.5324085932","0"
"70.75","9863.559045303944","61701.3545593646","7197281.534777652","0.6722517557976935","731152.8793659274","0"
"71","9477.055947917426","61809.32536330154","7209876.011495708","0.6722517557976935","718836.9349413208","0"
"71.25","9105.697956227872","61915.47744716188","7222258.339866005","0.6722517557976935","706719.8124788526","0"
"71.5","8748.8916099807","62019.84017138131","7234431.944697012","0.6722517557976935","694798.651269873","0"
"71.75","8406.066703633493","62122.442473948955","7246400.20152005","0.6722517557976935","683070.6170506143","0"
"72","8076.675375121208","62223.31287431258","7258166.437044819","0.6722517557976935","671532.9024539944","0"
"72.25","7760.191230328057","62322.47947735043","7269733.929622705","0.6722517557976935","660182.7274178633","0"
"72.5","7456.108501866926","62419.96997740345","7281105.909717125","0.6722517557976935","649017.3395518515","0"
"72.75","7163.941240821984","62515.81166236159","7292285.560380183","0.6722517557976935","638034.0144648795","0"
"73","6883.222540162816","62610.03141779856","7303276.0177349765","0.6722517557976935","627230.0560553079","0"
"73.25","6613.503788589038","62702.65573114932","7314080.371462893","0.6722517557976935","616602.796765615","0"
"73.5","6354.353953612978","62793.71069592534","7324701.665295295","0.6722517557976935","606149.5978034122","0"
"73.75","6105.358892734726","62883.22201596233","7335142.897509022","0.6722517557976935","595867.8493305272","0"
"74","5866.120691608758","62971.215009695996","7345407.021425131","0.6722517557976935","585754.9706218109","0"
"74.25","5636.257028144465","63057.714614461205","7355496.9459103905","0.6722517557976935","575808.4101952506","0"
"74.5","5415.400561524384","63142.7453908104","7365415.535881005","0.6722517557976935","566025.6459149066","0"
"74.75","5203.198345163711","63226.33152684717","7375165.612808119","0.6722517557976935","556404.1850681175","0"
"75","4999.31126267297","63308.496842571265","7384749.955224641","0.6722517557976935","546941.5644183615","0"
"75.25","4803.413485922461","63389.26479423138","7394171.299232994","0.6722517557976935","537635.3502350989","0"
"75.5","4615.191954342427","63468.65847868236","7403432.339013364","0.6722517557976935","528483.1383018579","0"
"75.75","4434.345874626815","63546.70063774361","7412535.7273320975","0.6722517557976935","519482.55390377884","0"
"76","4260.586240041125","63623.41366255567","7421484.076049881","0.6722517557976935","510631.2517957694","0"
"76.25","4093.6353685661593","63698.819597932044","7430279.956629372","0.6722517557976935","501926.916152377","0"
"76.5","3933.2264591395856","63772.94014670368","7438925.900641969","0.6722517557976935","493367.26050043496","0"
"76.75","3779.1031652861534","63845.79667405347","7447424.400273418","0.6722517557976935","484950.02763549","0"
"77","3631.0191854551913","63917.41021183842","7455777.90882798","0.6722517557976935","476672.989522974","0"
"77.25","3488.7378694107088","63987.80146289723","7463988.841230899","0.6722517557976935","468533.9471850405","0"
"77.5","3352.0318400450856","64056.990805341164","7472059.574528918","0.6722517557976935","460530.7305739433","0"
"77.75","3220.682630011971","64124.9982968262","7479992.448388613","0.6722517557976935","452661.19843279605","0"
"78","3094.4803325977086","64191.84367880463","7487789.765592333","0.6722517557976935","444923.23814451194","0"
"78.25","2973.2232662733472","64257.54638075439","7495453.792531531","0.6722517557976935","437314.7655696877","0"
"78.5","2856.7176523911626","64322.125524384384","7502986.7596973125","0.6722517557976935","429833.7248741591","0"
"78.75","2744.7773055106313","64385.59992781438","7510390.862167999","0.6722517557976935","422478.0883469229","0"
"79","2637.223335858961","64447.988109728016","7517668.260093572","0.6722517557976935","415245.85620908806","0"
"79.25","2533.8838634506947","64509.3082934976","7524821.0791768115","0.6722517557976935","408135.0564144865","0"
"79.5","2434.593743409523","64569.57841127944","7531851.4111510115","0.6722517557976935","401143.74444254563","0"
"79.75","2339.1943020533504","64628.81610807864","7538761.314254117","0.6722517557976935","394270.0030839966","0"
"80","2247.5330833208523","64687.03874578215","7545552.813699179","0.6722517557976935","387511.9422199633","0"
"80.25","2159.4636051342986","64744.26340715931","7552227.902140998","0.6722517557976935","380867.69859495386","0"
"80.5","2074.845125309287","64800.506899828826","7558788.540138859","0.6722517557976935","374335.4355842481","0"
"80.75","1993.5424166372932","64855.785760191335","7565236.656615263","0.6722517557976935","367913.34295615414","0"
"81","1915.4255507816","64910.116257326976","7571574.149310555","0.6722517557976935","361599.63662958186","0"
"81.25","1840.3696906412551","64963.514396857056","7577802.885233387","0.6722517557976935","355392.5584273598","0"
"81.5","1768.2548908512374","65015.99592476936","7583924.701106924","0.6722517557976935","349290.3758257016","0"
"81.75","1698.9659061000134","65067.576331206445","7589941.403810731","0.6722517557976935","343291.38170020777","0"
"82","1632.3920069581634","65118.270854216375","7595854.7708183015","0.6722517557976935","337393.89406876924","0"
"82.25","1568.4268029237526","65168.09448346558","7601666.550630135","0.6722517557976935","331596.2558317201","0"
"82.5","1506.9680724016619","65217.061963913286","7607378.463202358","0.6722517557976935","325896.83450957155","0"
"82.75","1447.9175993451704","65265.18779944719","7612992.200370813","0.6722517557976935","320294.02197863965","0"
"83","1391.1810162987294","65312.486256480166","7618509.426270601","0.6722517557976935","314786.23420486465","0"
"83.25","1336.667653591099","65358.97136750764","7623931.777751042","0.6722517557976935","309371.91097610485","0"
"83.5","1284.2903944378427","65404.656934625375","7629260.86478601","0.6722517557976935","304049.5156331714","0"
"83.75","1233.9655357216263","65449.55653300762","7634498.270879657","0.6722517557976935","298817.534799859","0"
"84","1185.6126542278323","65493.683514345335","7639645.553467462","0.6722517557976935","293674.47811221","0"
"84.25","1139.154478121726","65537.05101024447","7644704.244312637","0.6722517557976935","288618.87794724223","0"
"84.5","1094.5167634617837","65579.67193558413","7649675.849897847","0.6722517557976935","283649.2891513525","0"
"84.75","1051.6281755518391","65621.55899183477","7654561.851812258","0.6722517557976935","278764.28876859957","0"
"85","1010.4201749424411","65662.72467033604","7659363.707133907","0.6722517557976935","273962.4757690596","0"
"85.25","970.826907899242","65703.18125553474","7664082.848807379","0.6722517557976935","269242.47077743255","0"
"85.5","932.7851011633783","65742.94082818256","7668720.686016827","0.6722517557976935","264602.9158020727","0"
"85.75","896.2339608356597","65782.01526849385","7673278.604554314","0.6722517557976935","260042.47396460205","0"
"86","861.1150752229771","65820.41625926347","7677757.9671835","0.6722517557976935","255559.82923025984","0"
"86.25","827.3723214916693","65858.15528894479","7682160.11399868","0.6722517557976935","251153.6861391291","0"
"86.5","794.9517759786728","65895.24365468806","7686486.362779204","0.6722517557976935","246822.76953837508","0"
"86.75","763.8016280171261","65931.69246533915","7690738.009339268","0.6722517557976935","242565.82431562128","0"
"87","733.872097138712","65967.51264439896","7694916.327873128","0.6722517557976935","238381.61513358064","0"
"87.25","705.1153535204239","66002.7149329437","7699022.571295729","0.6722517557976935","234268.92616605264","0"
"87.5","677.4854415486204","66037.30989250609","7703057.971578801","0.6722517557976935","230226.56083538977","0"
"87.75","650.93820637822","66071.30790791786","7707023.7400824195","0.6722517557976935","226253.3415515298","0"
"88","625.431223369669","66104.71919011362","7710921.067882078","0.6722517557976935","222348.10945268412","0"
"88.25","600.9237302909203","66137.5537788966","7714751.126091291","0.6722517557976935","218509.72414776625","0"
"88.5","577.3765621760723","66169.82154566617","7718515.066179764","0.6722517557976935","214737.06346063843","0"
"88.75","554.7520887365711","66201.53219610771","7722214.020287152","0.6722517557976935","211029.02317624888","0"
"89","533.01415422495","66232.695272845","7725849.101532449","0.6722517557976935","207384.516788727","0"
"89.25","512.1280196550067","66263.32015805528","7729421.404319038","0.6722517557976935","203802.47525149834","0"
"89.5","492.0603072860801","66293.41607604761","7732932.0046354355","0.6722517557976935","200281.8467294771","0"
"89.75","472.77894728270707","66322.9920958044","7736381.960351771","0.6722517557976935","196821.5963533881","0"
"90","454.25312646441915","66352.05713348687","7739772.311512028","0.6722517557976935","193420.70597626705","0"
"90.25","436.45323906377575","66380.6199549045","7743104.080622095","0.6722517557976935","190078.17393218286","0"
"90.5","419.3508394139413","66408.68917794869","7746378.272933661","0.6722517557976935","186793.01479722216","0"
"90.75","402.9185964901975","66436.27327499137","7749595.876723992","0.6722517557976935","183564.25915277234","0"
"91","387.13025023274463","66463.38057524846","7752757.863571629","0.6722517557976935","180390.9533511359","0"
"91.25","371.9605695809913","66490.01926710886","7755865.1886280505","0.6722517557976935","177272.15928350523","0"
"91.5","357.3853121522691","66516.19740042904","7758918.79088534","0.6722517557976935","174206.95415032408","0"
"91.75","343.3811855005344","66541.92288879384","7761919.593439893","0.6722517557976935","171194.43023405844","0"
"92","329.92580989314666","66567.20351174362","7764868.503752212","0.6722517557976935","168233.69467439727","0"
"92.25","316.99768254623655","66592.04691696829","7767766.413902831","0.6722517557976935","165323.8692458999","0"
"92.5","304.5761432615094","66616.46062246847","7770614.200844411","0.6722517557976935","162464.09013810506","0"
"92.75","292.64134140956935","66640.45201868414","7773412.726650039","0.6722517557976935","159653.50773811364","0"
"93","281.174204207","66664.02837059126","7776162.838757793","0.6722517557976935","156891.28641565473","0"
"93.25","270.15640623650626","66687.19681976661","7778865.3702116","0.6722517557976935","154176.60431064304","0"
"93.5","259.57034016140807","66709.96438642124","7781521.1398984315","0.6722517557976935","151508.65312323233","0"
"93.75","249.39908858768518","66732.33797140296","7784130.952781887","0.6722517557976935","148886.63790636908","0"
"94","239.62639702860662","66754.32435816815","7786695.600132203","0.6722517557976935","146309.7768608474","0"
"94.25","230.2366479287396","66775.93021472334","7789215.85975273","0.6722517557976935","143777.30113286516","0"
"94.5","221.2148357058266","66797.16209553691","7791692.496202924","0.6722517557976935","141288.45461407932","0"
"94.75","212.54654277064532","66818.0264434212","7794126.261017897","0.6722517557976935","138842.493744157","0"
"95","204.21791648652913","66838.52959138551","7796517.8929245565","0.6722517557976935","136438.6873158171","0"
"95.25","196.21564703172783","66858.67776446028","7798868.118054397","0.6722517557976935","134076.3162823564","0"
"95.5","188.52694612923065","66878.47708149295","7801177.650152972","0.6722517557976935","131754.6735676516","0"
"95.75","181.13952661006016","66897.93355691555","7803447.190786091","0.6722517557976935","129473.06387862923","0"
"96","174.04158277737756","66917.05310248485","7805677.429542791","0.6722517557976935","127230.80352019245","0"
"96.25","167.2217715400195","66935.84152899495","7807869.044235117","0.6722517557976935","125027.22021259395","0"
"96.5","160.66919428531654","66954.30454796311","7810022.701094755","0.6722517557976935","122861.65291124207","0"
"96.75","154.3733794622242","66972.44777328878","7812139.054966567","0.6722517557976935","120733.45162892753","0"
"97","148.3242658469333","66990.27672288651","7814218.7494990565","0.6722517557976935","118641.97726045582","0"
"97.25","142.51218646421646","67007.79682029293","7816262.417331818","0.6722517557976935","116586.6014096708","0"
"97.5","136.92785313881612","67025.01339624815","7818270.680280006","0.6722517557976935","114566.7062188532","0"
"97.75","131.56234165218538","67041.93169025198","7820244.1495158635","0.6722517557976935","112581.68420047789","0"
"98","126.4070774808615","67058.55685209534","7822183.425747357","0.6722517557976935","110630.93807131221","0"
"98.25","121.45382209368042","67074.89394336716","7824089.099393947","0.6722517557976935","108713.88058883781","0"
"98.5","116.69465978593432","67090.9479389371","7825961.750759546","0.6722517557976935","106829.93438997742","0"
"98.75","112.1219850294322","67106.72372841442","7827801.950202695","0.6722517557976935","104978.5318321075","0"
"99","107.72849031824755","67122.22611758352","7829610.258304007","0.6722517557976935","103159.11483633732","0"
"99.25","103.50715449073002","67137.45982981613","7831387.226030905","0.6722517557976935","101371.13473303459","0"
"99.5","99.45123150911834","67152.42950746087","7833133.394899699","0.6722517557976935","99614.0521095771","0"
"99.75","95.55423967882373","67167.1397132102","7834849.297135048","0.6722517557976935","97887.3366603098","0"
"100","91.8099512901551","67181.5949314453","7836535.4558268245","0.6722517557976935","96190.46703868614","0"
"100.25","88.21238266593272","67195.79956955908","7838192.385084449","0.6722517557976935","94522.93071157223","0"
"100.5","84.75578459908583","67209.75795925762","7839820.590188698","0.6722517557976935","92884.22381569237","0"
"100.75","81.43463316495237","67223.47435784055","7841420.567741048","0.6722517557976935","91273.8510161937","0"
"101","78.24362089359845","67236.95294946038","7842992.805810585","0.6722517557976935","89691.32536730812","0"
"101.25","75.17764828804992","67250.19784636139","7844537.784078509","0.6722517557976935","88136.16817508898","0"
"101.5","72.23181567488183","67263.21309009816","7846055.973980274","0.6722517557976935","86607.90886220026","0"
"101.75","69.40141537414195","67276.00265273417","7847547.838845404","0.6722517557976935","85106.08483473519","0"
"102","66.68192417609563","67288.57043802075","7849013.834035008","0.6722517557976935","83630.24135104207","0"
"102.25","64.068996112769","67300.9202825566","7850454.407077043","0.6722517557976935","82179.93139253414","0"
"102.5","61.55845551273887","67313.05595692832","7851869.997799345","0.6722517557976935","80754.71553646056","0"
"102.75","59.146290328070414","67324.98116683208","7853261.038460471","0.6722517557976935","79354.16183061567","0"
"103","56.8286457227385","67336.69955417677","7854627.953878383","0.6722517557976935","77977.8456699636","0"
"103.25","54.601817912286364","67348.21469816903","7855971.16155701","0.6722517557976935","76625.34967515481","0"
"103.5","52.462248244877024","67359.53011638027","7857291.071810709","0.6722517557976935","75296.26357291196","0"
"103.75","50.40651751427839","67370.649265796","7858588.087886674","0.6722517557976935","73990.18407826188","0"
"104","48.43134049569382","67381.57554384787","7859862.606085313","0.6722517557976935","72706.71477859071","0"
"104.25","46.533560695705816","67392.31228942845","7861115.015878623","0.6722517557976935","71445.46601949926","0"
"104.5","44.71014530794305","67402.86278388929","7862345.700026614","0.6722517557976935","70206.05479243567","0"
"104.75","42.95818036640923","67413.23025202229","7863555.034691775","0.6722517557976935","68988.10462408263","0"
"105","41.274866088728615","67423.4178630248","7864743.389551656","0.6722517557976935","67791.2454674763","0"
"105.25","39.65751240186621","67433.4287314486","7865911.127909562","0.6722517557976935","66615.11359483452","0"
"105.5","38.10353464317239","67443.26591813304","7867058.606803399","0.6722517557976935","65459.35149207142","0"
"105.75","36.61044942988193","67452.93243112267","7868186.177112717","0.6722517557976935","64323.607754976314","0"
"106","35.175870690466496","67462.43122656946","7869294.183663952","0.6722517557976935","63207.536987034415","0"
"106.25","33.79750585149837","67471.76520962002","7870382.965333908","0.6722517557976935","62110.799698867224","0"
"106.5","32.47315217393182","67480.93723528786","7871452.8551515145","0.6722517557976935","61033.06220927052","0"
"106.75","31.20069323294703","67489.95010931112","7872504.180397875","0.6722517557976935","59973.99654782807","0"
"107","29.97809553573124","67498.80658899591","7873537.262704636","0.6722517557976935","58933.280359079356","0"
"107.25","28.803405271791927","67507.50938404546","7874552.41815071","0.6722517557976935","57910.59680821961","0"
"107.5","27.674745190608856","67516.06115737538","7875549.95735737","0.6722517557976935","56905.634488310876","0"
"107.75","26.590311601635154","67524.46452591519","7876530.185581747","0.6722517557976935","55918.0873289827","0"
"108","25.548371491853214","67532.72206139636","7877493.4028087575","0.6722517557976935","54947.65450660147","0"
"108.25","24.54725975627903","67540.83629112718","7878439.903841476","0.6722517557976935","53994.0403558874","0"
"108.5","23.5853765369891","67548.80969875444","7879369.978389997","0.6722517557976935","53056.95428295854","0"
"108.75","22.661184666417427","67556.64472501235","7880283.911158787","0.6722517557976935","52136.110679781195","0"
"109","21.773207210836805","67564.3437684588","7881181.981932571","0.6722517557976935","51231.228840006384","0"
"109.25","20.920025110098685","67571.90918619925","7882064.465660766","0.6722517557976935","50342.032876172336","0"
"109.5","20.100274909859706","67579.34329459826","7882931.632540487","0.6722517557976935","49468.251638252834","0"
"109.75","19.312646582670848","67586.64836997917","7883783.748098154","0.6722517557976935","48609.618633531856","0"
"110","18.55588143444707","67593.82664931178","7884621.073269716","0.6722517557976935","47765.871947784806","0"
"110.25","17.828770092971872","67600.88033088851","7885443.8644795185","0.6722517557976935","46936.75416774711","0"
"110.5","17.130150575222192","67607.81157498903","7886252.373717832","0.6722517557976935","46122.01230485091","0"
"110.75","16.458906430425085","67614.6225045337","7887046.848617072","0.6722517557976935","45321.397720210945","0"
"111","15.813964955878648","67621.31520572588","7887827.532526725","0.6722517557976935","44534.66605084096","0"
"111.25","15.194295482685911","67627.89172868336","7888594.664586999","0.6722517557976935","43761.57713708203","0"
"111.5","14.59890772866217","67634.35408805906","7889348.479801236","0.6722517557976935","43001.89495122448","0"
"111.75","14.026850215783558","67640.70426365123","7890089.209107076","0.6722517557976935","42255.38752730538","0"
"112","13.477208749647838","67646.94420100325","7890817.079446431","0.6722517557976935","41521.82689206364","0"
"112.25","12.949104958517436","67653.07581199321","7891532.313834261","0.6722517557976935","40800.98899703504","0"
"112.5","12.441694889610012","67659.10097541356","7892235.131426175","0.6722517557976935","40092.65365176978","0"
"112.75","11.954167660393319","67665.02153754073","7892925.7475848915","0.6722517557976935","39396.60445815518","0"
"113","11.485744162729004","67670.83931269524","7893604.373945563","0.6722517557976935","38712.62874582667","0"
"113.25","11.035675817794482","67676.55608379218","7894271.218479988","0.6722517557976935","38040.517508649944","0"
"113.5","10.603243379793131","67682.17360288223","7894926.485559728","0.6722517557976935","37380.06534225803","0"
"113.75","10.187755786541048","67687.69359168365","7895570.376018152","0.6722517557976935","36731.07038262651","0"
"114","9.788549055093515","67693.117742105","7896203.087211417","0.6722517557976935","36093.33424567091","0"
"114.25","9.404985220646278","67698.44771675907","7896824.813078418","0.6722517557976935","35466.66196785019","0"
"114.5","9.036451317015938","67703.68514946802","7897435.7441997025","0.6722517557976935","34850.86194776059","0"
"114.75","8.682358397070173","67708.83164575981","7898036.067855387","0.6722517557976935","34245.74588870416","0"
"115","8.342140591542345","67713.8887833563","7898625.968082083","0.6722517557976935","33651.12874221669","0"
"115.25","8.015254204726421","67718.85811265284","7899205.62572885","0.6722517557976935","33066.82865253998","0"
"115.5","7.701176845607048","67723.74115718978","7899775.21851219","0.6722517557976935","32492.666902023146","0"
"115.75","7.399406593036239","67728.5394141159","7900334.921070101","0.6722517557976935","31928.467857438623","0"
"116","7.109461193622593","67733.25435464384","7900884.9050152125","0.6722517557976935","31374.058917198032","0"
"116.25","6.830877291051175","67737.88742449784","7901425.338987006","0.6722517557976935","30829.27045945366","0"
"116.5","6.5632096856024615","67742.44004435373","7901956.388703138","0.6722517557976935","30293.935791071377","0"
"116.75","6.306030622687005","67746.91361027145","7902478.217009893","0.6722517557976935","29767.891097461055","0"
"117","6.05892910925883","67751.30949412011","7902990.983931768","0.6722517557976935","29250.9753932507","0"
"117.25","5.821510257015146","67755.62904399577","7903494.846720205","0.6722517557976935","28743.030473790735","0"
"117.5","5.593394651332734","67759.87358463209","7903989.959901489","0.6722517557976935","28243.900867475106","0"
"117.75","5.374217744932549","67764.04441780398","7904476.475323833","0.6722517557976935","27753.433788865954","0"
"118","5.16362927530353","67768.14282272416","7904954.542203639","0.6722517557976935","27271.479092608934","0"
"118.25","4.961292704954646","67772.17005643311","7905424.3071709825","0.6722517557976935","26797.88922812631","0"
"118.5","4.766884683600624","67776.12735418223","7905885.914314305","0.6722517557976935","26332.51919507528","0"
"118.75","4.580094531421916","67780.01592981041","7906339.505224345","0.6722517557976935","25875.226499559023","0"
"119","4.400623742573095","67783.83697611421","7906785.219037311","0.6722517557976935","25425.871111078257","0"
"119.25","4.228185508146249","67787.59166521157","7907223.192477316","0.6722517557976935","24984.315420211256","0"
"119.5","4.062504257827039","67791.2811488994","7907653.559898079","0.6722517557976935","24550.424197010376","0"
"119.75","3.9033152195109326","67794.90655900494","7908076.453323919","0.6722517557976935","24124.064550103412","0"
"120","3.7503639961758646","67798.46900773107","7908492.0024900315","0.6722517557976935","23705.105886488258","0"
"120.25","3.6034061593351177","67801.96958799574","7908900.334882082","0.6722517557976935","23293.419872009457","0"
"120.5","3.462206858420732","67805.40937376558","7909301.575775118","0.6722517557976935","22888.88039250548","0"
"120.75","3.3265404454732113","67808.78942038365","7909695.848271802","0.6722517557976935","22491.363515615696","0"
"121","3.1961901145377407","67812.11076489168","7910083.2733400045","0.6722517557976935","22100.74745323614","0"
"121.25","3.0709475551906507","67815.37442634672","7910463.969849732","0.6722517557976935","21716.912524613486","0"
"121.5","2.9506126196424276","67818.58140613232","7910838.054609429","0.6722517557976935","21339.741120066523","0"
"121.75","2.834993002885279","67821.73268826437","7911205.642401655","0.6722517557976935","20969.11766532493","0"
"122","2.7239039353741004","67824.82923969167","7911566.846018145","0.6722517557976935","20604.928586475053","0"
"122.25","2.6171678877497233","67827.87201059134","7911921.776294265","0.6722517557976935","20247.062275502605","0"
"122.5","2.514614287132571","67830.86193465913","7912270.542142878","0.6722517557976935","19895.409056422493","0"
"122.75","2.416079244533332","67833.7999293947","7912613.250587622","0.6722517557976935","19549.861151985897","0"
"123","2.3214052929450353","67836.68689638206","7912950.006795617","0.6722517557976935","19210.312650955104","0"
"123.25","2.2304411356979728","67839.52372156506","7913280.91410961","0.6722517557976935","18876.65947593662","0"
"123.5","2.143041404675325","67842.31127551824","7913606.074079561","0.6722517557976935","18548.799351763253","0"
"123.75","2.0590664280030944","67845.05041371299","7913925.5864936905","0.6722517557976935","18226.631774416033","0"
"124","1.9783820068430984","67847.74197677906","7914239.549408984","0.6722517557976935","17910.05798047694","0"
"124.25","1.9008592009323186","67850.38679076158","7914548.059181181","0.6722517557976935","17598.980917103614","0"
"124.5","1.8263741225258798","67852.98566737372","7914851.210494233","0.6722517557976935","17293.305212517258","0"
"124.75","1.754807738414364","67855.53940424492","7915149.0963892685","0.6722517557976935","16992.93714699523","0"
"125","1.6860456796990677","67858.04878516482","7915441.808293043","0.6722517557976935","16697.7846243598","0"
"125.25","1.6199780590212045","67860.51458032304","7915729.43604591","0.6722517557976935","16407.75714395477","0"
"125.5","1.5564992949529755","67862.93754654478","7916012.067929305","0.6722517557976935","16122.765773101833","0"
"125.75","1.4955079432698652","67865.31842752239","7916289.790692752","0.6722517557976935","15842.723120028537","0"
"126","1.4369065348345258","67867.6579540429","7916562.689580409","0.6722517557976935","15567.543307259963","0"
"126.25","1.3806014198331729","67869.95684421161","7916830.8483571485","0.6722517557976935","15297.141945466348","0"
"126.5","1.3265026181155721","67872.21580367195","7917094.349334197","0.6722517557976935","15031.436107758924","0"
"126.75","1.2745236753994447","67874.43552582129","7917353.273394323","0.6722517557976935","14770.344304426468","0"
"127","1.2245815251094978","67876.6166920233","7917607.700016593","0.6722517557976935","14513.786458105138","0"
"127.25","1.1765963556302854","67878.75997181644","7917857.7073007","0.6722517557976935","14261.68387937425","0"
"127.5","1.1304914827607602","67880.86602311899","7918103.371990874","0.6722517557976935","14013.959242770849","0"
"127.75","1.0861932271666865","67882.93549243038","7918344.769499374","0.6722517557976935","13770.536563215968","0"
"128","1.0436307966350766","67884.96901502919","7918581.973929576","0.6722517557976935","13531.341172845667","0"
"128.25","1.0027361729424795","67886.96721516764","7918815.058098666","0.6722517557976935","13296.299698239935","0"
"128.5","0.9634440031563322","67888.93070626275","7919044.0935599385","0.6722517557976935","13065.3400380428","0"
"128.75","0.9256914951956609","67890.8600910842","7919269.150624701","0.6722517557976935","12838.391340966973","0"
"129","0.8894183174842322","67892.75596193894","7919490.298383814","0.6722517557976935","12615.383984176531","0"
"129.25","0.8545665025357905","67894.61890085251","7919707.604728851","0.6722517557976935","12396.249552041227","0"
"129.5","0.8210803543173034","67896.44947974745","7919921.136372888","0.6722517557976935","12180.920815256137","0"
"129.75","0.788906359242174","67898.24826061836","7920130.958870948","0.6722517557976935","11969.331710320426","0"
"130","0.7579931006511798","67900.01579570415","7920337.136640073","0.6722517557976935","11761.417319369142","0"
"130.25","0.7282911766444721","67901.75262765714","7920539.732979061","0.6722517557976935","11557.113850352058","0"
"130.5","0.6997531211333251","67903.4592897094","7920738.810087862","0.6722517557976935","11356.358617553642","0"
"130.75","0.6723333279854675","67905.13630583603","7920934.429086634","0.6722517557976935","11159.090022448361","0"
"131","0.6459879781427768","67906.78419091579","7921126.650034467","0.6722517557976935","10965.247534885619","0"
"131.25","0.6206749695948623","67908.4034508888","7921315.531947789","0.6722517557976935","10774.771674598725","0"
"131.5","0.5963538500966311","67909.99458291163","7921501.132818452","0.6722517557976935","10587.603993032353","0"
"131.75","0.5729857525223118","67911.55807550963","7921683.509631501","0.6722517557976935","10403.687055483084","0"
"132","0.5505333327526287","67913.09440872665","7921862.718382639","0.6722517557976935","10222.964423547692","0"
"132.25","0.5289607099958643","67914.60405427217","7922038.81409539","0.6722517557976935","10045.380637873928","0"
"132.5","0.508233409447437","67916.08747566589","7922211.850837962","0.6722517557976935","9870.881201208633","0"
"132.75","0.4883183071963619","67917.54512837976","7922381.88173982","0.6722517557976935","9699.412561738114","0"
"133","0.4691835772905483","67918.97745997766","7922548.959007975","0.6722517557976935","9530.922096715794","0"
"133.25","0.45079864087634186","67920.38491025254","7922713.133942979","0.6722517557976935","9365.358096372227","0"
"133.5","0.4331341173310307","67921.76791136128","7922874.456954664","0.6722517557976935","9202.66974810265","0"
"133.75","0.4161617773102223","67923.12688795716","7923032.977577583","0.6722517557976935","9042.807120927337","0"
"134","0.39985449763505687","67924.46225732005","7923188.744486207","0.6722517557976935","8885.721150220088","0"
"134.25","0.3841862179471628","67925.77442948434","7923341.805509842","0.6722517557976935","8731.36362270026","0"
"134.5","0.3691318990620859","67927.0638073647","7923492.207647297","0.6722517557976935","8579.687161683838","0"
"134.75","0.35466748295463735","67928.33078687954","7923639.997081293","0.6722517557976935","8430.645212589108","0"
"135","0.34076985431221424","67929.5757570725","7923785.219192625","0.6722517557976935","8284.192028692574","0"
"135.25","0.327416803594651","67930.7991002317","7923927.918574078","0.6722517557976935","8140.282657130842","0"
"135.5","0.31458699154156905","67932.00119200698","7924068.139044101","0.6722517557976935","7998.872925144236","0"
"135.75","0.3022599150705044","67933.18240152512","7924205.923660246","0.6722517557976935","7859.91942655802","0"
"136","0.2904158745113154","67934.34309150297","7924341.314732369","0.6722517557976935","7723.379508497155","0"
"136.25","0.2790359421245084","67935.48361835882","7924474.353835613","0.6722517557976935","7589.211258330565","0"
"136.5","0.2681019318531718","67936.60433232157","7924605.08182315","0.6722517557976935","7457.373490841001","0"
"136.75","0.2575963702601792","67937.70557753825","7924733.538838719","0.6722517557976935","7327.825735616614","0"
"137","0.24750246860421604","67938.78769217954","7924859.764328935","0.6722517557976935","7200.528224660441","0"
"137.25","0.23780409601000696","67939.8510085435","7924983.797055391","0.6722517557976935","7075.441880214056","0"
"137.5","0.22848575368986562","67940.89585315749","7925105.675106541","0.6722517557976935","6952.528302791713","0"
"137.75","0.21953255017537246","67941.92254687837","7925225.435909394","0.6722517557976935","6831.749759421362","0"
"138","0.21093017751959767","67942.93140499086","7925343.116240987","0.6722517557976935","6713.06917208899","0"
"138.25","0.20266488843183914","67943.92273730431","7925458.752239669","0.6722517557976935","6596.4501063827865","0"
"138.5","0.19472347430833448","67944.89684824775","7925572.379416188","0.6722517557976935","6481.856760333693","0"
"138.75","0.1870932441238386","67945.85403696322","7925684.032664588","0.6722517557976935","6369.253953448976","0"
"139","0.17976200415033394","67946.79459739763","7925793.746272907","0.6722517557976935","6258.607115935492","0"
"139.25","0.1727180384704619","67947.71881839287","7925901.553933703","0.6722517557976935","6149.882278109382","0"
"139.5","0.16595009025453472","67948.62698377445","7926007.488754391","0.6722517557976935","6043.046059988986","0"
"139.75","0.15944734377120656","67949.51937243862","7926111.583267394","0.6722517557976935","5938.065661067835","0"
"140","0.15319940710305582","67950.3962584379","7926213.869440135","0.6722517557976935","5834.908850264617","0"
"140.25","0.14719629553945646","67951.2579110652","7926314.378684836","0.6722517557976935","5733.543956047053","0"
"140.5","0.14142841562019876","67952.1045949364","7926413.141868166","0.6722517557976935","5633.939856726712","0"
"140.75","0.13588654980436024","67952.9365700716","7926510.189320701","0.6722517557976935","5536.065970921806","0"
"141","0.13056184173992608","67953.75409197489","7926605.550846242","0.6722517557976935","5439.892248185085","0"
"141.25","0.12544578211061863","67954.55741171271","7926699.255730955","0.6722517557976935","5345.3891597939655","0"
"141.5","0.12053019503731853","67955.346775991","7926791.332752357","0.6722517557976935","5252.527689700114","0"
"141.75","0.11580722501234524","67956.12242723079","7926881.810188152","0.6722517557976935","5161.279325635738","0"
"142","0.11126932434571729","67956.88460364267","7926970.715824903","0.6722517557976935","5071.6160503738665","0"
"142.25","0.10690924110333025","67957.63353929986","7927058.076966563","0.6722517557976935","4983.5103331399805","0"
"142.5","0.10272000751777656","67958.36946421007","7927143.920442854","0.6722517557976935","4896.935121172385","0"
"142.75","0.09869492885328689","67959.09260438607","7927228.2726175","0.6722517557976935","4811.8638314287355","0"
"143","0.09482757270699821","67959.80318191503","7927311.15939632","0.6722517557976935","4728.270342436224","0"
"143.25","0.09111175872945125","67960.50141502675","7927392.606235175","0.6722517557976935","4646.12898628293","0"
"143.5","0.08754154874788968","67961.18751816059","7927472.638147786","0.6722517557976935","4565.414540747898","0"
"143.75","0.08411123727657739","67961.86170203127","7927551.279713407","0.6722517557976935","4486.102221567572","0"
"144","0.08081534239896856","67962.52417369359","7927628.555084371","0.6722517557976935","4408.16767483619","0"
"144.25","0.07764859700715945","67963.17513660596","7927704.487993502","0.6722517557976935","4331.586969537868","0"
"144.5","0.07460594038462186","67963.81479069285","7927779.101761402","0.6722517557976935","4256.336590208079","0"
"144.75","0.07168251011876677","67964.44333240614","7927852.419303604","0.6722517557976935","4182.3934297222895","0"
"145","0.06887363433041384","67965.06095478544","7927924.463137614","0.6722517557976935","4109.7347822095735","0"
"145.25","0.06617482420774871","67965.66784751735","7927995.255389812","0.6722517557976935","4038.3383360890225","0"
"145.5","0.06358176683283694","67966.26419699367","7928064.817802256","0.6722517557976935","3968.182167226852","0"
"145.75","0.06109031828923047","67966.85018636861","7928133.1717393445","0.6722517557976935","3899.2447322121075","0"
"146","0.058696497039652476","67967.42599561503","7928200.338194382","0.6722517557976935","3831.5048617489215","0"
"146.25","0.05639647756317707","67967.99180157967","7928266.337796023","0.6722517557976935","3764.941754163309","0"
"146.5","0.05418658424173596","67968.54777803746","7928331.190814599","0.6722517557976935","3699.5349690225216","0"
"146.75","0.05206328548618204","67969.09409574485","7928394.917168348","0.6722517557976935","3635.2644208650136","0"
"147","0.05002318809252287","67969.6309224922","7928457.536429524","0.6722517557976935","3572.110373039109","0"
"147.25","0.04806303181930489","67970.15842315534","7928519.067830408","0.6722517557976935","3510.05343164849","0"
"147.5","0.0461796841774826","67970.67675974619","7928579.53026921","0.6722517557976935","3449.0745396026555","0"
"147.75","0.04437013542444645","67971.18609146243","7928638.942315875","0.6722517557976935","3389.1549707705426","0"
"148","0.04263149375420952","67971.68657473644","7928697.322217777","0.6722517557976935","3330.276324235518","0"
"148.25","0.040960980676066516","67972.17836328327","7928754.687905329","0.6722517557976935","3272.420518649995","0"
"148.5","0.03935592657433977","67972.6616081479","7928811.056997481","0.6722517557976935","3215.5697866879395","0"
"148.75","0.037813766442116425","67973.13645775156","7928866.446807131","0.6722517557976935","3159.7066695935905","0"
"149","0.036332035782158885","67973.6030579373","7928920.874346445","0.6722517557976935","3104.8140118247093","0"
"149.25","0.034908366668437926","67974.0615520148","7928974.356332073","0.6722517557976935","3050.8749557887377","0"
"149.5","0.03354048396199443","67974.51208080431","7929026.909190285","0.6722517557976935","2997.8729366702496","0"
"149.75","0.03222620167508242","67974.95478267995","7929078.549062014","0.6722517557976935","2945.7916773481193","0"
"150","0.030963419477782955","67975.38979361215","7929129.291807811","0.6722517557976935","2894.6151834008497","0"
"150.25","0.029750119341506193","67975.81724720942","7929179.153012716","0.6722517557976935","2844.327738198539","0"
"150.5","0.028584362314017706","67976.23727475936","7929228.147991042","0.6722517557976935","2794.913898079984","0"
"150.75","0.027464285420835195","67976.65000526898","7929276.291791076","0.6722517557976935","2746.3584876134446","0"
"151","0.026388098688043846","67977.0555655043","7929323.599199701","0.6722517557976935","2698.6465949396243","0"
"151.25","0.025354082281772536","67977.45408002926","7929370.084746936","0.6722517557976935","2651.7635671954395","0"
"151.5","0.024360583759759507","67977.84567124401","7929415.762710398","0.6722517557976935","2605.6950060171816","0"
"151.75","0.023406015430615327","67978.23045942246","7929460.647119683","0.6722517557976935","2560.4267631216962","0"
"152","0.022488851816563002","67978.60856274918","7929504.751760677","0.6722517557976935","2515.9449359642244","0"
"152.25","0.021607627215600504","67978.98009735579","7929548.090179788","0.6722517557976935","2472.2358634715874","0"
"152.5","0.020760933359189826","67979.34517735647","7929590.675688104","0.6722517557976935","2429.2861218493986","0"
"152.75","0.01994741716172941","67979.70391488315","7929632.5213654805","0.6722517557976935","2387.082520462028","0"
"153","0.019165778558213366","67980.05642011984","7929673.640064561","0.6722517557976935","2345.612097784057","0"
"153.25","0.018414768426621934","67980.4028013365","7929714.044414717","0.6722517557976935","2304.8621174219847","0"
"153.5","0.017693186591722955","67980.74316492229","7929753.74682593","0.6722517557976935","2264.8200642049665","0"
"153.75","0.016999879907094312","67981.07761541821","7929792.759492602","0.6722517557976935","2225.4736403433926","0"
"154","0.016333740412302216","67981.40625554926","7929831.0943973","0.6722517557976935","2186.810761654128","0"
"154.25","0.015693703562290374","67981.72918625589","7929868.763314433","0.6722517557976935","2148.819553851261","0"
"154.5","0.01507874652615047","67982.0465067251","7929905.777813871","0.6722517557976935","2111.488348901222","0"
"154.75","0.014487886552555231","67982.35831442082","7929942.149264496","0.6722517557976935","2074.8056814411602","0"
"155","0.013920179399241938","67982.66470511389","7929977.888837691","0.6722517557976935","2038.7602852594816","0"
"155.25","0.013374717824036533","67982.9657729114","7930013.007510778","0.6722517557976935","2003.3410898374661","0"
"155.5","0.012850630135006888","67983.26161028568","7930047.516070377","0.6722517557976935","1968.5372169509114","0"
"155.75","0.012347078797428248","67983.55230810265","7930081.425115732","0.6722517557976935","1934.33797733076","0"
"156","0.011863259095334665","67983.83795564968","7930114.745061954","0.6722517557976935","1900.7328673816858","0"
"156.25","0.011398397845517477","67984.1186406631","7930147.486143226","0.6722517557976935","1867.7115659576389","0"
"156.5","0.010951752161915695","67984.39444935508","7930179.658415943","0.6722517557976935","1835.2639311933563","0"
"156.75","0.010522608268423701","67984.66546644013","7930211.271761805","0.6722517557976935","1803.3799973908747","0"
"157","0.010110280358219011","67984.93177516108","7930242.335890843","0.6722517557976935","1772.0499719600832","0"
"157.25","0.009714109497787232","67985.19345731469","7930272.860344407","0.6722517557976935","1741.2642324123876","0"
"157.5","0.009333462573892748","67985.45059327674","7930302.854498098","0.6722517557976935","1711.01332340656","0"
"157.75","0.008967731281812311","67985.70326202671","7930332.32756464","0.6722517557976935","1681.2879538458685","0"
"158","0.00861633115321465","67985.9515411721","7930361.288596715","0.6722517557976935","1652.0789940256034","0"
"158.25","0.008278700622132571","67986.19550697212","7930389.746489741","0.6722517557976935","1623.3774728301162","0"
"158.5","0.0079543001275349","67986.43523436126","7930417.709984604","0.6722517557976935","1595.1745749785239","0"
"158.75","0.007642611251064097","67986.67079697222","7930445.187670343","0.6722517557976935","1567.4616383182254","0"
"159","0.007343135888561585","67986.90226715856","7930472.187986785","0.6722517557976935","1540.2301511654048","0"
"159.25","0.007055395454056821","67987.12971601688","7930498.719227141","0.6722517557976935","1513.4717496917078","0"
"159.5","0.006778930114948011","67987.35321340869","7930524.78954055","0.6722517557976935","1487.1782153562876","0"
"159.75","0.006513298057152243","67987.57282798183","7930550.406934583","0.6722517557976935","1461.3414723824335","0"
"160","0.006258074779050666","67987.7886271916","7930575.579277701","0.6722517557976935","1435.9535852780114","0"
"160.25","0.0060128524131004045","67988.00067732147","7930600.314301672","0.6722517557976935","1411.0067563989526","0"
"160.5","0.005777239074029072","67988.20904350336","7930624.619603948","0.6722517557976935","1386.493323555048","0"
"160.75","0.005550858232570253","67988.41378973772","7930648.502649992","0.6722517557976935","1362.4057576573096","0"
"161","0.00533334811373913","67988.61497891319","7930671.970775577","0.6722517557976935","1338.7366604061826","0"
"161.25","0.005124361118686656","67988.81267282586","7930695.0311890375","0.6722517557976935","1315.4787620198942","0"
"161.5","0.0049235632692083385","67989.0069321983","7930717.69097348","0.6722517557976935","1292.6249190022486","0"
"161.75","0.004730633674019924","67989.19781669816","7930739.957088963","0.6722517557976935","1270.168111949178","0"
"162","0.0045452640159470425","67989.38538495652","7930761.83637463","0.6722517557976935","1248.1014433933813","0"
"162.25","0.004367158059209306","67989.56969458592","7930783.335550814","0.6722517557976935","1226.4181356863885","0"
"162.5","0.00419603117601145","67989.75080219803","7930804.461221098","0.6722517557976935","1205.1115289174","0"
"162.75","0.004031609891684982","67989.92876342103","7930825.219874346","0.6722517557976935","1184.1750788682639","0"
"163","0.003873631447653439","67990.1036329167","7930845.617886693","0.6722517557976935","1163.6023550039654","0"
"163.25","0.0037218433815228184","67990.2754643972","7930865.661523507","0.6722517557976935","1143.3870384980087","0"
"163.5","0.003576003123626156","67990.44431064159","7930885.356941309","0.6722517557976935","1123.5229202920884","0"
"163.75","0.0034358776093774824","67990.61022351202","7930904.710189667","0.6722517557976935","1104.0038991894564","0"
"164","0.003301242906815669","67990.77325396969","7930923.727213052","0.6722517557976935","1084.8239799813957","0"
"164.25","0.0031718838587429547","67990.93345209042","7930942.413852666","0.6722517557976935","1065.9772716062291","0"
"164.5","0.003047593738886256","67991.09086708014","7930960.775848232","0.6722517557976935","1047.457985340299","0"
"164.75","0.002928173921531779","67991.24554728993","7930978.818839762","0.6722517557976935","1029.2604330203612","0"
"165","0.002813433564104985","67991.39754023087","7930996.548369286","0.6722517557976935","1011.3790252968486","0"
"165.25","0.0027031893021886456","67991.54689258867","7931013.969882552","0.6722517557976935","993.8082699174682","0"
"165.5","0.0025972649564915983","67991.69365023798","7931031.088730703","0.6722517557976935","976.542770040607","0"
"165.75","0.0024954912512999213","67991.83785825649","7931047.91017192","0.6722517557976935","959.5772225780265","0"
"166","0.0023977055439605827","67991.97956093877","7931064.439373036","0.6722517557976935","942.9064165663394","0"
"166.25","0.0023037515649652622","67992.11880180988","7931080.681411118","0.6722517557976935","926.5252315667684","0"
"166.5","0.0022134791682189743","67992.25562363872","7931096.641275036","0.6722517557976935","910.4286360926959","0"
"166.75","0.002126744091094406","67992.3900684512","7931112.323866987","0.6722517557976935","894.6116860645227","0"
"167","0.0020434077238885126","67992.52217754314","7931127.734004004","0.6722517557976935","879.0695232913603","0"
"167.25","0.001963336888312944","67992.6519914929","7931142.876419437","0.6722517557976935","863.7973739790937","0"
"167.5","0.0018864036246643177","67992.7795501739","7931157.755764404","0.6722517557976935","848.7905472643537","0"
"167.75","0.0018124849873342112","67992.90489276688","7931172.37660922","0.6722517557976935","834.0444337739508","0"
"168","0.001741462848332087","67993.02805777187","7931186.743444802","0.6722517557976935","819.554504209329","0"
"168.25","0.001673223708507162","67993.14908302005","7931200.8606840465","0.6722517557976935","805.3163079556036","0"
"168.5","0.0016076585161675396","67993.2680056854","7931214.732663187","0.6722517557976935","791.325471714757","0"
"168.75","0.0015446624928067425","67993.38486229606","7931228.363643125","0.6722517557976935","777.577698162574","0"
"169","0.001484134965659143","67993.49968874558","7931241.757810736","0.6722517557976935","764.068764628903","0"
"169.25","0.0014259792068167","67993.61252030394","7931254.919280161","0.6722517557976935","750.794521800838","0"
"169.5","0.0013701022786499013","67993.72339162839","7931267.852094066","0.6722517557976935","737.7508924484257","0"
"169.75","0.001316414885285877","67993.83233677408","7931280.560224884","0.6722517557976935","724.9338701725038","0"
"170","0.0012648312299063365","67993.93938920453","7931293.047576035","0.6722517557976935","712.339518174288","0"
"170.25","0.0012152688776372795","67994.0445818019","7931305.317983128","0.6722517557976935","699.9639680463295","0"
"170.5","0.0011676486238113672","67994.1479468771","7931317.375215135","0.6722517557976935","687.8034185844718","0"
"170.75","0.0011218943673924264","67994.2495161797","7931329.22297555","0.6722517557976935","675.8541346204436","0"
"171","0.0010779329893598078","67994.34932090771","7931340.864903529","0.6722517557976935","664.1124458747257","0"
"171.25","0.0010356942358582478","67994.44739171713","7931352.304575004","0.6722517557976935","652.5747458293457","0"
"171.5","0.0009951106059264982","67994.54375873136","7931363.545503782","0.6722517557976935","641.2374906202491","0"
"171.75","0.0009561172436253031","67994.63845155052","7931374.591142627","0.6722517557976935","630.0971979489094","0"
"172","0.0009186518343923367","67994.73149926044","7931385.444884319","0.6722517557976935","619.1504460128435","0"
"172.25","0.0008826545054584677","67994.82293044166","7931396.110062693","0.6722517557976935","608.3938724547027","0"
"172.5","0.000848067730166208","67994.9127731782","7931406.589953668","0.6722517557976935","597.8241733296172","0"
"172.75","0.0008148362360374381","67995.00105506621","7931416.887776251","0.6722517557976935","587.4381020904788","0"
"173","0.0007829069164434945","67995.08780322236","7931427.006693523","0.6722517557976935","577.2324685908463","0"
"173.25","0.000752228745736461","67995.17304429224","7931436.949813617","0.6722517557976935","567.2041381051733","0"
"173.5","0.0007227526977060354","67995.25680445856","7931446.720190667","0.6722517557976935","557.3500303660516","0"
"173.75","0.000694431667231661","67995.33910944915","7931456.320825745","0.6722517557976935","547.6671186181791","0"
"174","0.0006672203950047151","67995.41998454485","7931465.754667791","0.6722517557976935","538.1524286887602","0"
"174.25","0.0006410753952004551","67995.4994545873","7931475.024614508","0.6722517557976935","528.8030380740526","0"
"174.5","0.0006159548859841364","67995.5775439866","7931484.133513262","0.6722517557976935","519.6160750417812","0"
"174.75","0.0005918187227402439","67995.65427672875","7931493.084161948","0.6722517557976935","510.5887177491435","0"
"175","0.000568628333918134","67995.72967638304","7931501.879309857","0.6722517557976935","501.7181933761351","0"
"175.25","0.0005463466593915614","67995.8037661093","7931510.521658515","0.6722517557976935","493.00177727392963","0"
"175.5","0.0005249380912335849","67995.87656866501","7931519.013862513","0.6722517557976935","484.4367921280515","0"
"175.75","0.0005043684168122062","67995.9481064123","7931527.358530328","0.6722517557976935","476.02060713608495","0"
"176","0.00048460476411580315","67996.01840132475","7931535.558225116","0.6722517557976935","467.75063719966664","0"
"176.25","0.00046561554922098326","67996.08747499424","7931543.615465505","0.6722517557976935","459.62434213051347","0"
"176.5","0.0004473704258189071","67996.15534863753","7931551.532726367","0.6722517557976935","451.6392258702422","0"
"176.75","0.0004298402367194201","67996.22204310278","7931559.312439579","0.6722517557976935","443.7928357237419","0"
"177","0.000412996967255493","67996.28757887596","7931566.956994766","0.6722517557976935","436.0827616058623","0"
"177.25","0.00039681370051350656","67996.3519760871","7931574.468740043","0.6722517557976935","428.5066353011884","0"
"177.5","0.00038126457431783626","67996.41525451657","7931581.849982727","0.6722517557976935","421.0621297366734","0"
"177.75","0.00036632473990099313","67996.47743360106","7931589.102990053","0.6722517557976935","413.7469582669062","0"
"178","0.00035197032219327397","67996.53853243958","7931596.229989864","0.6722517557976935","406.5588739717946","0"
"178.25","0.00033817838166845917","67996.59856979935","7931603.233171302","0.6722517557976935","399.49566896644893","0"
"178.5","0.0003249268776845854","67996.65756412155","7931610.114685475","0.6722517557976935","392.5551737230528","0"
"178.75","0.00031219463326120824","67996.71553352698","7931616.87664612","0.6722517557976935","385.73525640451453","0"
"179","0.00029996130123686624","67996.77249582161","7931623.521130254","0.6722517557976935","379.0338222096931","0"
"179.25","0.000288207331752663","67996.8284685021","7931630.050178806","0.6722517557976935","372.4488127299987","0"
"179.5","0.0002769139410100038","67996.88346876111","7931636.465797254","0.6722517557976935","365.97820531716985","0"
"179.75","0.00026606308125255853","67996.93751349261","7931642.769956228","0.6722517557976935","359.6200124620329","0"
"180","0.0002556374119244802","67996.9906192971","7931648.964592127","0.6722517557976935","353.3722811840533","0"
"180.25","0.0002456202719587874","67997.04280248664","7931655.0516077075","0.6722517557976935","347.2330924314912","0"
"180.5","0.0002359956531516249","67997.09407908993","7931661.0328726685","0.6722517557976935","341.20056049197706","0"
"180.75","0.00022674817457985278","67997.1444648572","7931666.910224227","0.6722517557976935","335.27283241332674","0"
"181","0.0002178630580210811","67997.19397526505","7931672.685467684","0.6722517557976935","329.4480874344175","0"
"181.25","0.00020932610433686946","67997.24262552119","7931678.360376973","0.6722517557976935","323.7245364259505","0"
"181.5","0.0002011236707813495","67997.29043056913","7931683.9366952125","0.6722517557976935","318.10042134092834","0"
"181.75","0.00019324264919900824","67997.33740509278","7931689.416135236","0.6722517557976935","312.5740146746788","0"
"182","0.00018567044507679004","67997.38356352094","7931694.80038012","0.6722517557976935","307.1436189342582","0"
"182.25","0.00017839495741704122","67997.42892003173","7931700.091083702","0.6722517557976935","301.80756611707284","0"
"182.5","0.00017140455939913208","67997.47348855695","7931705.289871085","0.6722517557976935","296.5642171985571","0"
"182.75","0.0001646880797988526","67997.51728278639","7931710.398339142","0.6722517557976935","291.41196162875184","0"
"183","0.00015823478513588815","67997.56031617196","7931715.418057001","0.6722517557976935","286.3492168376276","0"
"183.25","0.0001520343625208455","67997.60260193193","7931720.350566531","0.6722517557976935","281.3744277490017","0"
"183.5","0.0001460769031744174","67997.64415305486","7931725.197382811","0.6722517557976935","276.48606630289953","0"
"183.75","0.00014035288659234774","67997.6849823037","7931729.959994603","0.6722517557976935","271.68263098621253","0"
"184","0.00013485316533089212","67997.72510221967","7931734.639864801","0.6722517557976935","266.9626463715104","0"
"184.25","0.00012956895038845903","67997.7645251261","7931739.2384308865","0.6722517557976935","262.32466266386444","0"
"184.5","0.00012449179716007115","67997.80326313223","7931743.757105366","0.6722517557976935","257.76725525554394","0"
"184.75","0.00011961359194220002","67997.84132813691","7931748.197276207","0.6722517557976935","253.28902428844788","0"
"185","0.00011492653896640848","67997.8787318323","7931752.560307262","0.6722517557976935","248.88859422413796","0"
"185.25","0.000110423147941079","67997.9154857074","7931756.847538694","0.6722517557976935","244.56461342134173","0"
"185.5","0.00010609622208131885","67997.95160105164","7931761.060287377","0.6722517557976935","240.31575372079467","0"
"185.75","0.00010193884660791294","67997.98708895828","7931765.199847311","0.6722517557976935","236.14071003729467","0"
"186","0.00009794437769694456","67998.0219603279","7931769.267490014","0.6722517557976935","232.03819995884322","0"
"186.25","0.00009410643186242479","67998.05622587167","7931773.264464915","0.6722517557976935","228.00696335275077","0"
"186.5","0.000090418875754963","67998.08989611469","7931777.191999733","0.6722517557976935","224.04576197858432","0"
"186.75","0.00008687581636017604","67998.12298139921","7931781.051300863","0.6722517557976935","220.15337910783927","0"
"187","0.00008347159158117227","67998.15549188778","7931784.843553736","0.6722517557976935","216.32861915021832","0"
"187.25","0.00008020076119006051","67998.18743756642","7931788.569923192","0.6722517557976935","212.57030728640282","0"
"187.5","0.00007705809813402366","67998.21882824766","7931792.231553833","0.6722517557976935","208.87728910720344","0"
"187.75","0.00007403858018206348","67998.24967357353","7931795.829570374","0.6722517557976935","205.24843025897982","0"
"188","0.00007113738189906727","67998.27998301858","7931799.365077995","0.6722517557976935","201.68261609522014","0"
"188.25","0.00006834986693437027","67998.30976589274","7931802.839162669","0.6722517557976935","198.17875133417326","0"
"188.5","0.00006567158061249056","67998.3390313442","7931806.252891508","0.6722517557976935","194.7357597224288","0"
"188.75","0.00006309824281419547","67998.36778836223","7931809.607313082","0.6722517557976935","191.35258370434153","0"
"189","0.00006062574113652323","67998.39604577991","7931812.903457744","0.6722517557976935","188.02818409719865","0"
"189.25","0.000058250124320828744","67998.42381227687","7931816.142337948","0.6722517557976935","184.76153977203023","0"
"189.5","0.00005596759593835113","67998.45109638195","7931819.324948558","0.6722517557976935","181.55164733996463","0"
"189.75","0.00005377450832321198","67998.4779064758","7931822.452267153","0.6722517557976935","178.39752084403273","0"
"190","0.000051667356743148814","67998.50425079351","7931825.525254331","0.6722517557976935","175.29819145632618","0"
"190.25","0.00004964277379866806","67998.53013742706","7931828.544853997","0.6722517557976935","172.25270718041702","0"
"190.5","0.00004769752404166696","67998.55557432788","7931831.511993663","0.6722517557976935","169.26013255894654","0"
"190.75","0.000045828498804924525","67998.58056930924","7931834.427584724","0.6722517557976935","166.31954838629443","0"
"191","0.00004403271123419864","67998.60513004867","7931837.29252274","0.6722517557976935","163.4300514262395","0"
"191.25","0.00004230729151499023","67998.62926409031","7931840.107687715","0.6722517557976935","160.59075413452507","0"
"191.5","0.00004064948228634641","67998.65297884727","7931842.8739443645","0.6722517557976935","157.80078438624457","0"
"191.75","0.000039056634234373584","67998.67628160382","7931845.592142379","0.6722517557976935","155.0592852079626","0"
"192","0.00003752620185841851","67998.69917951773","7931848.2631166885","0.6722517557976935","152.36541451449014","0"
"192.25","0.00003605573940315133","67998.72167962238","7931850.8876877185","0.6722517557976935","149.71834485023246","0"
"192.5","0.00003464289695004979","67998.74378882897","7931853.4666616395","0.6722517557976935","147.11726313503058","0"
"192.75","0.00003328541666203843","67998.76551392864","7931856.000830618","0.6722517557976935","144.56137041441792","0"
"193","0.00003198112917528144","67998.78686159452","7931858.490973056","0.6722517557976935","142.04988161421588","0"
"193.25","0.00003072795013236289","67998.80783838384","7931860.937853835","0.6722517557976935","139.58202529939257","0"
"193.5","0.000029523876851314185","67998.82845073991","7931863.342224545","0.6722517557976935","137.15704343711087","0"
"193.75","0.00002836698512516551","67998.84870499406","7931865.704823721","0.6722517557976935","134.77419116389297","0"
"194","0.000027255426146906675","67998.86860736767","7931868.026377066","0.6722517557976935","132.43273655682975","0"
"194.25","0.000026187423554943246","67998.888163974","7931870.307597675","0.6722517557976935","130.1319604087651","0"
"194.5","0.00002516127059432635","67998.90738082014","7931872.549186257","0.6722517557976935","127.87115600738566","0"
"194.75","0.00002417532738921952","67998.92626380877","7931874.751831343","0.6722517557976935","125.64962891814844","0"
"195","0.000023228018322243833","67998.94481874007","7931876.916209507","0.6722517557976935","123.4666967709796","0"
"195.25","0.000022317829516513276","67998.96305131343","7931879.042985564","0.6722517557976935","121.32168905067883","0"
"195.5","0.000021443306416336424","67998.98096712922","7931881.132812782","0.6722517557976935","119.21394689096498","0"
"195.75","0.000020603051462718224","67998.99857169052","7931883.18633308","0.6722517557976935","117.14282287209963","0"
"196","0.000019795721859947135","67999.01587040481","7931885.204177223","0.6722517557976935","115.10768082202652","0"
"196.25","0.000019020027429698423","67999.03286858561","7931887.186965019","0.6722517557976935","113.1078956209658","0"
"196.5","0.00001827472854922435","67999.04957145415","7931889.135305508","0.6722517557976935","111.14285300940287","0"
"196.75","0.000017558634170336247","67999.06598414092","7931891.0497971475","0.6722517557976935","109.21194939941311","0"
"197","0.000016870599916012727","67999.08211168731","7931892.931027999","0.6722517557976935","107.31459168926438","0"
"197.25","0.000016209526251592166","67999.0979590471","7931894.779575909","0.6722517557976935","105.45019708124033","0"
"197.5","0.000015574356727626954","67999.11353108802","7931896.596008682","0.6722517557976935","103.61819290262876","0"
"197.75","0.000014964076291591415","67999.12883259323","7931898.38088426","0.6722517557976935","101.81801642981975","0"
"198","0.000014377709665745356","67999.14386826278","7931900.1347508915","0.6722517557976935","100.04911471545984","0"
"198.25","0.000013814319788560977","67999.15864271509","7931901.8581473","0.6722517557976935","98.31094441860891","0"
"198.5","0.00001327300631722238","67999.17316048832","7931903.551602849","0.6722517557976935","96.60297163784787","0"
"198.75","0.000012752904188804574","67999.18742604181","7931905.215637706","0.6722517557976935","94.92467174728552","0"
"199","0.000012253182237832609","67999.20144375741","7931906.850763002","0.6722517557976935","93.2755292354146","0"
"199.25","0.000011773041868011581","67999.21521794084","7931908.4574809875","0.6722517557976935","91.65503754676736","0"
"199.5","0.000011311715776004857","67999.22875282304","7931910.036285187","0.6722517557976935","90.06269892632196","0"
"199.75","0.000010868466725220968","67999.24205256141","7931911.587660552","0.6722517557976935","88.49802426661198","0"
"200","0.000010442586367649613","67999.25512124116","7931913.112083607","0.6722517557976935","86.96053295749212","0"