"";"time";"report_cell";"values"
"1";0,1;0;0,1
"20";0,2;0;0,1
"21";0,3;0;0,1
"40";0,4;0;0,1
"41";0,5;0;0,1
"60";0,6;0;0,1
"61";0,7;0;0,1
"80";0,8;0;0,1
"81";0,9;0;0,1
"100";1;0;0,1
"101";1,1;0;0,1
"120";1,2;0;0,1
"121";1,3;0;0,1
"140";1,4;0;0,1
"141";1,5;0;0,1
"160";1,6;0;0,1
"161";1,7;0;0,1
"180";1,8;0;0,1
"181";1,9;0;0,1
"200";2;0;0,1
"201";2,1;0;0,1
"220";2,2;0;0,1
"221";2,3;0;0,1
"240";2,4;0;0,1
"241";2,5;0;0,1
"260";2,6;0;0,1
"261";2,7;0;0,1
"280";2,8;0;0,1
"281";2,9;0;0,1
"300";3;0;0,1
"301";3,1;0;0,1
"320";3,2;0;0,1
"321";3,3;0;0,1
"340";3,4;0;0,1
"341";3,5;0;0,1
"360";3,6;0;0,1
"361";3,7;0;0,1
"380";3,8;0;0,1
"381";3,9;0;0,1
"400";4;0;0,1
"401";4,1;0;0,1
"420";4,2;0;0,1
"421";4,3;0;0,1
"440";4,4;0;0,1
"441";4,5;0;0,1
"460";4,6;0;0,1
"461";4,7;0;0,1
"480";4,8;0;0,1
"481";4,9;0;0,1
"500";5;0;0,1
"501";5,1;0;0,1
"520";5,2;0;0,1
"521";5,3;0;0,1
"540";5,4;0;0,1
"541";5,5;0;0,1
"560";5,6;0;0,1
"561";5,7;0;0,1
"580";5,8;0;0,1
"581";5,9;0;0,1
"600";6;0;0,1
"601";6,1;0;0,1
"620";6,2;0;0,1
"621";6,3;0;0,1
"640";6,4;0;0,1
"641";6,5;0;0,1
"660";6,6;0;0,1
"661";6,7;0;0,1
"680";6,8;0;0,1
"681";6,9;0;0,1
"700";7;0;0,1
"701";7,1;0;0,1
"720";7,2;0;0,1
"721";7,3;0;0,1
"740";7,4;0;0,1
"741";7,5;0;0,1
"760";7,6;0;0,1
"761";7,7;0;0,1
"780";7,8;0;0,1
"781";7,9;0;0,1
"800";8;0;0,1
"801";8,1;0;0,1
"820";8,2;0;0,1
"821";8,3;0;0,1
"840";8,4;0;0,1
"841";8,5;0;0,1
"860";8,6;0;0,1
"861";8,7;0;0,1
"880";8,8;0;0,1
"881";8,9;0;0,1
"900";9;0;0,1
"901";9,1;0;0,1
"920";9,2;0;0,1
"921";9,3;0;0,1
"940";9,4;0;0,1
"941";9,5;0;0,1
"960";9,6;0;0,1
"961";9,7;0;0,1
"980";9,8;0;0,1
"981";9,9;0;0,1
"1000";10;0;0,1
"1001";10,1;0;0,1
"1020";10,2;0;0,1
"1021";10,3;0;0,1
"1040";10,4;0;0,1
"1041";10,5;0;0,1
"1060";10,6;0;0,1
"1061";10,7;0;0,1
"1080";10,8;0;0,1
"1081";10,9;0;0,1
"1100";11;0;0,1
"1101";11,1;0;0,1
"1120";11,2;0;0,1
"1121";11,3;0;0,1
"1140";11,4;0;0,1
"1141";11,5;0;0,1
"1160";11,6;0;0,1
"1161";11,7;0;0,1
"1180";11,8;0;0,1
"1181";11,9;0;0,1
"1200";12;0;0,1
"1201";12,1;0;0,1
"1220";12,2;0;0,1
"1221";12,3;0;0,1
"1240";12,4;0;0,1
"1241";12,5;0;0,1
"1260";12,6;0;0,1
"1261";12,7;0;0,1
"1280";12,8;0;0,1
"1281";12,9;0;0,1
"1300";13;0;0,1
"1301";13,1;0;0,1
"1320";13,2;0;0,1
"1321";13,3;0;0,1
"1340";13,4;0;0,1
"1341";13,5;0;0,1
"1360";13,6;0;0,1
"1361";13,7;0;0,1
"1380";13,8;0;0,1
"1381";13,9;0;0,1
"1400";14;0;0,1
"1401";14,1;0;0,1
"1420";14,2;0;0,1
"1421";14,3;0;0,1
"1440";14,4;0;0,1
"1441";14,5;0;0,1
"1460";14,6;0;0,1
"1461";14,7;0;0,1
"1480";14,8;0;0,1
"1481";14,9;0;0,1
"1500";15;0;0,1
"1501";15,1;0;0,1
"1520";15,2;0;0,1
"1521";15,3;0;0,1
"1540";15,4;0;0,1
"1541";15,5;0;0,1
"1560";15,6;0;0,1
"1561";15,7;0;0,1
"1580";15,8;0;0,1
"1581";15,9;0;0,1
"1600";16;0;0,1
"1601";16,1;0;0,1
"1620";16,2;0;0,1
"1621";16,3;0;0,1
"1640";16,4;0;0,1
"1641";16,5;0;0,1
"1660";16,6;0;0,1
"1661";16,7;0;0,1
"1680";16,8;0;0,1
"1681";16,9;0;0,1
"1700";17;0;0,1
"1701";17,1;0;0,1
"1720";17,2;0;0,1
"1721";17,3;0;0,1
"1740";17,4;0;0,1
"1741";17,5;0;0,1
"1760";17,6;0;0,1
"1761";17,7;0;0,1
"1780";17,8;0;0,1
"1781";17,9;0;0,1
"1800";18;0;0,1
"1801";18,1;0;0,1
"1820";18,2;0;0,1
"1821";18,3;0;0,1
"1840";18,4;0;0,1
"1841";18,5;0;0,1
"1860";18,6;0;0,1
"1861";18,7;0;0,1
"1880";18,8;0;0,1
"1881";18,9;0;0,1
"1900";19;0;0,1
"1901";19,1;0;0,1
"1920";19,2;0;0,1
"1921";19,3;0;0,1
"1940";19,4;0;0,1
"1941";19,5;0;0,1
"1960";19,6;0;0,1
"1961";19,7;0;0,1
"1980";19,8;0;0,1
"1981";19,9;0;0,1
"2000";20;0;0,1
"2001";20,1;0;0,1
"2020";20,2;0;0,1
"2021";20,3;0;0,1
"2040";20,4;0;0,1
"2041";20,5;0;0,1
"2060";20,6;0;0,1
"2061";20,7;0;0,1
"2080";20,8;0;0,1
"2081";20,9;0;0,1
"2100";21;0;0,1
"2101";21,1;0;0,1
"2120";21,2;0;0,1
"2121";21,3;0;0,1
"2140";21,4;0;0,1
"2141";21,5;0;0,1
"2160";21,6;0;0,1
"2161";21,7;0;0,1
"2180";21,8;0;0,1
"2181";21,9;0;0,1
"2200";22;0;0,1
"2201";22,1;0;0,1
"2220";22,2;0;0,1
"2221";22,3;0;0,1
"2240";22,4;0;0,1
"2241";22,5;0;0,1
"2260";22,6;0;0,1
"2261";22,7;0;0,1
"2280";22,8;0;0,1
"2281";22,9;0;0,1
"2300";23;0;0,1
"2301";23,1;0;0,1
"2320";23,2;0;0,1
"2321";23,3;0;0,1
"2340";23,4;0;0,1
"2341";23,5;0;0,1
"2360";23,6;0;0,1
"2361";23,7;0;0,1
"2380";23,8;0;0,1
"2381";23,9;0;0,1
"2400";24;0;0,1
"2401";24,1;0;0,1
"2420";24,2;0;0,1
"2421";24,3;0;0,1
"2440";24,4;0;0,1
"2441";24,5;0;0,1
"2460";24,6;0;0,1
"2461";24,7;0;0,1
"2480";24,8;0;0,1
"2481";24,9;0;0,1
"2500";25;0;0,1
"2501";25,1;0;0,1
"2518";25,2;0;0,1
"2519";25,3;0;0,1
"2536";25,4;0;0,1
"2537";25,5;0;0,1
"2554";25,6;0;0,1
"2555";25,7;0;0,1
"2572";25,8;0;0,1
"2573";25,9;0;0,1
"2590";26;0;0,1
"2591";26,1;0;0,1
"2608";26,2;0;0,1
"2609";26,3;0;0,1
"2626";26,4;0;0,1
"2627";26,5;0;0,1
"2644";26,6;0;0,1
"2645";26,7;0;0,1
"2662";26,8;0;0,1
"2663";26,9;0;0,1
"2680";27;0;0,1
"2681";27,1;0;0,1
"2698";27,2;0;0,1
"2699";27,3;0;0,1
"2716";27,4;0;0,1
"2717";27,5;0;0,1
"2734";27,6;0;0,1
"2735";27,7;0;0,1
"2752";27,8;0;0,1
"2753";27,9;0;0,1
"2770";28;0;0,1
"2771";28,1;0;0,1
"2788";28,2;0;0,1
"2789";28,3;0;0,1
"2806";28,4;0;0,1
"2807";28,5;0;0,1
"2824";28,6;0;0,1
"2825";28,7;0;0,1
"2842";28,8;0;0,1
"2843";28,9;0;0,1
"2860";29;0;0,1
"2861";29,1;0;0,1
"2878";29,2;0;0,1
"2879";29,3;0;0,1
"2896";29,4;0;0,1
"2897";29,5;0;0,1
"2914";29,6;0;0,1
"2915";29,7;0;0,1
"2932";29,8;0;0,1
"2933";29,9;0;0,1
"2950";30;0;0,1
"2951";30,1;0;0,1
"2968";30,2;0;0,1
"2969";30,3;0;0,1
"2986";30,4;0;0,1
"2987";30,5;0;0,1
"3004";30,6;0;0,1
"3005";30,7;0;0,1
"3022";30,8;0;0,1
"3023";30,9;0;0,1
"3040";31;0;0,1
"3041";31,1;0;0,1
"3058";31,2;0;0,1
"3059";31,3;0;0,1
"3076";31,4;0;0,1
"3077";31,5;0;0,1
"3094";31,6;0;0,1
"3095";31,7;0;0,1
"3112";31,8;0;0,1
"3113";31,9;0;0,1
"3130";32;0;0,1
"3131";32,1;0;0,1
"3148";32,2;0;0,1
"3149";32,3;0;0,1
"3166";32,4;0;0,1
"3167";32,5;0;0,1
"3184";32,6;0;0,1
"3185";32,7;0;0,1
"3202";32,8;0;0,1
"3203";32,9;0;0,1
"3220";33;0;0,1
"3221";33,1;0;0,1
"3238";33,2;0;0,1
"3239";33,3;0;0,1
"3256";33,4;0;0,1
"3257";33,5;0;0,1
"3274";33,6;0;0,1
"3275";33,7;0;0,1
"3292";33,8;0;0,1
"3293";33,9;0;0,1
"3310";34;0;0,1
"3311";34,1;0;0,1
"3328";34,2;0;0,1
"3329";34,3;0;0,1
"3346";34,4;0;0,1
"3347";34,5;0;0,1
"3364";34,6;0;0,1
"3365";34,7;0;0,1
"3382";34,8;0;0,1
"3383";34,9;0;0,1
"3400";35;0;0,1
"3401";35,1;0;0,1
"3414";35,2;0;0,1
"3415";35,3;0;0,1
"3428";35,4;0;0,1
"3429";35,5;0;0,1
"3442";35,6;0;0,1
"3443";35,7;0;0,1
"3456";35,8;0;0,1
"3457";35,9;0;0,1
"3470";36;0;0,1
"3471";36,1;0;0,1
"3484";36,2;0;0,1
"3485";36,3;0;0,1
"3498";36,4;0;0,1
"3499";36,5;0;0,1
"3512";36,6;0;0,1
"3513";36,7;0;0,1
"3526";36,8;0;0,1
"3527";36,9;0;0,1
"3540";37;0;0,1
"3541";37,1;0;0,1
"3554";37,2;0;0,1
"3555";37,3;0;0,1
"3568";37,4;0;0,1
"3569";37,5;0;0,1
"3582";37,6;0;0,1
"3583";37,7;0;0,1
"3596";37,8;0;0,1
"3597";37,9;0;0,1
"3610";38;0;0,1
"3611";38,1;0;0,1
"3622";38,2;0;0,1
"3623";38,3;0;0,1
"3634";38,4;0;0,1
"3635";38,5;0;0,1
"3646";38,6;0;0,1
"3647";38,7;0;0,1
"3658";38,8;0;0,1
"3659";38,9;0;0,1
"3670";39;0;0,1
"3671";39,1;0;0,1
"3682";39,2;0;0,1
"3683";39,3;0;0,1
"3694";39,4;0;0,1
"3695";39,5;0;0,1
"3706";39,6;0;0,1
"3707";39,7;0;0,1
"3718";39,8;0;0,1
"3719";39,9;0;0,1
"3730";40;0;0,1
"3731";40,1;0;0,1
"3742";40,2;0;0,1
"3743";40,3;0;0,1
"3754";40,4;0;0,1
"3755";40,5;0;0,1
"3766";40,6;0;0,1
"3767";40,7;0;0,1
"3778";40,8;0;0,1
"3779";40,9;0;0,1
"3790";41;0;0,1
"3791";41,1;0;0,1
"3802";41,2;0;0,1
"3803";41,3;0;0,1
"3814";41,4;0;0,1
"3815";41,5;0;0,1
"3826";41,6;0;0,1
"3827";41,7;0;0,1
"3838";41,8;0;0,1
"3839";41,9;0;0,1
"3850";42;0;0,1
"3851";42,1;0;0,1
"3860";42,2;0;0,1
"3861";42,3;0;0,1
"3870";42,4;0;0,1
"3871";42,5;0;0,1
"3880";42,6;0;0,1
"3881";42,7;0;0,1
"3890";42,8;0;0,1
"3891";42,9;0;0,1
"3900";43;0;0,1
"3901";43,1;0;0,1
"3908";43,2;0;0,1
"3909";43,3;0;0,1
"3916";43,4;0;0,1
"3917";43,5;0;0,1
"3924";43,6;0;0,1
"3925";43,7;0;0,1
"3932";43,8;0;0,1
"3933";43,9;0;0,1
"3940";44;0;0,1
"3941";44,1;0;0,1
"3948";44,2;0;0,1
"3949";44,3;0;0,1
"3956";44,4;0;0,1
"3957";44,5;0;0,1
"3964";44,6;0;0,1
"3965";44,7;0;0,1
"3972";44,8;0;0,1
"3973";44,9;0;0,1
"3980";45;0;0,1
"3981";45,1;0;0,1
"3988";45,2;0;0,1
"3989";45,3;0;0,1
"3996";45,4;0;0,1
"3997";45,5;0;0,1
"4004";45,6;0;0,1
"4005";45,7;0;0,1
"4012";45,8;0;0,1
"4013";45,9;0;0,1
"4020";46;0;0,1
"4021";46,1;0;0,1
"4028";46,2;0;0,1
"4029";46,3;0;0,1
"4036";46,4;0;0,1
"4037";46,5;0;0,1
"4044";46,6;0;0,1
"4045";46,7;0;0,1
"4052";46,8;0;0,1
"4053";46,9;0;0,1
"4060";47;0;0,1
"2";0,1;1;0,1
"19";0,2;1;0,1
"22";0,3;1;0,1
"39";0,4;1;0,1
"42";0,5;1;0,1
"59";0,6;1;0,1
"62";0,7;1;0,1
"79";0,8;1;0,1
"82";0,9;1;0,1
"99";1;1;0,1
"102";1,1;1;0,1
"119";1,2;1;0,1
"122";1,3;1;0,1
"139";1,4;1;0,1
"142";1,5;1;0,1
"159";1,6;1;0,1
"162";1,7;1;0,1
"179";1,8;1;0,1
"182";1,9;1;0,1
"199";2;1;0,1
"202";2,1;1;0,1
"219";2,2;1;0,1
"222";2,3;1;0,1
"239";2,4;1;0,1
"242";2,5;1;0,1
"259";2,6;1;0,1
"262";2,7;1;0,1
"279";2,8;1;0,1
"282";2,9;1;0,1
"299";3;1;0,1
"302";3,1;1;0,1
"319";3,2;1;0,1
"322";3,3;1;0,1
"339";3,4;1;0,1
"342";3,5;1;0,1
"359";3,6;1;0,1
"362";3,7;1;0,1
"379";3,8;1;0,1
"382";3,9;1;0,1
"399";4;1;0,1
"402";4,1;1;0,1
"419";4,2;1;0,1
"422";4,3;1;0,1
"439";4,4;1;0,1
"442";4,5;1;0,1
"459";4,6;1;0,1
"462";4,7;1;0,1
"479";4,8;1;0,1
"482";4,9;1;0,1
"499";5;1;0,1
"502";5,1;1;0,1
"519";5,2;1;0,1
"522";5,3;1;0,1
"539";5,4;1;0,1
"542";5,5;1;0,1
"559";5,6;1;0,1
"562";5,7;1;0,1
"579";5,8;1;0,1
"582";5,9;1;0,1
"599";6;1;0,1
"602";6,1;1;0,1
"619";6,2;1;0,1
"622";6,3;1;0,1
"639";6,4;1;0,1
"642";6,5;1;0,1
"659";6,6;1;0,1
"662";6,7;1;0,1
"679";6,8;1;0,1
"682";6,9;1;0,1
"699";7;1;0,1
"702";7,1;1;0,1
"719";7,2;1;0,1
"722";7,3;1;0,1
"739";7,4;1;0,1
"742";7,5;1;0,1
"759";7,6;1;0,1
"762";7,7;1;0,1
"779";7,8;1;0,1
"782";7,9;1;0,1
"799";8;1;0,1
"802";8,1;1;0,1
"819";8,2;1;0,1
"822";8,3;1;0,1
"839";8,4;1;0,1
"842";8,5;1;0,1
"859";8,6;1;0,1
"862";8,7;1;0,1
"879";8,8;1;0,1
"882";8,9;1;0,1
"899";9;1;0,1
"902";9,1;1;0,1
"919";9,2;1;0,1
"922";9,3;1;0,1
"939";9,4;1;0,1
"942";9,5;1;0,1
"959";9,6;1;0,1
"962";9,7;1;0,1
"979";9,8;1;0,1
"982";9,9;1;0,1
"999";10;1;0,1
"1002";10,1;1;0,1
"1019";10,2;1;0,1
"1022";10,3;1;0,1
"1039";10,4;1;0,1
"1042";10,5;1;0,1
"1059";10,6;1;0,1
"1062";10,7;1;0,1
"1079";10,8;1;0,1
"1082";10,9;1;0,1
"1099";11;1;0,1
"1102";11,1;1;0,1
"1119";11,2;1;0,1
"1122";11,3;1;0,1
"1139";11,4;1;0,1
"1142";11,5;1;0,1
"1159";11,6;1;0,1
"1162";11,7;1;0,1
"1179";11,8;1;0,1
"1182";11,9;1;0,1
"1199";12;1;0,1
"1202";12,1;1;0,1
"1219";12,2;1;0,1
"1222";12,3;1;0,1
"1239";12,4;1;0,1
"1242";12,5;1;0,1
"1259";12,6;1;0,1
"1262";12,7;1;0,1
"1279";12,8;1;0,1
"1282";12,9;1;0,1
"1299";13;1;0,1
"1302";13,1;1;0,1
"1319";13,2;1;0,1
"1322";13,3;1;0,1
"1339";13,4;1;0,1
"1342";13,5;1;0,1
"1359";13,6;1;0,1
"1362";13,7;1;0,1
"1379";13,8;1;0,1
"1382";13,9;1;0,1
"1399";14;1;0,1
"1402";14,1;1;0,1
"1419";14,2;1;0,1
"1422";14,3;1;0,1
"1439";14,4;1;0,1
"1442";14,5;1;0,1
"1459";14,6;1;0,1
"1462";14,7;1;0,1
"1479";14,8;1;0,1
"1482";14,9;1;0,1
"1499";15;1;0,1
"1502";15,1;1;0,1
"1519";15,2;1;0,1
"1522";15,3;1;0,1
"1539";15,4;1;0,1
"1542";15,5;1;0,1
"1559";15,6;1;0,1
"1562";15,7;1;0,1
"1579";15,8;1;0,1
"1582";15,9;1;0,1
"1599";16;1;0,1
"1602";16,1;1;0,1
"1619";16,2;1;0,1
"1622";16,3;1;0,1
"1639";16,4;1;0,1
"1642";16,5;1;0,1
"1659";16,6;1;0,1
"1662";16,7;1;0,1
"1679";16,8;1;0,1
"1682";16,9;1;0,1
"1699";17;1;0,1
"1702";17,1;1;0,1
"1719";17,2;1;0,1
"1722";17,3;1;0,1
"1739";17,4;1;0,1
"1742";17,5;1;0,1
"1759";17,6;1;0,1
"1762";17,7;1;0,1
"1779";17,8;1;0,1
"1782";17,9;1;0,1
"1799";18;1;0,1
"1802";18,1;1;0,1
"1819";18,2;1;0,1
"1822";18,3;1;0,1
"1839";18,4;1;0,1
"1842";18,5;1;0,1
"1859";18,6;1;0,1
"1862";18,7;1;0,1
"1879";18,8;1;0,1
"1882";18,9;1;0,1
"1899";19;1;0,1
"1902";19,1;1;0,1
"1919";19,2;1;0,1
"1922";19,3;1;0,1
"1939";19,4;1;0,1
"1942";19,5;1;0,1
"1959";19,6;1;0,1
"1962";19,7;1;0,1
"1979";19,8;1;0,1
"1982";19,9;1;0,1
"1999";20;1;0,1
"2002";20,1;1;0,1
"2019";20,2;1;0,1
"2022";20,3;1;0,1
"2039";20,4;1;0,1
"2042";20,5;1;0,1
"2059";20,6;1;0,1
"2062";20,7;1;0,1
"2079";20,8;1;0,1
"2082";20,9;1;0,1
"2099";21;1;0,1
"2102";21,1;1;0,1
"2119";21,2;1;0,1
"2122";21,3;1;0,1
"2139";21,4;1;0,1
"2142";21,5;1;0,1
"2159";21,6;1;0,1
"2162";21,7;1;0,1
"2179";21,8;1;0,1
"2182";21,9;1;0,1
"2199";22;1;0,1
"2202";22,1;1;0,1
"2219";22,2;1;0,1
"2222";22,3;1;0,1
"2239";22,4;1;0,1
"2242";22,5;1;0,1
"2259";22,6;1;0,1
"2262";22,7;1;0,1
"2279";22,8;1;0,1
"2282";22,9;1;0,1
"2299";23;1;0,1
"2302";23,1;1;0,1
"2319";23,2;1;0,1
"2322";23,3;1;0,1
"2339";23,4;1;0,1
"2342";23,5;1;0,1
"2359";23,6;1;0,1
"2362";23,7;1;0,1
"2379";23,8;1;0,1
"2382";23,9;1;0,1
"2399";24;1;0,1
"2402";24,1;1;0,1
"2419";24,2;1;0,1
"2422";24,3;1;0,1
"2439";24,4;1;0,1
"2442";24,5;1;0,1
"2459";24,6;1;0,1
"2462";24,7;1;0,1
"2479";24,8;1;0,1
"2482";24,9;1;0,1
"2499";25;1;0,1
"2502";25,1;1;0,1
"2517";25,2;1;0,1
"2520";25,3;1;0,1
"2535";25,4;1;0,1
"2538";25,5;1;0,1
"2553";25,6;1;0,1
"2556";25,7;1;0,1
"2571";25,8;1;0,1
"2574";25,9;1;0,1
"2589";26;1;0,1
"2592";26,1;1;0,1
"2607";26,2;1;0,1
"2610";26,3;1;0,1
"2625";26,4;1;0,1
"2628";26,5;1;0,1
"2643";26,6;1;0,1
"2646";26,7;1;0,1
"2661";26,8;1;0,1
"2664";26,9;1;0,1
"2679";27;1;0,1
"2682";27,1;1;0,1
"2697";27,2;1;0,1
"2700";27,3;1;0,1
"2715";27,4;1;0,1
"2718";27,5;1;0,1
"2733";27,6;1;0,1
"2736";27,7;1;0,1
"2751";27,8;1;0,1
"2754";27,9;1;0,1
"2769";28;1;0,1
"2772";28,1;1;0,1
"2787";28,2;1;0,1
"2790";28,3;1;0,1
"2805";28,4;1;0,1
"2808";28,5;1;0,1
"2823";28,6;1;0,1
"2826";28,7;1;0,1
"2841";28,8;1;0,1
"2844";28,9;1;0,1
"2859";29;1;0,1
"2862";29,1;1;0,1
"2877";29,2;1;0,1
"2880";29,3;1;0,1
"2895";29,4;1;0,1
"2898";29,5;1;0,1
"2913";29,6;1;0,1
"2916";29,7;1;0,1
"2931";29,8;1;0,1
"2934";29,9;1;0,1
"2949";30;1;0,1
"2952";30,1;1;0,1
"2967";30,2;1;0,1
"2970";30,3;1;0,1
"2985";30,4;1;0,1
"2988";30,5;1;0,1
"3003";30,6;1;0,1
"3006";30,7;1;0,1
"3021";30,8;1;0,1
"3024";30,9;1;0,1
"3039";31;1;0,1
"3042";31,1;1;0,1
"3057";31,2;1;0,1
"3060";31,3;1;0,1
"3075";31,4;1;0,1
"3078";31,5;1;0,1
"3093";31,6;1;0,1
"3096";31,7;1;0,1
"3111";31,8;1;0,1
"3114";31,9;1;0,1
"3129";32;1;0,1
"3132";32,1;1;0,1
"3147";32,2;1;0,1
"3150";32,3;1;0,1
"3165";32,4;1;0,1
"3168";32,5;1;0,1
"3183";32,6;1;0,1
"3186";32,7;1;0,1
"3201";32,8;1;0,1
"3204";32,9;1;0,1
"3219";33;1;0,1
"3222";33,1;1;0,1
"3237";33,2;1;0,1
"3240";33,3;1;0,1
"3255";33,4;1;0,1
"3258";33,5;1;0,1
"3273";33,6;1;0,1
"3276";33,7;1;0,1
"3291";33,8;1;0,1
"3294";33,9;1;0,1
"3309";34;1;0,1
"3312";34,1;1;0,1
"3327";34,2;1;0,1
"3330";34,3;1;0,1
"3345";34,4;1;0,1
"3348";34,5;1;0,1
"3363";34,6;1;0,1
"3366";34,7;1;0,1
"3381";34,8;1;0,1
"3384";34,9;1;0,1
"3399";35;1;0,1
"3402";35,1;1;0,1
"3413";35,2;1;0,1
"3416";35,3;1;0,1
"3427";35,4;1;0,1
"3430";35,5;1;0,1
"3441";35,6;1;0,1
"3444";35,7;1;0,1
"3455";35,8;1;0,1
"3458";35,9;1;0,1
"3469";36;1;0,1
"3472";36,1;1;0,1
"3483";36,2;1;0,1
"3486";36,3;1;0,1
"3497";36,4;1;0,1
"3500";36,5;1;0,1
"3511";36,6;1;0,1
"3514";36,7;1;0,1
"3525";36,8;1;0,1
"3528";36,9;1;0,1
"3539";37;1;0,1
"3542";37,1;1;0,1
"3553";37,2;1;0,1
"3556";37,3;1;0,1
"3567";37,4;1;0,1
"3570";37,5;1;0,1
"3581";37,6;1;0,1
"3584";37,7;1;0,1
"3595";37,8;1;0,1
"3598";37,9;1;0,1
"3609";38;1;0,1
"3612";38,1;1;0,1
"3621";38,2;1;0,1
"3624";38,3;1;0,1
"3633";38,4;1;0,1
"3636";38,5;1;0,1
"3645";38,6;1;0,1
"3648";38,7;1;0,1
"3657";38,8;1;0,1
"3660";38,9;1;0,1
"3669";39;1;0,1
"3672";39,1;1;0,1
"3681";39,2;1;0,1
"3684";39,3;1;0,1
"3693";39,4;1;0,1
"3696";39,5;1;0,1
"3705";39,6;1;0,1
"3708";39,7;1;0,1
"3717";39,8;1;0,1
"3720";39,9;1;0,1
"3729";40;1;0,1
"3732";40,1;1;0,1
"3741";40,2;1;0,1
"3744";40,3;1;0,1
"3753";40,4;1;0,1
"3756";40,5;1;0,1
"3765";40,6;1;0,1
"3768";40,7;1;0,1
"3777";40,8;1;0,1
"3780";40,9;1;0,1
"3789";41;1;0,1
"3792";41,1;1;0,1
"3801";41,2;1;0,1
"3804";41,3;1;0,1
"3813";41,4;1;0,1
"3816";41,5;1;0,1
"3825";41,6;1;0,1
"3828";41,7;1;0,1
"3837";41,8;1;0,1
"3840";41,9;1;0,1
"3849";42;1;0,1
"3852";42,1;1;0,1
"3859";42,2;1;0,1
"3862";42,3;1;0,1
"3869";42,4;1;0,1
"3872";42,5;1;0,1
"3879";42,6;1;0,1
"3882";42,7;1;0,1
"3889";42,8;1;0,1
"3892";42,9;1;0,1
"3899";43;1;0,1
"3902";43,1;1;0,1
"3907";43,2;1;0,1
"3910";43,3;1;0,1
"3915";43,4;1;0,1
"3918";43,5;1;0,1
"3923";43,6;1;0,1
"3926";43,7;1;0,1
"3931";43,8;1;0,1
"3934";43,9;1;0,1
"3939";44;1;0,1
"3942";44,1;1;0,1
"3947";44,2;1;0,1
"3950";44,3;1;0,1
"3955";44,4;1;0,1
"3958";44,5;1;0,1
"3963";44,6;1;0,1
"3966";44,7;1;0,1
"3971";44,8;1;0,1
"3974";44,9;1;0,1
"3979";45;1;0,1
"3982";45,1;1;0,1
"3987";45,2;1;0,1
"3990";45,3;1;0,1
"3995";45,4;1;0,1
"3998";45,5;1;0,1
"4003";45,6;1;0,1
"4006";45,7;1;0,1
"4011";45,8;1;0,1
"4014";45,9;1;0,1
"4019";46;1;0,1
"4022";46,1;1;0,1
"4027";46,2;1;0,1
"4030";46,3;1;0,1
"4035";46,4;1;0,1
"4038";46,5;1;0,1
"4043";46,6;1;0,1
"4046";46,7;1;0,1
"4051";46,8;1;0,1
"4054";46,9;1;0,1
"4059";47;1;0,1
"3";0,1;2;0,1
"18";0,2;2;0,1
"23";0,3;2;0,1
"38";0,4;2;0,1
"43";0,5;2;0,1
"58";0,6;2;0,1
"63";0,7;2;0,1
"78";0,8;2;0,1
"83";0,9;2;0,1
"98";1;2;0,1
"103";1,1;2;0,1
"118";1,2;2;0,1
"123";1,3;2;0,1
"138";1,4;2;0,1
"143";1,5;2;0,1
"158";1,6;2;0,1
"163";1,7;2;0,1
"178";1,8;2;0,1
"183";1,9;2;0,1
"198";2;2;0,1
"203";2,1;2;0,1
"218";2,2;2;0,1
"223";2,3;2;0,1
"238";2,4;2;0,1
"243";2,5;2;0,1
"258";2,6;2;0,1
"263";2,7;2;0,1
"278";2,8;2;0,1
"283";2,9;2;0,1
"298";3;2;0,1
"303";3,1;2;0,1
"318";3,2;2;0,1
"323";3,3;2;0,1
"338";3,4;2;0,1
"343";3,5;2;0,1
"358";3,6;2;0,1
"363";3,7;2;0,1
"378";3,8;2;0,1
"383";3,9;2;0,1
"398";4;2;0,1
"403";4,1;2;0,1
"418";4,2;2;0,1
"423";4,3;2;0,1
"438";4,4;2;0,1
"443";4,5;2;0,1
"458";4,6;2;0,1
"463";4,7;2;0,1
"478";4,8;2;0,1
"483";4,9;2;0,1
"498";5;2;0,1
"503";5,1;2;0,1
"518";5,2;2;0,1
"523";5,3;2;0,1
"538";5,4;2;0,1
"543";5,5;2;0,1
"558";5,6;2;0,1
"563";5,7;2;0,1
"578";5,8;2;0,1
"583";5,9;2;0,1
"598";6;2;0,1
"603";6,1;2;0,1
"618";6,2;2;0,1
"623";6,3;2;0,1
"638";6,4;2;0,1
"643";6,5;2;0,1
"658";6,6;2;0,1
"663";6,7;2;0,1
"678";6,8;2;0,1
"683";6,9;2;0,1
"698";7;2;0,1
"703";7,1;2;0,1
"718";7,2;2;0,1
"723";7,3;2;0,1
"738";7,4;2;0,1
"743";7,5;2;0,1
"758";7,6;2;0,1
"763";7,7;2;0,1
"778";7,8;2;0,1
"783";7,9;2;0,1
"798";8;2;0,1
"803";8,1;2;0,1
"818";8,2;2;0,1
"823";8,3;2;0,1
"838";8,4;2;0,1
"843";8,5;2;0,1
"858";8,6;2;0,1
"863";8,7;2;0,1
"878";8,8;2;0,1
"883";8,9;2;0,1
"898";9;2;0,1
"903";9,1;2;0,1
"918";9,2;2;0,1
"923";9,3;2;0,1
"938";9,4;2;0,1
"943";9,5;2;0,1
"958";9,6;2;0,1
"963";9,7;2;0,1
"978";9,8;2;0,1
"983";9,9;2;0,1
"998";10;2;0,1
"1003";10,1;2;0,1
"1018";10,2;2;0,1
"1023";10,3;2;0,1
"1038";10,4;2;0,1
"1043";10,5;2;0,1
"1058";10,6;2;0,1
"1063";10,7;2;0,1
"1078";10,8;2;0,1
"1083";10,9;2;0,1
"1098";11;2;0,1
"1103";11,1;2;0,1
"1118";11,2;2;0,1
"1123";11,3;2;0,1
"1138";11,4;2;0,1
"1143";11,5;2;0,1
"1158";11,6;2;0,1
"1163";11,7;2;0,1
"1178";11,8;2;0,1
"1183";11,9;2;0,1
"1198";12;2;0,1
"1203";12,1;2;0,1
"1218";12,2;2;0,1
"1223";12,3;2;0,1
"1238";12,4;2;0,1
"1243";12,5;2;0,1
"1258";12,6;2;0,1
"1263";12,7;2;0,1
"1278";12,8;2;0,1
"1283";12,9;2;0,1
"1298";13;2;0,1
"1303";13,1;2;0,1
"1318";13,2;2;0,1
"1323";13,3;2;0,1
"1338";13,4;2;0,1
"1343";13,5;2;0,1
"1358";13,6;2;0,1
"1363";13,7;2;0,1
"1378";13,8;2;0,1
"1383";13,9;2;0,1
"1398";14;2;0,1
"1403";14,1;2;0,1
"1418";14,2;2;0,1
"1423";14,3;2;0,1
"1438";14,4;2;0,1
"1443";14,5;2;0,1
"1458";14,6;2;0,1
"1463";14,7;2;0,1
"1478";14,8;2;0,1
"1483";14,9;2;0,1
"1498";15;2;0,1
"1503";15,1;2;0,1
"1518";15,2;2;0,1
"1523";15,3;2;0,1
"1538";15,4;2;0,1
"1543";15,5;2;0,1
"1558";15,6;2;0,1
"1563";15,7;2;0,1
"1578";15,8;2;0,1
"1583";15,9;2;0,1
"1598";16;2;0,1
"1603";16,1;2;0,1
"1618";16,2;2;0,1
"1623";16,3;2;0,1
"1638";16,4;2;0,1
"1643";16,5;2;0,1
"1658";16,6;2;0,1
"1663";16,7;2;0,1
"1678";16,8;2;0,1
"1683";16,9;2;0,1
"1698";17;2;0,1
"1703";17,1;2;0,1
"1718";17,2;2;0,1
"1723";17,3;2;0,1
"1738";17,4;2;0,1
"1743";17,5;2;0,1
"1758";17,6;2;0,1
"1763";17,7;2;0,1
"1778";17,8;2;0,1
"1783";17,9;2;0,1
"1798";18;2;0,1
"1803";18,1;2;0,1
"1818";18,2;2;0,1
"1823";18,3;2;0,1
"1838";18,4;2;0,1
"1843";18,5;2;0,1
"1858";18,6;2;0,1
"1863";18,7;2;0,1
"1878";18,8;2;0,1
"1883";18,9;2;0,1
"1898";19;2;0,1
"1903";19,1;2;0,1
"1918";19,2;2;0,1
"1923";19,3;2;0,1
"1938";19,4;2;0,1
"1943";19,5;2;0,1
"1958";19,6;2;0,1
"1963";19,7;2;0,1
"1978";19,8;2;0,1
"1983";19,9;2;0,1
"1998";20;2;0,1
"2003";20,1;2;0,1
"2018";20,2;2;0,1
"2023";20,3;2;0,1
"2038";20,4;2;0,1
"2043";20,5;2;0,1
"2058";20,6;2;0,1
"2063";20,7;2;0,1
"2078";20,8;2;0,1
"2083";20,9;2;0,1
"2098";21;2;0,1
"2103";21,1;2;0,1
"2118";21,2;2;0,1
"2123";21,3;2;0,1
"2138";21,4;2;0,1
"2143";21,5;2;0,1
"2158";21,6;2;0,1
"2163";21,7;2;0,1
"2178";21,8;2;0,1
"2183";21,9;2;0,1
"2198";22;2;0,1
"2203";22,1;2;0,1
"2218";22,2;2;0,1
"2223";22,3;2;0,1
"2238";22,4;2;0,1
"2243";22,5;2;0,1
"2258";22,6;2;0,1
"2263";22,7;2;0,1
"2278";22,8;2;0,1
"2283";22,9;2;0,1
"2298";23;2;0,1
"2303";23,1;2;0,1
"2318";23,2;2;0,1
"2323";23,3;2;0,1
"2338";23,4;2;0,1
"2343";23,5;2;0,1
"2358";23,6;2;0,1
"2363";23,7;2;0,1
"2378";23,8;2;0,1
"2383";23,9;2;0,1
"2398";24;2;0,1
"2403";24,1;2;0,1
"2418";24,2;2;0,1
"2423";24,3;2;0,1
"2438";24,4;2;0,1
"2443";24,5;2;0,1
"2458";24,6;2;0,1
"2463";24,7;2;0,1
"2478";24,8;2;0,1
"2483";24,9;2;0,1
"2498";25;2;0,1
"2503";25,1;2;0,1
"2516";25,2;2;0,1
"2521";25,3;2;0,1
"2534";25,4;2;0,1
"2539";25,5;2;0,1
"2552";25,6;2;0,1
"2557";25,7;2;0,1
"2570";25,8;2;0,1
"2575";25,9;2;0,1
"2588";26;2;0,1
"2593";26,1;2;0,1
"2606";26,2;2;0,1
"2611";26,3;2;0,1
"2624";26,4;2;0,1
"2629";26,5;2;0,1
"2642";26,6;2;0,1
"2647";26,7;2;0,1
"2660";26,8;2;0,1
"2665";26,9;2;0,1
"2678";27;2;0,1
"2683";27,1;2;0,1
"2696";27,2;2;0,1
"2701";27,3;2;0,1
"2714";27,4;2;0,1
"2719";27,5;2;0,1
"2732";27,6;2;0,1
"2737";27,7;2;0,1
"2750";27,8;2;0,1
"2755";27,9;2;0,1
"2768";28;2;0,1
"2773";28,1;2;0,1
"2786";28,2;2;0,1
"2791";28,3;2;0,1
"2804";28,4;2;0,1
"2809";28,5;2;0,1
"2822";28,6;2;0,1
"2827";28,7;2;0,1
"2840";28,8;2;0,1
"2845";28,9;2;0,1
"2858";29;2;0,1
"2863";29,1;2;0,1
"2876";29,2;2;0,1
"2881";29,3;2;0,1
"2894";29,4;2;0,1
"2899";29,5;2;0,1
"2912";29,6;2;0,1
"2917";29,7;2;0,1
"2930";29,8;2;0,1
"2935";29,9;2;0,1
"2948";30;2;0,1
"2953";30,1;2;0,1
"2966";30,2;2;0,1
"2971";30,3;2;0,1
"2984";30,4;2;0,1
"2989";30,5;2;0,1
"3002";30,6;2;0,1
"3007";30,7;2;0,1
"3020";30,8;2;0,1
"3025";30,9;2;0,1
"3038";31;2;0,1
"3043";31,1;2;0,1
"3056";31,2;2;0,1
"3061";31,3;2;0,1
"3074";31,4;2;0,1
"3079";31,5;2;0,1
"3092";31,6;2;0,1
"3097";31,7;2;0,1
"3110";31,8;2;0,1
"3115";31,9;2;0,1
"3128";32;2;0,1
"3133";32,1;2;0,1
"3146";32,2;2;0,1
"3151";32,3;2;0,1
"3164";32,4;2;0,1
"3169";32,5;2;0,1
"3182";32,6;2;0,1
"3187";32,7;2;0,1
"3200";32,8;2;0,1
"3205";32,9;2;0,1
"3218";33;2;0,1
"3223";33,1;2;0,1
"3236";33,2;2;0,1
"3241";33,3;2;0,1
"3254";33,4;2;0,1
"3259";33,5;2;0,1
"3272";33,6;2;0,1
"3277";33,7;2;0,1
"3290";33,8;2;0,1
"3295";33,9;2;0,1
"3308";34;2;0,1
"3313";34,1;2;0,1
"3326";34,2;2;0,1
"3331";34,3;2;0,1
"3344";34,4;2;0,1
"3349";34,5;2;0,1
"3362";34,6;2;0,1
"3367";34,7;2;0,1
"3380";34,8;2;0,1
"3385";34,9;2;0,1
"3398";35;2;0,1
"3403";35,1;2;0,1
"3412";35,2;2;0,1
"3417";35,3;2;0,1
"3426";35,4;2;0,1
"3431";35,5;2;0,1
"3440";35,6;2;0,1
"3445";35,7;2;0,1
"3454";35,8;2;0,1
"3459";35,9;2;0,1
"3468";36;2;0,1
"3473";36,1;2;0,1
"3482";36,2;2;0,1
"3487";36,3;2;0,1
"3496";36,4;2;0,1
"3501";36,5;2;0,1
"3510";36,6;2;0,1
"3515";36,7;2;0,1
"3524";36,8;2;0,1
"3529";36,9;2;0,1
"3538";37;2;0,1
"3543";37,1;2;0,1
"3552";37,2;2;0,1
"3557";37,3;2;0,1
"3566";37,4;2;0,1
"3571";37,5;2;0,1
"3580";37,6;2;0,1
"3585";37,7;2;0,1
"3594";37,8;2;0,1
"3599";37,9;2;0,1
"3608";38;2;0,1
"3613";38,1;2;0,1
"3620";38,2;2;0,1
"3625";38,3;2;0,1
"3632";38,4;2;0,1
"3637";38,5;2;0,1
"3644";38,6;2;0,1
"3649";38,7;2;0,1
"3656";38,8;2;0,1
"3661";38,9;2;0,1
"3668";39;2;0,1
"3673";39,1;2;0,1
"3680";39,2;2;0,1
"3685";39,3;2;0,1
"3692";39,4;2;0,1
"3697";39,5;2;0,1
"3704";39,6;2;0,1
"3709";39,7;2;0,1
"3716";39,8;2;0,1
"3721";39,9;2;0,1
"3728";40;2;0,1
"3733";40,1;2;0,1
"3740";40,2;2;0,1
"3745";40,3;2;0,1
"3752";40,4;2;0,1
"3757";40,5;2;0,1
"3764";40,6;2;0,1
"3769";40,7;2;0,1
"3776";40,8;2;0,1
"3781";40,9;2;0,1
"3788";41;2;0,1
"3793";41,1;2;0,1
"3800";41,2;2;0,1
"3805";41,3;2;0,1
"3812";41,4;2;0,1
"3817";41,5;2;0,1
"3824";41,6;2;0,1
"3829";41,7;2;0,1
"3836";41,8;2;0,1
"3841";41,9;2;0,1
"3848";42;2;0,1
"3853";42,1;2;0,1
"3858";42,2;2;0,1
"3863";42,3;2;0,1
"3868";42,4;2;0,1
"3873";42,5;2;0,1
"3878";42,6;2;0,1
"3883";42,7;2;0,1
"3888";42,8;2;0,1
"3893";42,9;2;0,1
"3898";43;2;0,1
"3903";43,1;2;0,1
"3906";43,2;2;0,1
"3911";43,3;2;0,1
"3914";43,4;2;0,1
"3919";43,5;2;0,1
"3922";43,6;2;0,1
"3927";43,7;2;0,1
"3930";43,8;2;0,1
"3935";43,9;2;0,1
"3938";44;2;0,1
"3943";44,1;2;0,1
"3946";44,2;2;0,1
"3951";44,3;2;0,1
"3954";44,4;2;0,1
"3959";44,5;2;0,1
"3962";44,6;2;0,1
"3967";44,7;2;0,1
"3970";44,8;2;0,1
"3975";44,9;2;0,1
"3978";45;2;0,1
"3983";45,1;2;0,1
"3986";45,2;2;0,1
"3991";45,3;2;0,1
"3994";45,4;2;0,1
"3999";45,5;2;0,1
"4002";45,6;2;0,1
"4007";45,7;2;0,1
"4010";45,8;2;0,1
"4015";45,9;2;0,1
"4018";46;2;0,1
"4023";46,1;2;0,1
"4026";46,2;2;0,1
"4031";46,3;2;0,1
"4034";46,4;2;0,1
"4039";46,5;2;0,1
"4042";46,6;2;0,1
"4047";46,7;2;0,1
"4050";46,8;2;0,1
"4055";46,9;2;0,1
"4058";47;2;0,1
"4061";47,1;2;0,1
"4064";47,2;2;0,1
"4065";47,3;2;0,1
"4068";47,4;2;0,1
"4069";47,5;2;0,1
"4072";47,6;2;0,1
"4073";47,7;2;0,1
"4076";47,8;2;0,1
"4077";47,9;2;0,1
"4080";48;2;0,1
"4081";48,1;2;0,1
"4084";48,2;2;0,1
"4085";48,3;2;0,1
"4088";48,4;2;0,1
"4089";48,5;2;0,1
"4092";48,6;2;0,1
"4093";48,7;2;0,1
"4096";48,8;2;0,1
"4097";48,9;2;0,1
"4100";49;2;0,1
"4101";49,1;2;0,1
"4104";49,2;2;0,1
"4105";49,3;2;0,1
"4108";49,4;2;0,1
"4109";49,5;2;0,1
"4112";49,6;2;0,1
"4113";49,7;2;0,1
"4116";49,8;2;0,1
"4117";49,9;2;0,1
"4120";50;2;0,1
"4121";50,1;2;0,1
"4124";50,2;2;0,1
"4125";50,3;2;0,1
"4128";50,4;2;0,1
"4129";50,5;2;0,1
"4132";50,6;2;0,1
"4133";50,7;2;0,1
"4136";50,8;2;0,1
"4137";50,9;2;0,1
"4140";51;2;0,1
"4141";51,1;2;0,1
"4144";51,2;2;0,1
"4145";51,3;2;0,1
"4148";51,4;2;0,1
"4149";51,5;2;0,1
"4152";51,6;2;0,1
"4153";51,7;2;0,1
"4156";51,8;2;0,1
"4157";51,9;2;0,1
"4160";52;2;0,1
"4161";52,1;2;0,1
"4164";52,2;2;0,1
"4165";52,3;2;0,1
"4168";52,4;2;0,1
"4169";52,5;2;0,1
"4172";52,6;2;0,1
"4173";52,7;2;0,1
"4176";52,8;2;0,1
"4177";52,9;2;0,1
"4180";53;2;0,1
"4181";53,1;2;0,1
"4184";53,2;2;0,1
"4185";53,3;2;0,1
"4188";53,4;2;0,1
"4189";53,5;2;0,1
"4192";53,6;2;0,1
"4193";53,7;2;0,1
"4196";53,8;2;0,1
"4197";53,9;2;0,1
"4200";54;2;0,1
"4201";54,1;2;0,1
"4202";54,2;2;0,1
"4203";54,3;2;0,1
"4204";54,4;2;0,1
"4205";54,5;2;0,1
"4206";54,6;2;0,1
"4207";54,7;2;0,1
"4208";54,8;2;0,1
"4209";54,9;2;0,1
"4210";55;2;0,1
"4";0,1;3;0,1
"17";0,2;3;0,1
"24";0,3;3;0,1
"37";0,4;3;0,1
"44";0,5;3;0,1
"57";0,6;3;0,1
"64";0,7;3;0,1
"77";0,8;3;0,1
"84";0,9;3;0,1
"97";1;3;0,1
"104";1,1;3;0,1
"117";1,2;3;0,1
"124";1,3;3;0,1
"137";1,4;3;0,1
"144";1,5;3;0,1
"157";1,6;3;0,1
"164";1,7;3;0,1
"177";1,8;3;0,1
"184";1,9;3;0,1
"197";2;3;0,1
"204";2,1;3;0,1
"217";2,2;3;0,1
"224";2,3;3;0,1
"237";2,4;3;0,1
"244";2,5;3;0,1
"257";2,6;3;0,1
"264";2,7;3;0,1
"277";2,8;3;0,1
"284";2,9;3;0,1
"297";3;3;0,1
"304";3,1;3;0,1
"317";3,2;3;0,1
"324";3,3;3;0,1
"337";3,4;3;0,1
"344";3,5;3;0,1
"357";3,6;3;0,1
"364";3,7;3;0,1
"377";3,8;3;0,1
"384";3,9;3;0,1
"397";4;3;0,1
"404";4,1;3;0,1
"417";4,2;3;0,1
"424";4,3;3;0,1
"437";4,4;3;0,1
"444";4,5;3;0,1
"457";4,6;3;0,1
"464";4,7;3;0,1
"477";4,8;3;0,1
"484";4,9;3;0,1
"497";5;3;0,1
"504";5,1;3;0,1
"517";5,2;3;0,1
"524";5,3;3;0,1
"537";5,4;3;0,1
"544";5,5;3;0,1
"557";5,6;3;0,1
"564";5,7;3;0,1
"577";5,8;3;0,1
"584";5,9;3;0,1
"597";6;3;0,1
"604";6,1;3;0,1
"617";6,2;3;0,1
"624";6,3;3;0,1
"637";6,4;3;0,1
"644";6,5;3;0,1
"657";6,6;3;0,1
"664";6,7;3;0,1
"677";6,8;3;0,1
"684";6,9;3;0,1
"697";7;3;0,1
"704";7,1;3;0,1
"717";7,2;3;0,1
"724";7,3;3;0,1
"737";7,4;3;0,1
"744";7,5;3;0,1
"757";7,6;3;0,1
"764";7,7;3;0,1
"777";7,8;3;0,1
"784";7,9;3;0,1
"797";8;3;0,1
"804";8,1;3;0,1
"817";8,2;3;0,1
"824";8,3;3;0,1
"837";8,4;3;0,1
"844";8,5;3;0,1
"857";8,6;3;0,1
"864";8,7;3;0,1
"877";8,8;3;0,1
"884";8,9;3;0,1
"897";9;3;0,1
"904";9,1;3;0,1
"917";9,2;3;0,1
"924";9,3;3;0,1
"937";9,4;3;0,1
"944";9,5;3;0,1
"957";9,6;3;0,1
"964";9,7;3;0,1
"977";9,8;3;0,1
"984";9,9;3;0,1
"997";10;3;0,1
"1004";10,1;3;0,1
"1017";10,2;3;0,1
"1024";10,3;3;0,1
"1037";10,4;3;0,1
"1044";10,5;3;0,1
"1057";10,6;3;0,1
"1064";10,7;3;0,1
"1077";10,8;3;0,1
"1084";10,9;3;0,1
"1097";11;3;0,1
"1104";11,1;3;0,1
"1117";11,2;3;0,1
"1124";11,3;3;0,1
"1137";11,4;3;0,1
"1144";11,5;3;0,1
"1157";11,6;3;0,1
"1164";11,7;3;0,1
"1177";11,8;3;0,1
"1184";11,9;3;0,1
"1197";12;3;0,1
"1204";12,1;3;0,1
"1217";12,2;3;0,1
"1224";12,3;3;0,1
"1237";12,4;3;0,1
"1244";12,5;3;0,1
"1257";12,6;3;0,1
"1264";12,7;3;0,1
"1277";12,8;3;0,1
"1284";12,9;3;0,1
"1297";13;3;0,1
"1304";13,1;3;0,1
"1317";13,2;3;0,1
"1324";13,3;3;0,1
"1337";13,4;3;0,1
"1344";13,5;3;0,1
"1357";13,6;3;0,1
"1364";13,7;3;0,1
"1377";13,8;3;0,1
"1384";13,9;3;0,1
"1397";14;3;0,1
"1404";14,1;3;0,1
"1417";14,2;3;0,1
"1424";14,3;3;0,1
"1437";14,4;3;0,1
"1444";14,5;3;0,1
"1457";14,6;3;0,1
"1464";14,7;3;0,1
"1477";14,8;3;0,1
"1484";14,9;3;0,1
"1497";15;3;0,1
"1504";15,1;3;0,1
"1517";15,2;3;0,1
"1524";15,3;3;0,1
"1537";15,4;3;0,1
"1544";15,5;3;0,1
"1557";15,6;3;0,1
"1564";15,7;3;0,1
"1577";15,8;3;0,1
"1584";15,9;3;0,1
"1597";16;3;0,1
"1604";16,1;3;0,1
"1617";16,2;3;0,1
"1624";16,3;3;0,1
"1637";16,4;3;0,1
"1644";16,5;3;0,1
"1657";16,6;3;0,1
"1664";16,7;3;0,1
"1677";16,8;3;0,1
"1684";16,9;3;0,1
"1697";17;3;0,1
"1704";17,1;3;0,1
"1717";17,2;3;0,1
"1724";17,3;3;0,1
"1737";17,4;3;0,1
"1744";17,5;3;0,1
"1757";17,6;3;0,1
"1764";17,7;3;0,1
"1777";17,8;3;0,1
"1784";17,9;3;0,1
"1797";18;3;0,1
"1804";18,1;3;0,1
"1817";18,2;3;0,1
"1824";18,3;3;0,1
"1837";18,4;3;0,1
"1844";18,5;3;0,1
"1857";18,6;3;0,1
"1864";18,7;3;0,1
"1877";18,8;3;0,1
"1884";18,9;3;0,1
"1897";19;3;0,1
"1904";19,1;3;0,1
"1917";19,2;3;0,1
"1924";19,3;3;0,1
"1937";19,4;3;0,1
"1944";19,5;3;0,1
"1957";19,6;3;0,1
"1964";19,7;3;0,1
"1977";19,8;3;0,1
"1984";19,9;3;0,1
"1997";20;3;0,1
"2004";20,1;3;0,1
"2017";20,2;3;0,1
"2024";20,3;3;0,1
"2037";20,4;3;0,1
"2044";20,5;3;0,1
"2057";20,6;3;0,1
"2064";20,7;3;0,1
"2077";20,8;3;0,1
"2084";20,9;3;0,1
"2097";21;3;0,1
"2104";21,1;3;0,1
"2117";21,2;3;0,1
"2124";21,3;3;0,1
"2137";21,4;3;0,1
"2144";21,5;3;0,1
"2157";21,6;3;0,1
"2164";21,7;3;0,1
"2177";21,8;3;0,1
"2184";21,9;3;0,1
"2197";22;3;0,1
"2204";22,1;3;0,1
"2217";22,2;3;0,1
"2224";22,3;3;0,1
"2237";22,4;3;0,1
"2244";22,5;3;0,1
"2257";22,6;3;0,1
"2264";22,7;3;0,1
"2277";22,8;3;0,1
"2284";22,9;3;0,1
"2297";23;3;0,1
"2304";23,1;3;0,1
"2317";23,2;3;0,1
"2324";23,3;3;0,1
"2337";23,4;3;0,1
"2344";23,5;3;0,1
"2357";23,6;3;0,1
"2364";23,7;3;0,1
"2377";23,8;3;0,1
"2384";23,9;3;0,1
"2397";24;3;0,1
"2404";24,1;3;0,1
"2417";24,2;3;0,1
"2424";24,3;3;0,1
"2437";24,4;3;0,1
"2444";24,5;3;0,1
"2457";24,6;3;0,1
"2464";24,7;3;0,1
"2477";24,8;3;0,1
"2484";24,9;3;0,1
"2497";25;3;0,1
"2504";25,1;3;0,1
"2515";25,2;3;0,1
"2522";25,3;3;0,1
"2533";25,4;3;0,1
"2540";25,5;3;0,1
"2551";25,6;3;0,1
"2558";25,7;3;0,1
"2569";25,8;3;0,1
"2576";25,9;3;0,1
"2587";26;3;0,1
"2594";26,1;3;0,1
"2605";26,2;3;0,1
"2612";26,3;3;0,1
"2623";26,4;3;0,1
"2630";26,5;3;0,1
"2641";26,6;3;0,1
"2648";26,7;3;0,1
"2659";26,8;3;0,1
"2666";26,9;3;0,1
"2677";27;3;0,1
"2684";27,1;3;0,1
"2695";27,2;3;0,1
"2702";27,3;3;0,1
"2713";27,4;3;0,1
"2720";27,5;3;0,1
"2731";27,6;3;0,1
"2738";27,7;3;0,1
"2749";27,8;3;0,1
"2756";27,9;3;0,1
"2767";28;3;0,1
"2774";28,1;3;0,1
"2785";28,2;3;0,1
"2792";28,3;3;0,1
"2803";28,4;3;0,1
"2810";28,5;3;0,1
"2821";28,6;3;0,1
"2828";28,7;3;0,1
"2839";28,8;3;0,1
"2846";28,9;3;0,1
"2857";29;3;0,1
"2864";29,1;3;0,1
"2875";29,2;3;0,1
"2882";29,3;3;0,1
"2893";29,4;3;0,1
"2900";29,5;3;0,1
"2911";29,6;3;0,1
"2918";29,7;3;0,1
"2929";29,8;3;0,1
"2936";29,9;3;0,1
"2947";30;3;0,1
"2954";30,1;3;0,1
"2965";30,2;3;0,1
"2972";30,3;3;0,1
"2983";30,4;3;0,1
"2990";30,5;3;0,1
"3001";30,6;3;0,1
"3008";30,7;3;0,1
"3019";30,8;3;0,1
"3026";30,9;3;0,1
"3037";31;3;0,1
"3044";31,1;3;0,1
"3055";31,2;3;0,1
"3062";31,3;3;0,1
"3073";31,4;3;0,1
"3080";31,5;3;0,1
"3091";31,6;3;0,1
"3098";31,7;3;0,1
"3109";31,8;3;0,1
"3116";31,9;3;0,1
"3127";32;3;0,1
"3134";32,1;3;0,1
"3145";32,2;3;0,1
"3152";32,3;3;0,1
"3163";32,4;3;0,1
"3170";32,5;3;0,1
"3181";32,6;3;0,1
"3188";32,7;3;0,1
"3199";32,8;3;0,1
"3206";32,9;3;0,1
"3217";33;3;0,1
"3224";33,1;3;0,1
"3235";33,2;3;0,1
"3242";33,3;3;0,1
"3253";33,4;3;0,1
"3260";33,5;3;0,1
"3271";33,6;3;0,1
"3278";33,7;3;0,1
"3289";33,8;3;0,1
"3296";33,9;3;0,1
"3307";34;3;0,1
"3314";34,1;3;0,1
"3325";34,2;3;0,1
"3332";34,3;3;0,1
"3343";34,4;3;0,1
"3350";34,5;3;0,1
"3361";34,6;3;0,1
"3368";34,7;3;0,1
"3379";34,8;3;0,1
"3386";34,9;3;0,1
"3397";35;3;0,1
"3404";35,1;3;0,1
"3411";35,2;3;0,1
"3418";35,3;3;0,1
"3425";35,4;3;0,1
"3432";35,5;3;0,1
"3439";35,6;3;0,1
"3446";35,7;3;0,1
"3453";35,8;3;0,1
"3460";35,9;3;0,1
"3467";36;3;0,1
"3474";36,1;3;0,1
"3481";36,2;3;0,1
"3488";36,3;3;0,1
"3495";36,4;3;0,1
"3502";36,5;3;0,1
"3509";36,6;3;0,1
"3516";36,7;3;0,1
"3523";36,8;3;0,1
"3530";36,9;3;0,1
"3537";37;3;0,1
"3544";37,1;3;0,1
"3551";37,2;3;0,1
"3558";37,3;3;0,1
"3565";37,4;3;0,1
"3572";37,5;3;0,1
"3579";37,6;3;0,1
"3586";37,7;3;0,1
"3593";37,8;3;0,1
"3600";37,9;3;0,1
"3607";38;3;0,1
"3614";38,1;3;0,1
"3619";38,2;3;0,1
"3626";38,3;3;0,1
"3631";38,4;3;0,1
"3638";38,5;3;0,1
"3643";38,6;3;0,1
"3650";38,7;3;0,1
"3655";38,8;3;0,1
"3662";38,9;3;0,1
"3667";39;3;0,1
"3674";39,1;3;0,1
"3679";39,2;3;0,1
"3686";39,3;3;0,1
"3691";39,4;3;0,1
"3698";39,5;3;0,1
"3703";39,6;3;0,1
"3710";39,7;3;0,1
"3715";39,8;3;0,1
"3722";39,9;3;0,1
"3727";40;3;0,1
"3734";40,1;3;0,1
"3739";40,2;3;0,1
"3746";40,3;3;0,1
"3751";40,4;3;0,1
"3758";40,5;3;0,1
"3763";40,6;3;0,1
"3770";40,7;3;0,1
"3775";40,8;3;0,1
"3782";40,9;3;0,1
"3787";41;3;0,1
"3794";41,1;3;0,1
"3799";41,2;3;0,1
"3806";41,3;3;0,1
"3811";41,4;3;0,1
"3818";41,5;3;0,1
"3823";41,6;3;0,1
"3830";41,7;3;0,1
"3835";41,8;3;0,1
"3842";41,9;3;0,1
"3847";42;3;0,1
"3854";42,1;3;0,1
"3857";42,2;3;0,1
"3864";42,3;3;0,1
"3867";42,4;3;0,1
"3874";42,5;3;0,1
"3877";42,6;3;0,1
"3884";42,7;3;0,1
"3887";42,8;3;0,1
"3894";42,9;3;0,1
"3897";43;3;0,1
"5";0,1;4;0,1
"16";0,2;4;0,1
"25";0,3;4;0,1
"36";0,4;4;0,1
"45";0,5;4;0,1
"56";0,6;4;0,1
"65";0,7;4;0,1
"76";0,8;4;0,1
"85";0,9;4;0,1
"96";1;4;0,1
"105";1,1;4;0,1
"116";1,2;4;0,1
"125";1,3;4;0,1
"136";1,4;4;0,1
"145";1,5;4;0,1
"156";1,6;4;0,1
"165";1,7;4;0,1
"176";1,8;4;0,1
"185";1,9;4;0,1
"196";2;4;0,1
"205";2,1;4;0,1
"216";2,2;4;0,1
"225";2,3;4;0,1
"236";2,4;4;0,1
"245";2,5;4;0,1
"256";2,6;4;0,1
"265";2,7;4;0,1
"276";2,8;4;0,1
"285";2,9;4;0,1
"296";3;4;0,1
"305";3,1;4;0,1
"316";3,2;4;0,1
"325";3,3;4;0,1
"336";3,4;4;0,1
"345";3,5;4;0,1
"356";3,6;4;0,1
"365";3,7;4;0,1
"376";3,8;4;0,1
"385";3,9;4;0,1
"396";4;4;0,1
"405";4,1;4;0,1
"416";4,2;4;0,1
"425";4,3;4;0,1
"436";4,4;4;0,1
"445";4,5;4;0,1
"456";4,6;4;0,1
"465";4,7;4;0,1
"476";4,8;4;0,1
"485";4,9;4;0,1
"496";5;4;0,1
"505";5,1;4;0,1
"516";5,2;4;0,1
"525";5,3;4;0,1
"536";5,4;4;0,1
"545";5,5;4;0,1
"556";5,6;4;0,1
"565";5,7;4;0,1
"576";5,8;4;0,1
"585";5,9;4;0,1
"596";6;4;0,1
"605";6,1;4;0,1
"616";6,2;4;0,1
"625";6,3;4;0,1
"636";6,4;4;0,1
"645";6,5;4;0,1
"656";6,6;4;0,1
"665";6,7;4;0,1
"676";6,8;4;0,1
"685";6,9;4;0,1
"696";7;4;0,1
"705";7,1;4;0,1
"716";7,2;4;0,1
"725";7,3;4;0,1
"736";7,4;4;0,1
"745";7,5;4;0,1
"756";7,6;4;0,1
"765";7,7;4;0,1
"776";7,8;4;0,1
"785";7,9;4;0,1
"796";8;4;0,1
"805";8,1;4;0,1
"816";8,2;4;0,1
"825";8,3;4;0,1
"836";8,4;4;0,1
"845";8,5;4;0,1
"856";8,6;4;0,1
"865";8,7;4;0,1
"876";8,8;4;0,1
"885";8,9;4;0,1
"896";9;4;0,1
"905";9,1;4;0,1
"916";9,2;4;0,1
"925";9,3;4;0,1
"936";9,4;4;0,1
"945";9,5;4;0,1
"956";9,6;4;0,1
"965";9,7;4;0,1
"976";9,8;4;0,1
"985";9,9;4;0,1
"996";10;4;0,1
"1005";10,1;4;0,1
"1016";10,2;4;0,1
"1025";10,3;4;0,1
"1036";10,4;4;0,1
"1045";10,5;4;0,1
"1056";10,6;4;0,1
"1065";10,7;4;0,1
"1076";10,8;4;0,1
"1085";10,9;4;0,1
"1096";11;4;0,1
"1105";11,1;4;0,1
"1116";11,2;4;0,1
"1125";11,3;4;0,1
"1136";11,4;4;0,1
"1145";11,5;4;0,1
"1156";11,6;4;0,1
"1165";11,7;4;0,1
"1176";11,8;4;0,1
"1185";11,9;4;0,1
"1196";12;4;0,1
"1205";12,1;4;0,1
"1216";12,2;4;0,1
"1225";12,3;4;0,1
"1236";12,4;4;0,1
"1245";12,5;4;0,1
"1256";12,6;4;0,1
"1265";12,7;4;0,1
"1276";12,8;4;0,1
"1285";12,9;4;0,1
"1296";13;4;0,1
"1305";13,1;4;0,1
"1316";13,2;4;0,1
"1325";13,3;4;0,1
"1336";13,4;4;0,1
"1345";13,5;4;0,1
"1356";13,6;4;0,1
"1365";13,7;4;0,1
"1376";13,8;4;0,1
"1385";13,9;4;0,1
"1396";14;4;0,1
"1405";14,1;4;0,1
"1416";14,2;4;0,1
"1425";14,3;4;0,1
"1436";14,4;4;0,1
"1445";14,5;4;0,1
"1456";14,6;4;0,1
"1465";14,7;4;0,1
"1476";14,8;4;0,1
"1485";14,9;4;0,1
"1496";15;4;0,1
"1505";15,1;4;0,1
"1516";15,2;4;0,1
"1525";15,3;4;0,1
"1536";15,4;4;0,1
"1545";15,5;4;0,1
"1556";15,6;4;0,1
"1565";15,7;4;0,1
"1576";15,8;4;0,1
"1585";15,9;4;0,1
"1596";16;4;0,1
"1605";16,1;4;0,1
"1616";16,2;4;0,1
"1625";16,3;4;0,1
"1636";16,4;4;0,1
"1645";16,5;4;0,1
"1656";16,6;4;0,1
"1665";16,7;4;0,1
"1676";16,8;4;0,1
"1685";16,9;4;0,1
"1696";17;4;0,1
"1705";17,1;4;0,1
"1716";17,2;4;0,1
"1725";17,3;4;0,1
"1736";17,4;4;0,1
"1745";17,5;4;0,1
"1756";17,6;4;0,1
"1765";17,7;4;0,1
"1776";17,8;4;0,1
"1785";17,9;4;0,1
"1796";18;4;0,1
"1805";18,1;4;0,1
"1816";18,2;4;0,1
"1825";18,3;4;0,1
"1836";18,4;4;0,1
"1845";18,5;4;0,1
"1856";18,6;4;0,1
"1865";18,7;4;0,1
"1876";18,8;4;0,1
"1885";18,9;4;0,1
"1896";19;4;0,1
"1905";19,1;4;0,1
"1916";19,2;4;0,1
"1925";19,3;4;0,1
"1936";19,4;4;0,1
"1945";19,5;4;0,1
"1956";19,6;4;0,1
"1965";19,7;4;0,1
"1976";19,8;4;0,1
"1985";19,9;4;0,1
"1996";20;4;0,1
"2005";20,1;4;0,1
"2016";20,2;4;0,1
"2025";20,3;4;0,1
"2036";20,4;4;0,1
"2045";20,5;4;0,1
"2056";20,6;4;0,1
"2065";20,7;4;0,1
"2076";20,8;4;0,1
"2085";20,9;4;0,1
"2096";21;4;0,1
"2105";21,1;4;0,1
"2116";21,2;4;0,1
"2125";21,3;4;0,1
"2136";21,4;4;0,1
"2145";21,5;4;0,1
"2156";21,6;4;0,1
"2165";21,7;4;0,1
"2176";21,8;4;0,1
"2185";21,9;4;0,1
"2196";22;4;0,1
"2205";22,1;4;0,1
"2216";22,2;4;0,1
"2225";22,3;4;0,1
"2236";22,4;4;0,1
"2245";22,5;4;0,1
"2256";22,6;4;0,1
"2265";22,7;4;0,1
"2276";22,8;4;0,1
"2285";22,9;4;0,1
"2296";23;4;0,1
"2305";23,1;4;0,1
"2316";23,2;4;0,1
"2325";23,3;4;0,1
"2336";23,4;4;0,1
"2345";23,5;4;0,1
"2356";23,6;4;0,1
"2365";23,7;4;0,1
"2376";23,8;4;0,1
"2385";23,9;4;0,1
"2396";24;4;0,1
"2405";24,1;4;0,1
"2416";24,2;4;0,1
"2425";24,3;4;0,1
"2436";24,4;4;0,1
"2445";24,5;4;0,1
"2456";24,6;4;0,1
"2465";24,7;4;0,1
"2476";24,8;4;0,1
"2485";24,9;4;0,1
"2496";25;4;0,1
"2505";25,1;4;0,1
"2514";25,2;4;0,1
"2523";25,3;4;0,1
"2532";25,4;4;0,1
"2541";25,5;4;0,1
"2550";25,6;4;0,1
"2559";25,7;4;0,1
"2568";25,8;4;0,1
"2577";25,9;4;0,1
"2586";26;4;0,1
"2595";26,1;4;0,1
"2604";26,2;4;0,1
"2613";26,3;4;0,1
"2622";26,4;4;0,1
"2631";26,5;4;0,1
"2640";26,6;4;0,1
"2649";26,7;4;0,1
"2658";26,8;4;0,1
"2667";26,9;4;0,1
"2676";27;4;0,1
"2685";27,1;4;0,1
"2694";27,2;4;0,1
"2703";27,3;4;0,1
"2712";27,4;4;0,1
"2721";27,5;4;0,1
"2730";27,6;4;0,1
"2739";27,7;4;0,1
"2748";27,8;4;0,1
"2757";27,9;4;0,1
"2766";28;4;0,1
"2775";28,1;4;0,1
"2784";28,2;4;0,1
"2793";28,3;4;0,1
"2802";28,4;4;0,1
"2811";28,5;4;0,1
"2820";28,6;4;0,1
"2829";28,7;4;0,1
"2838";28,8;4;0,1
"2847";28,9;4;0,1
"2856";29;4;0,1
"2865";29,1;4;0,1
"2874";29,2;4;0,1
"2883";29,3;4;0,1
"2892";29,4;4;0,1
"2901";29,5;4;0,1
"2910";29,6;4;0,1
"2919";29,7;4;0,1
"2928";29,8;4;0,1
"2937";29,9;4;0,1
"2946";30;4;0,1
"2955";30,1;4;0,1
"2964";30,2;4;0,1
"2973";30,3;4;0,1
"2982";30,4;4;0,1
"2991";30,5;4;0,1
"3000";30,6;4;0,1
"3009";30,7;4;0,1
"3018";30,8;4;0,1
"3027";30,9;4;0,1
"3036";31;4;0,1
"3045";31,1;4;0,1
"3054";31,2;4;0,1
"3063";31,3;4;0,1
"3072";31,4;4;0,1
"3081";31,5;4;0,1
"3090";31,6;4;0,1
"3099";31,7;4;0,1
"3108";31,8;4;0,1
"3117";31,9;4;0,1
"3126";32;4;0,1
"3135";32,1;4;0,1
"3144";32,2;4;0,1
"3153";32,3;4;0,1
"3162";32,4;4;0,1
"3171";32,5;4;0,1
"3180";32,6;4;0,1
"3189";32,7;4;0,1
"3198";32,8;4;0,1
"3207";32,9;4;0,1
"3216";33;4;0,1
"3225";33,1;4;0,1
"3234";33,2;4;0,1
"3243";33,3;4;0,1
"3252";33,4;4;0,1
"3261";33,5;4;0,1
"3270";33,6;4;0,1
"3279";33,7;4;0,1
"3288";33,8;4;0,1
"3297";33,9;4;0,1
"3306";34;4;0,1
"3315";34,1;4;0,1
"3324";34,2;4;0,1
"3333";34,3;4;0,1
"3342";34,4;4;0,1
"3351";34,5;4;0,1
"3360";34,6;4;0,1
"3369";34,7;4;0,1
"3378";34,8;4;0,1
"3387";34,9;4;0,1
"3396";35;4;0,1
"3405";35,1;4;0,1
"3410";35,2;4;0,1
"3419";35,3;4;0,1
"3424";35,4;4;0,1
"3433";35,5;4;0,1
"3438";35,6;4;0,1
"3447";35,7;4;0,1
"3452";35,8;4;0,1
"3461";35,9;4;0,1
"3466";36;4;0,1
"3475";36,1;4;0,1
"3480";36,2;4;0,1
"3489";36,3;4;0,1
"3494";36,4;4;0,1
"3503";36,5;4;0,1
"3508";36,6;4;0,1
"3517";36,7;4;0,1
"3522";36,8;4;0,1
"3531";36,9;4;0,1
"3536";37;4;0,1
"3545";37,1;4;0,1
"3550";37,2;4;0,1
"3559";37,3;4;0,1
"3564";37,4;4;0,1
"3573";37,5;4;0,1
"3578";37,6;4;0,1
"3587";37,7;4;0,1
"3592";37,8;4;0,1
"3601";37,9;4;0,1
"3606";38;4;0,1
"3615";38,1;4;0,1
"3618";38,2;4;0,1
"3627";38,3;4;0,1
"3630";38,4;4;0,1
"3639";38,5;4;0,1
"3642";38,6;4;0,1
"3651";38,7;4;0,1
"3654";38,8;4;0,1
"3663";38,9;4;0,1
"3666";39;4;0,1
"3675";39,1;4;0,1
"3678";39,2;4;0,1
"3687";39,3;4;0,1
"3690";39,4;4;0,1
"3699";39,5;4;0,1
"3702";39,6;4;0,1
"3711";39,7;4;0,1
"3714";39,8;4;0,1
"3723";39,9;4;0,1
"3726";40;4;0,1
"3735";40,1;4;0,1
"3738";40,2;4;0,1
"3747";40,3;4;0,1
"3750";40,4;4;0,1
"3759";40,5;4;0,1
"3762";40,6;4;0,1
"3771";40,7;4;0,1
"3774";40,8;4;0,1
"3783";40,9;4;0,1
"3786";41;4;0,1
"3795";41,1;4;0,1
"3798";41,2;4;0,1
"3807";41,3;4;0,1
"3810";41,4;4;0,1
"3819";41,5;4;0,1
"3822";41,6;4;0,1
"3831";41,7;4;0,1
"3834";41,8;4;0,1
"3843";41,9;4;0,1
"3846";42;4;0,1
"6";0,1;5;0,1
"15";0,2;5;0,1
"26";0,3;5;0,1
"35";0,4;5;0,1
"46";0,5;5;0,1
"55";0,6;5;0,1
"66";0,7;5;0,1
"75";0,8;5;0,1
"86";0,9;5;0,1
"95";1;5;0,1
"106";1,1;5;0,1
"115";1,2;5;0,1
"126";1,3;5;0,1
"135";1,4;5;0,1
"146";1,5;5;0,1
"155";1,6;5;0,1
"166";1,7;5;0,1
"175";1,8;5;0,1
"186";1,9;5;0,1
"195";2;5;0,1
"206";2,1;5;0,1
"215";2,2;5;0,1
"226";2,3;5;0,1
"235";2,4;5;0,1
"246";2,5;5;0,1
"255";2,6;5;0,1
"266";2,7;5;0,1
"275";2,8;5;0,1
"286";2,9;5;0,1
"295";3;5;0,1
"306";3,1;5;0,1
"315";3,2;5;0,1
"326";3,3;5;0,1
"335";3,4;5;0,1
"346";3,5;5;0,1
"355";3,6;5;0,1
"366";3,7;5;0,1
"375";3,8;5;0,1
"386";3,9;5;0,1
"395";4;5;0,1
"406";4,1;5;0,1
"415";4,2;5;0,1
"426";4,3;5;0,1
"435";4,4;5;0,1
"446";4,5;5;0,1
"455";4,6;5;0,1
"466";4,7;5;0,1
"475";4,8;5;0,1
"486";4,9;5;0,1
"495";5;5;0,1
"506";5,1;5;0,1
"515";5,2;5;0,1
"526";5,3;5;0,1
"535";5,4;5;0,1
"546";5,5;5;0,1
"555";5,6;5;0,1
"566";5,7;5;0,1
"575";5,8;5;0,1
"586";5,9;5;0,1
"595";6;5;0,1
"606";6,1;5;0,1
"615";6,2;5;0,1
"626";6,3;5;0,1
"635";6,4;5;0,1
"646";6,5;5;0,1
"655";6,6;5;0,1
"666";6,7;5;0,1
"675";6,8;5;0,1
"686";6,9;5;0,1
"695";7;5;0,1
"706";7,1;5;0,1
"715";7,2;5;0,1
"726";7,3;5;0,1
"735";7,4;5;0,1
"746";7,5;5;0,1
"755";7,6;5;0,1
"766";7,7;5;0,1
"775";7,8;5;0,1
"786";7,9;5;0,1
"795";8;5;0,1
"806";8,1;5;0,1
"815";8,2;5;0,1
"826";8,3;5;0,1
"835";8,4;5;0,1
"846";8,5;5;0,1
"855";8,6;5;0,1
"866";8,7;5;0,1
"875";8,8;5;0,1
"886";8,9;5;0,1
"895";9;5;0,1
"906";9,1;5;0,1
"915";9,2;5;0,1
"926";9,3;5;0,1
"935";9,4;5;0,1
"946";9,5;5;0,1
"955";9,6;5;0,1
"966";9,7;5;0,1
"975";9,8;5;0,1
"986";9,9;5;0,1
"995";10;5;0,1
"1006";10,1;5;0,1
"1015";10,2;5;0,1
"1026";10,3;5;0,1
"1035";10,4;5;0,1
"1046";10,5;5;0,1
"1055";10,6;5;0,1
"1066";10,7;5;0,1
"1075";10,8;5;0,1
"1086";10,9;5;0,1
"1095";11;5;0,1
"1106";11,1;5;0,1
"1115";11,2;5;0,1
"1126";11,3;5;0,1
"1135";11,4;5;0,1
"1146";11,5;5;0,1
"1155";11,6;5;0,1
"1166";11,7;5;0,1
"1175";11,8;5;0,1
"1186";11,9;5;0,1
"1195";12;5;0,1
"1206";12,1;5;0,1
"1215";12,2;5;0,1
"1226";12,3;5;0,1
"1235";12,4;5;0,1
"1246";12,5;5;0,1
"1255";12,6;5;0,1
"1266";12,7;5;0,1
"1275";12,8;5;0,1
"1286";12,9;5;0,1
"1295";13;5;0,1
"1306";13,1;5;0,1
"1315";13,2;5;0,1
"1326";13,3;5;0,1
"1335";13,4;5;0,1
"1346";13,5;5;0,1
"1355";13,6;5;0,1
"1366";13,7;5;0,1
"1375";13,8;5;0,1
"1386";13,9;5;0,1
"1395";14;5;0,1
"1406";14,1;5;0,1
"1415";14,2;5;0,1
"1426";14,3;5;0,1
"1435";14,4;5;0,1
"1446";14,5;5;0,1
"1455";14,6;5;0,1
"1466";14,7;5;0,1
"1475";14,8;5;0,1
"1486";14,9;5;0,1
"1495";15;5;0,1
"1506";15,1;5;0,1
"1515";15,2;5;0,1
"1526";15,3;5;0,1
"1535";15,4;5;0,1
"1546";15,5;5;0,1
"1555";15,6;5;0,1
"1566";15,7;5;0,1
"1575";15,8;5;0,1
"1586";15,9;5;0,1
"1595";16;5;0,1
"1606";16,1;5;0,1
"1615";16,2;5;0,1
"1626";16,3;5;0,1
"1635";16,4;5;0,1
"1646";16,5;5;0,1
"1655";16,6;5;0,1
"1666";16,7;5;0,1
"1675";16,8;5;0,1
"1686";16,9;5;0,1
"1695";17;5;0,1
"1706";17,1;5;0,1
"1715";17,2;5;0,1
"1726";17,3;5;0,1
"1735";17,4;5;0,1
"1746";17,5;5;0,1
"1755";17,6;5;0,1
"1766";17,7;5;0,1
"1775";17,8;5;0,1
"1786";17,9;5;0,1
"1795";18;5;0,1
"1806";18,1;5;0,1
"1815";18,2;5;0,1
"1826";18,3;5;0,1
"1835";18,4;5;0,1
"1846";18,5;5;0,1
"1855";18,6;5;0,1
"1866";18,7;5;0,1
"1875";18,8;5;0,1
"1886";18,9;5;0,1
"1895";19;5;0,1
"1906";19,1;5;0,1
"1915";19,2;5;0,1
"1926";19,3;5;0,1
"1935";19,4;5;0,1
"1946";19,5;5;0,1
"1955";19,6;5;0,1
"1966";19,7;5;0,1
"1975";19,8;5;0,1
"1986";19,9;5;0,1
"1995";20;5;0,1
"2006";20,1;5;0,1
"2015";20,2;5;0,1
"2026";20,3;5;0,1
"2035";20,4;5;0,1
"2046";20,5;5;0,1
"2055";20,6;5;0,1
"2066";20,7;5;0,1
"2075";20,8;5;0,1
"2086";20,9;5;0,1
"2095";21;5;0,1
"2106";21,1;5;0,1
"2115";21,2;5;0,1
"2126";21,3;5;0,1
"2135";21,4;5;0,1
"2146";21,5;5;0,1
"2155";21,6;5;0,1
"2166";21,7;5;0,1
"2175";21,8;5;0,1
"2186";21,9;5;0,1
"2195";22;5;0,1
"2206";22,1;5;0,1
"2215";22,2;5;0,1
"2226";22,3;5;0,1
"2235";22,4;5;0,1
"2246";22,5;5;0,1
"2255";22,6;5;0,1
"2266";22,7;5;0,1
"2275";22,8;5;0,1
"2286";22,9;5;0,1
"2295";23;5;0,1
"2306";23,1;5;0,1
"2315";23,2;5;0,1
"2326";23,3;5;0,1
"2335";23,4;5;0,1
"2346";23,5;5;0,1
"2355";23,6;5;0,1
"2366";23,7;5;0,1
"2375";23,8;5;0,1
"2386";23,9;5;0,1
"2395";24;5;0,1
"2406";24,1;5;0,1
"2415";24,2;5;0,1
"2426";24,3;5;0,1
"2435";24,4;5;0,1
"2446";24,5;5;0,1
"2455";24,6;5;0,1
"2466";24,7;5;0,1
"2475";24,8;5;0,1
"2486";24,9;5;0,1
"2495";25;5;0,1
"2506";25,1;5;0,1
"2513";25,2;5;0,1
"2524";25,3;5;0,1
"2531";25,4;5;0,1
"2542";25,5;5;0,1
"2549";25,6;5;0,1
"2560";25,7;5;0,1
"2567";25,8;5;0,1
"2578";25,9;5;0,1
"2585";26;5;0,1
"2596";26,1;5;0,1
"2603";26,2;5;0,1
"2614";26,3;5;0,1
"2621";26,4;5;0,1
"2632";26,5;5;0,1
"2639";26,6;5;0,1
"2650";26,7;5;0,1
"2657";26,8;5;0,1
"2668";26,9;5;0,1
"2675";27;5;0,1
"2686";27,1;5;0,1
"2693";27,2;5;0,1
"2704";27,3;5;0,1
"2711";27,4;5;0,1
"2722";27,5;5;0,1
"2729";27,6;5;0,1
"2740";27,7;5;0,1
"2747";27,8;5;0,1
"2758";27,9;5;0,1
"2765";28;5;0,1
"2776";28,1;5;0,1
"2783";28,2;5;0,1
"2794";28,3;5;0,1
"2801";28,4;5;0,1
"2812";28,5;5;0,1
"2819";28,6;5;0,1
"2830";28,7;5;0,1
"2837";28,8;5;0,1
"2848";28,9;5;0,1
"2855";29;5;0,1
"2866";29,1;5;0,1
"2873";29,2;5;0,1
"2884";29,3;5;0,1
"2891";29,4;5;0,1
"2902";29,5;5;0,1
"2909";29,6;5;0,1
"2920";29,7;5;0,1
"2927";29,8;5;0,1
"2938";29,9;5;0,1
"2945";30;5;0,1
"2956";30,1;5;0,1
"2963";30,2;5;0,1
"2974";30,3;5;0,1
"2981";30,4;5;0,1
"2992";30,5;5;0,1
"2999";30,6;5;0,1
"3010";30,7;5;0,1
"3017";30,8;5;0,1
"3028";30,9;5;0,1
"3035";31;5;0,1
"3046";31,1;5;0,1
"3053";31,2;5;0,1
"3064";31,3;5;0,1
"3071";31,4;5;0,1
"3082";31,5;5;0,1
"3089";31,6;5;0,1
"3100";31,7;5;0,1
"3107";31,8;5;0,1
"3118";31,9;5;0,1
"3125";32;5;0,1
"3136";32,1;5;0,1
"3143";32,2;5;0,1
"3154";32,3;5;0,1
"3161";32,4;5;0,1
"3172";32,5;5;0,1
"3179";32,6;5;0,1
"3190";32,7;5;0,1
"3197";32,8;5;0,1
"3208";32,9;5;0,1
"3215";33;5;0,1
"3226";33,1;5;0,1
"3233";33,2;5;0,1
"3244";33,3;5;0,1
"3251";33,4;5;0,1
"3262";33,5;5;0,1
"3269";33,6;5;0,1
"3280";33,7;5;0,1
"3287";33,8;5;0,1
"3298";33,9;5;0,1
"3305";34;5;0,1
"3316";34,1;5;0,1
"3323";34,2;5;0,1
"3334";34,3;5;0,1
"3341";34,4;5;0,1
"3352";34,5;5;0,1
"3359";34,6;5;0,1
"3370";34,7;5;0,1
"3377";34,8;5;0,1
"3388";34,9;5;0,1
"3395";35;5;0,1
"3406";35,1;5;0,1
"3409";35,2;5;0,1
"3420";35,3;5;0,1
"3423";35,4;5;0,1
"3434";35,5;5;0,1
"3437";35,6;5;0,1
"3448";35,7;5;0,1
"3451";35,8;5;0,1
"3462";35,9;5;0,1
"3465";36;5;0,1
"3476";36,1;5;0,1
"3479";36,2;5;0,1
"3490";36,3;5;0,1
"3493";36,4;5;0,1
"3504";36,5;5;0,1
"3507";36,6;5;0,1
"3518";36,7;5;0,1
"3521";36,8;5;0,1
"3532";36,9;5;0,1
"3535";37;5;0,1
"3546";37,1;5;0,1
"3549";37,2;5;0,1
"3560";37,3;5;0,1
"3563";37,4;5;0,1
"3574";37,5;5;0,1
"3577";37,6;5;0,1
"3588";37,7;5;0,1
"3591";37,8;5;0,1
"3602";37,9;5;0,1
"3605";38;5;0,1
"3616";38,1;5;0,1
"3617";38,2;5;0,1
"3628";38,3;5;0,1
"3629";38,4;5;0,1
"3640";38,5;5;0,1
"3641";38,6;5;0,1
"3652";38,7;5;0,1
"3653";38,8;5;0,1
"3664";38,9;5;0,1
"3665";39;5;0,1
"3676";39,1;5;0,1
"3677";39,2;5;0,1
"3688";39,3;5;0,1
"3689";39,4;5;0,1
"3700";39,5;5;0,1
"3701";39,6;5;0,1
"3712";39,7;5;0,1
"3713";39,8;5;0,1
"3724";39,9;5;0,1
"3725";40;5;0,1
"3736";40,1;5;0,1
"3737";40,2;5;0,1
"3748";40,3;5;0,1
"3749";40,4;5;0,1
"3760";40,5;5;0,1
"3761";40,6;5;0,1
"3772";40,7;5;0,1
"3773";40,8;5;0,1
"3784";40,9;5;0,1
"3785";41;5;0,1
"3796";41,1;5;0,1
"3797";41,2;5;0,1
"3808";41,3;5;0,1
"3809";41,4;5;0,1
"3820";41,5;5;0,1
"3821";41,6;5;0,1
"3832";41,7;5;0,1
"3833";41,8;5;0,1
"3844";41,9;5;0,1
"3845";42;5;0,1
"3855";42,1;5;0,1
"3856";42,2;5;0,1
"3865";42,3;5;0,1
"3866";42,4;5;0,1
"3875";42,5;5;0,1
"3876";42,6;5;0,1
"3885";42,7;5;0,1
"3886";42,8;5;0,1
"3895";42,9;5;0,1
"3896";43;5;0,1
"3904";43,1;5;0,1
"3905";43,2;5;0,1
"3912";43,3;5;0,1
"3913";43,4;5;0,1
"3920";43,5;5;0,1
"3921";43,6;5;0,1
"3928";43,7;5;0,1
"3929";43,8;5;0,1
"3936";43,9;5;0,1
"3937";44;5;0,1
"3944";44,1;5;0,1
"3945";44,2;5;0,1
"3952";44,3;5;0,1
"3953";44,4;5;0,1
"3960";44,5;5;0,1
"3961";44,6;5;0,1
"3968";44,7;5;0,1
"3969";44,8;5;0,1
"3976";44,9;5;0,1
"3977";45;5;0,1
"3984";45,1;5;0,1
"3985";45,2;5;0,1
"3992";45,3;5;0,1
"3993";45,4;5;0,1
"4000";45,5;5;0,1
"4001";45,6;5;0,1
"4008";45,7;5;0,1
"4009";45,8;5;0,1
"4016";45,9;5;0,1
"4017";46;5;0,1
"4024";46,1;5;0,1
"4025";46,2;5;0,1
"4032";46,3;5;0,1
"4033";46,4;5;0,1
"4040";46,5;5;0,1
"4041";46,6;5;0,1
"4048";46,7;5;0,1
"4049";46,8;5;0,1
"4056";46,9;5;0,1
"4057";47;5;0,1
"4062";47,1;5;0,1
"4063";47,2;5;0,1
"4066";47,3;5;0,1
"4067";47,4;5;0,1
"4070";47,5;5;0,1
"4071";47,6;5;0,1
"4074";47,7;5;0,1
"4075";47,8;5;0,1
"4078";47,9;5;0,1
"4079";48;5;0,1
"4082";48,1;5;0,1
"4083";48,2;5;0,1
"4086";48,3;5;0,1
"4087";48,4;5;0,1
"4090";48,5;5;0,1
"4091";48,6;5;0,1
"4094";48,7;5;0,1
"4095";48,8;5;0,1
"4098";48,9;5;0,1
"4099";49;5;0,1
"4102";49,1;5;0,1
"4103";49,2;5;0,1
"4106";49,3;5;0,1
"4107";49,4;5;0,1
"4110";49,5;5;0,1
"4111";49,6;5;0,1
"4114";49,7;5;0,1
"4115";49,8;5;0,1
"4118";49,9;5;0,1
"4119";50;5;0,1
"4122";50,1;5;0,1
"4123";50,2;5;0,1
"4126";50,3;5;0,1
"4127";50,4;5;0,1
"4130";50,5;5;0,1
"4131";50,6;5;0,1
"4134";50,7;5;0,1
"4135";50,8;5;0,1
"4138";50,9;5;0,1
"4139";51;5;0,1
"4142";51,1;5;0,1
"4143";51,2;5;0,1
"4146";51,3;5;0,1
"4147";51,4;5;0,1
"4150";51,5;5;0,1
"4151";51,6;5;0,1
"4154";51,7;5;0,1
"4155";51,8;5;0,1
"4158";51,9;5;0,1
"4159";52;5;0,1
"4162";52,1;5;0,1
"4163";52,2;5;0,1
"4166";52,3;5;0,1
"4167";52,4;5;0,1
"4170";52,5;5;0,1
"4171";52,6;5;0,1
"4174";52,7;5;0,1
"4175";52,8;5;0,1
"4178";52,9;5;0,1
"4179";53;5;0,1
"4182";53,1;5;0,1
"4183";53,2;5;0,1
"4186";53,3;5;0,1
"4187";53,4;5;0,1
"4190";53,5;5;0,1
"4191";53,6;5;0,1
"4194";53,7;5;0,1
"4195";53,8;5;0,1
"4198";53,9;5;0,1
"4199";54;5;0,1
"7";0,1;6;0,1
"14";0,2;6;0,1
"27";0,3;6;0,1
"34";0,4;6;0,1
"47";0,5;6;0,1
"54";0,6;6;0,1
"67";0,7;6;0,1
"74";0,8;6;0,1
"87";0,9;6;0,1
"94";1;6;0,1
"107";1,1;6;0,1
"114";1,2;6;0,1
"127";1,3;6;0,1
"134";1,4;6;0,1
"147";1,5;6;0,1
"154";1,6;6;0,1
"167";1,7;6;0,1
"174";1,8;6;0,1
"187";1,9;6;0,1
"194";2;6;0,1
"207";2,1;6;0,1
"214";2,2;6;0,1
"227";2,3;6;0,1
"234";2,4;6;0,1
"247";2,5;6;0,1
"254";2,6;6;0,1
"267";2,7;6;0,1
"274";2,8;6;0,1
"287";2,9;6;0,1
"294";3;6;0,1
"307";3,1;6;0,1
"314";3,2;6;0,1
"327";3,3;6;0,1
"334";3,4;6;0,1
"347";3,5;6;0,1
"354";3,6;6;0,1
"367";3,7;6;0,1
"374";3,8;6;0,1
"387";3,9;6;0,1
"394";4;6;0,1
"407";4,1;6;0,1
"414";4,2;6;0,1
"427";4,3;6;0,1
"434";4,4;6;0,1
"447";4,5;6;0,1
"454";4,6;6;0,1
"467";4,7;6;0,1
"474";4,8;6;0,1
"487";4,9;6;0,1
"494";5;6;0,1
"507";5,1;6;0,1
"514";5,2;6;0,1
"527";5,3;6;0,1
"534";5,4;6;0,1
"547";5,5;6;0,1
"554";5,6;6;0,1
"567";5,7;6;0,1
"574";5,8;6;0,1
"587";5,9;6;0,1
"594";6;6;0,1
"607";6,1;6;0,1
"614";6,2;6;0,1
"627";6,3;6;0,1
"634";6,4;6;0,1
"647";6,5;6;0,1
"654";6,6;6;0,1
"667";6,7;6;0,1
"674";6,8;6;0,1
"687";6,9;6;0,1
"694";7;6;0,1
"707";7,1;6;0,1
"714";7,2;6;0,1
"727";7,3;6;0,1
"734";7,4;6;0,1
"747";7,5;6;0,1
"754";7,6;6;0,1
"767";7,7;6;0,1
"774";7,8;6;0,1
"787";7,9;6;0,1
"794";8;6;0,1
"807";8,1;6;0,1
"814";8,2;6;0,1
"827";8,3;6;0,1
"834";8,4;6;0,1
"847";8,5;6;0,1
"854";8,6;6;0,1
"867";8,7;6;0,1
"874";8,8;6;0,1
"887";8,9;6;0,1
"894";9;6;0,1
"907";9,1;6;0,1
"914";9,2;6;0,1
"927";9,3;6;0,1
"934";9,4;6;0,1
"947";9,5;6;0,1
"954";9,6;6;0,1
"967";9,7;6;0,1
"974";9,8;6;0,1
"987";9,9;6;0,1
"994";10;6;0,1
"1007";10,1;6;0,1
"1014";10,2;6;0,1
"1027";10,3;6;0,1
"1034";10,4;6;0,1
"1047";10,5;6;0,1
"1054";10,6;6;0,1
"1067";10,7;6;0,1
"1074";10,8;6;0,1
"1087";10,9;6;0,1
"1094";11;6;0,1
"1107";11,1;6;0,1
"1114";11,2;6;0,1
"1127";11,3;6;0,1
"1134";11,4;6;0,1
"1147";11,5;6;0,1
"1154";11,6;6;0,1
"1167";11,7;6;0,1
"1174";11,8;6;0,1
"1187";11,9;6;0,1
"1194";12;6;0,1
"1207";12,1;6;0,1
"1214";12,2;6;0,1
"1227";12,3;6;0,1
"1234";12,4;6;0,1
"1247";12,5;6;0,1
"1254";12,6;6;0,1
"1267";12,7;6;0,1
"1274";12,8;6;0,1
"1287";12,9;6;0,1
"1294";13;6;0,1
"1307";13,1;6;0,1
"1314";13,2;6;0,1
"1327";13,3;6;0,1
"1334";13,4;6;0,1
"1347";13,5;6;0,1
"1354";13,6;6;0,1
"1367";13,7;6;0,1
"1374";13,8;6;0,1
"1387";13,9;6;0,1
"1394";14;6;0,1
"1407";14,1;6;0,1
"1414";14,2;6;0,1
"1427";14,3;6;0,1
"1434";14,4;6;0,1
"1447";14,5;6;0,1
"1454";14,6;6;0,1
"1467";14,7;6;0,1
"1474";14,8;6;0,1
"1487";14,9;6;0,1
"1494";15;6;0,1
"1507";15,1;6;0,1
"1514";15,2;6;0,1
"1527";15,3;6;0,1
"1534";15,4;6;0,1
"1547";15,5;6;0,1
"1554";15,6;6;0,1
"1567";15,7;6;0,1
"1574";15,8;6;0,1
"1587";15,9;6;0,1
"1594";16;6;0,1
"1607";16,1;6;0,1
"1614";16,2;6;0,1
"1627";16,3;6;0,1
"1634";16,4;6;0,1
"1647";16,5;6;0,1
"1654";16,6;6;0,1
"1667";16,7;6;0,1
"1674";16,8;6;0,1
"1687";16,9;6;0,1
"1694";17;6;0,1
"1707";17,1;6;0,1
"1714";17,2;6;0,1
"1727";17,3;6;0,1
"1734";17,4;6;0,1
"1747";17,5;6;0,1
"1754";17,6;6;0,1
"1767";17,7;6;0,1
"1774";17,8;6;0,1
"1787";17,9;6;0,1
"1794";18;6;0,1
"1807";18,1;6;0,1
"1814";18,2;6;0,1
"1827";18,3;6;0,1
"1834";18,4;6;0,1
"1847";18,5;6;0,1
"1854";18,6;6;0,1
"1867";18,7;6;0,1
"1874";18,8;6;0,1
"1887";18,9;6;0,1
"1894";19;6;0,1
"1907";19,1;6;0,1
"1914";19,2;6;0,1
"1927";19,3;6;0,1
"1934";19,4;6;0,1
"1947";19,5;6;0,1
"1954";19,6;6;0,1
"1967";19,7;6;0,1
"1974";19,8;6;0,1
"1987";19,9;6;0,1
"1994";20;6;0,1
"2007";20,1;6;0,1
"2014";20,2;6;0,1
"2027";20,3;6;0,1
"2034";20,4;6;0,1
"2047";20,5;6;0,1
"2054";20,6;6;0,1
"2067";20,7;6;0,1
"2074";20,8;6;0,1
"2087";20,9;6;0,1
"2094";21;6;0,1
"2107";21,1;6;0,1
"2114";21,2;6;0,1
"2127";21,3;6;0,1
"2134";21,4;6;0,1
"2147";21,5;6;0,1
"2154";21,6;6;0,1
"2167";21,7;6;0,1
"2174";21,8;6;0,1
"2187";21,9;6;0,1
"2194";22;6;0,1
"2207";22,1;6;0,1
"2214";22,2;6;0,1
"2227";22,3;6;0,1
"2234";22,4;6;0,1
"2247";22,5;6;0,1
"2254";22,6;6;0,1
"2267";22,7;6;0,1
"2274";22,8;6;0,1
"2287";22,9;6;0,1
"2294";23;6;0,1
"2307";23,1;6;0,1
"2314";23,2;6;0,1
"2327";23,3;6;0,1
"2334";23,4;6;0,1
"2347";23,5;6;0,1
"2354";23,6;6;0,1
"2367";23,7;6;0,1
"2374";23,8;6;0,1
"2387";23,9;6;0,1
"2394";24;6;0,1
"2407";24,1;6;0,1
"2414";24,2;6;0,1
"2427";24,3;6;0,1
"2434";24,4;6;0,1
"2447";24,5;6;0,1
"2454";24,6;6;0,1
"2467";24,7;6;0,1
"2474";24,8;6;0,1
"2487";24,9;6;0,1
"2494";25;6;0,1
"2507";25,1;6;0,1
"2512";25,2;6;0,1
"2525";25,3;6;0,1
"2530";25,4;6;0,1
"2543";25,5;6;0,1
"2548";25,6;6;0,1
"2561";25,7;6;0,1
"2566";25,8;6;0,1
"2579";25,9;6;0,1
"2584";26;6;0,1
"2597";26,1;6;0,1
"2602";26,2;6;0,1
"2615";26,3;6;0,1
"2620";26,4;6;0,1
"2633";26,5;6;0,1
"2638";26,6;6;0,1
"2651";26,7;6;0,1
"2656";26,8;6;0,1
"2669";26,9;6;0,1
"2674";27;6;0,1
"2687";27,1;6;0,1
"2692";27,2;6;0,1
"2705";27,3;6;0,1
"2710";27,4;6;0,1
"2723";27,5;6;0,1
"2728";27,6;6;0,1
"2741";27,7;6;0,1
"2746";27,8;6;0,1
"2759";27,9;6;0,1
"2764";28;6;0,1
"2777";28,1;6;0,1
"2782";28,2;6;0,1
"2795";28,3;6;0,1
"2800";28,4;6;0,1
"2813";28,5;6;0,1
"2818";28,6;6;0,1
"2831";28,7;6;0,1
"2836";28,8;6;0,1
"2849";28,9;6;0,1
"2854";29;6;0,1
"2867";29,1;6;0,1
"2872";29,2;6;0,1
"2885";29,3;6;0,1
"2890";29,4;6;0,1
"2903";29,5;6;0,1
"2908";29,6;6;0,1
"2921";29,7;6;0,1
"2926";29,8;6;0,1
"2939";29,9;6;0,1
"2944";30;6;0,1
"2957";30,1;6;0,1
"2962";30,2;6;0,1
"2975";30,3;6;0,1
"2980";30,4;6;0,1
"2993";30,5;6;0,1
"2998";30,6;6;0,1
"3011";30,7;6;0,1
"3016";30,8;6;0,1
"3029";30,9;6;0,1
"3034";31;6;0,1
"3047";31,1;6;0,1
"3052";31,2;6;0,1
"3065";31,3;6;0,1
"3070";31,4;6;0,1
"3083";31,5;6;0,1
"3088";31,6;6;0,1
"3101";31,7;6;0,1
"3106";31,8;6;0,1
"3119";31,9;6;0,1
"3124";32;6;0,1
"3137";32,1;6;0,1
"3142";32,2;6;0,1
"3155";32,3;6;0,1
"3160";32,4;6;0,1
"3173";32,5;6;0,1
"3178";32,6;6;0,1
"3191";32,7;6;0,1
"3196";32,8;6;0,1
"3209";32,9;6;0,1
"3214";33;6;0,1
"3227";33,1;6;0,1
"3232";33,2;6;0,1
"3245";33,3;6;0,1
"3250";33,4;6;0,1
"3263";33,5;6;0,1
"3268";33,6;6;0,1
"3281";33,7;6;0,1
"3286";33,8;6;0,1
"3299";33,9;6;0,1
"3304";34;6;0,1
"3317";34,1;6;0,1
"3322";34,2;6;0,1
"3335";34,3;6;0,1
"3340";34,4;6;0,1
"3353";34,5;6;0,1
"3358";34,6;6;0,1
"3371";34,7;6;0,1
"3376";34,8;6;0,1
"3389";34,9;6;0,1
"3394";35;6;0,1
"3407";35,1;6;0,1
"3408";35,2;6;0,1
"3421";35,3;6;0,1
"3422";35,4;6;0,1
"3435";35,5;6;0,1
"3436";35,6;6;0,1
"3449";35,7;6;0,1
"3450";35,8;6;0,1
"3463";35,9;6;0,1
"3464";36;6;0,1
"3477";36,1;6;0,1
"3478";36,2;6;0,1
"3491";36,3;6;0,1
"3492";36,4;6;0,1
"3505";36,5;6;0,1
"3506";36,6;6;0,1
"3519";36,7;6;0,1
"3520";36,8;6;0,1
"3533";36,9;6;0,1
"3534";37;6;0,1
"3547";37,1;6;0,1
"3548";37,2;6;0,1
"3561";37,3;6;0,1
"3562";37,4;6;0,1
"3575";37,5;6;0,1
"3576";37,6;6;0,1
"3589";37,7;6;0,1
"3590";37,8;6;0,1
"3603";37,9;6;0,1
"3604";38;6;0,1
"8";0,1;7;0,1
"13";0,2;7;0,1
"28";0,3;7;0,1
"33";0,4;7;0,1
"48";0,5;7;0,1
"53";0,6;7;0,1
"68";0,7;7;0,1
"73";0,8;7;0,1
"88";0,9;7;0,1
"93";1;7;0,1
"108";1,1;7;0,1
"113";1,2;7;0,1
"128";1,3;7;0,1
"133";1,4;7;0,1
"148";1,5;7;0,1
"153";1,6;7;0,1
"168";1,7;7;0,1
"173";1,8;7;0,1
"188";1,9;7;0,1
"193";2;7;0,1
"208";2,1;7;0,1
"213";2,2;7;0,1
"228";2,3;7;0,1
"233";2,4;7;0,1
"248";2,5;7;0,1
"253";2,6;7;0,1
"268";2,7;7;0,1
"273";2,8;7;0,1
"288";2,9;7;0,1
"293";3;7;0,1
"308";3,1;7;0,1
"313";3,2;7;0,1
"328";3,3;7;0,1
"333";3,4;7;0,1
"348";3,5;7;0,1
"353";3,6;7;0,1
"368";3,7;7;0,1
"373";3,8;7;0,1
"388";3,9;7;0,1
"393";4;7;0,1
"408";4,1;7;0,1
"413";4,2;7;0,1
"428";4,3;7;0,1
"433";4,4;7;0,1
"448";4,5;7;0,1
"453";4,6;7;0,1
"468";4,7;7;0,1
"473";4,8;7;0,1
"488";4,9;7;0,1
"493";5;7;0,1
"508";5,1;7;0,1
"513";5,2;7;0,1
"528";5,3;7;0,1
"533";5,4;7;0,1
"548";5,5;7;0,1
"553";5,6;7;0,1
"568";5,7;7;0,1
"573";5,8;7;0,1
"588";5,9;7;0,1
"593";6;7;0,1
"608";6,1;7;0,1
"613";6,2;7;0,1
"628";6,3;7;0,1
"633";6,4;7;0,1
"648";6,5;7;0,1
"653";6,6;7;0,1
"668";6,7;7;0,1
"673";6,8;7;0,1
"688";6,9;7;0,1
"693";7;7;0,1
"708";7,1;7;0,1
"713";7,2;7;0,1
"728";7,3;7;0,1
"733";7,4;7;0,1
"748";7,5;7;0,1
"753";7,6;7;0,1
"768";7,7;7;0,1
"773";7,8;7;0,1
"788";7,9;7;0,1
"793";8;7;0,1
"808";8,1;7;0,1
"813";8,2;7;0,1
"828";8,3;7;0,1
"833";8,4;7;0,1
"848";8,5;7;0,1
"853";8,6;7;0,1
"868";8,7;7;0,1
"873";8,8;7;0,1
"888";8,9;7;0,1
"893";9;7;0,1
"908";9,1;7;0,1
"913";9,2;7;0,1
"928";9,3;7;0,1
"933";9,4;7;0,1
"948";9,5;7;0,1
"953";9,6;7;0,1
"968";9,7;7;0,1
"973";9,8;7;0,1
"988";9,9;7;0,1
"993";10;7;0,1
"1008";10,1;7;0,1
"1013";10,2;7;0,1
"1028";10,3;7;0,1
"1033";10,4;7;0,1
"1048";10,5;7;0,1
"1053";10,6;7;0,1
"1068";10,7;7;0,1
"1073";10,8;7;0,1
"1088";10,9;7;0,1
"1093";11;7;0,1
"1108";11,1;7;0,1
"1113";11,2;7;0,1
"1128";11,3;7;0,1
"1133";11,4;7;0,1
"1148";11,5;7;0,1
"1153";11,6;7;0,1
"1168";11,7;7;0,1
"1173";11,8;7;0,1
"1188";11,9;7;0,1
"1193";12;7;0,1
"1208";12,1;7;0,1
"1213";12,2;7;0,1
"1228";12,3;7;0,1
"1233";12,4;7;0,1
"1248";12,5;7;0,1
"1253";12,6;7;0,1
"1268";12,7;7;0,1
"1273";12,8;7;0,1
"1288";12,9;7;0,1
"1293";13;7;0,1
"1308";13,1;7;0,1
"1313";13,2;7;0,1
"1328";13,3;7;0,1
"1333";13,4;7;0,1
"1348";13,5;7;0,1
"1353";13,6;7;0,1
"1368";13,7;7;0,1
"1373";13,8;7;0,1
"1388";13,9;7;0,1
"1393";14;7;0,1
"1408";14,1;7;0,1
"1413";14,2;7;0,1
"1428";14,3;7;0,1
"1433";14,4;7;0,1
"1448";14,5;7;0,1
"1453";14,6;7;0,1
"1468";14,7;7;0,1
"1473";14,8;7;0,1
"1488";14,9;7;0,1
"1493";15;7;0,1
"1508";15,1;7;0,1
"1513";15,2;7;0,1
"1528";15,3;7;0,1
"1533";15,4;7;0,1
"1548";15,5;7;0,1
"1553";15,6;7;0,1
"1568";15,7;7;0,1
"1573";15,8;7;0,1
"1588";15,9;7;0,1
"1593";16;7;0,1
"1608";16,1;7;0,1
"1613";16,2;7;0,1
"1628";16,3;7;0,1
"1633";16,4;7;0,1
"1648";16,5;7;0,1
"1653";16,6;7;0,1
"1668";16,7;7;0,1
"1673";16,8;7;0,1
"1688";16,9;7;0,1
"1693";17;7;0,1
"1708";17,1;7;0,1
"1713";17,2;7;0,1
"1728";17,3;7;0,1
"1733";17,4;7;0,1
"1748";17,5;7;0,1
"1753";17,6;7;0,1
"1768";17,7;7;0,1
"1773";17,8;7;0,1
"1788";17,9;7;0,1
"1793";18;7;0,1
"1808";18,1;7;0,1
"1813";18,2;7;0,1
"1828";18,3;7;0,1
"1833";18,4;7;0,1
"1848";18,5;7;0,1
"1853";18,6;7;0,1
"1868";18,7;7;0,1
"1873";18,8;7;0,1
"1888";18,9;7;0,1
"1893";19;7;0,1
"1908";19,1;7;0,1
"1913";19,2;7;0,1
"1928";19,3;7;0,1
"1933";19,4;7;0,1
"1948";19,5;7;0,1
"1953";19,6;7;0,1
"1968";19,7;7;0,1
"1973";19,8;7;0,1
"1988";19,9;7;0,1
"1993";20;7;0,1
"2008";20,1;7;0,1
"2013";20,2;7;0,1
"2028";20,3;7;0,1
"2033";20,4;7;0,1
"2048";20,5;7;0,1
"2053";20,6;7;0,1
"2068";20,7;7;0,1
"2073";20,8;7;0,1
"2088";20,9;7;0,1
"2093";21;7;0,1
"2108";21,1;7;0,1
"2113";21,2;7;0,1
"2128";21,3;7;0,1
"2133";21,4;7;0,1
"2148";21,5;7;0,1
"2153";21,6;7;0,1
"2168";21,7;7;0,1
"2173";21,8;7;0,1
"2188";21,9;7;0,1
"2193";22;7;0,1
"2208";22,1;7;0,1
"2213";22,2;7;0,1
"2228";22,3;7;0,1
"2233";22,4;7;0,1
"2248";22,5;7;0,1
"2253";22,6;7;0,1
"2268";22,7;7;0,1
"2273";22,8;7;0,1
"2288";22,9;7;0,1
"2293";23;7;0,1
"2308";23,1;7;0,1
"2313";23,2;7;0,1
"2328";23,3;7;0,1
"2333";23,4;7;0,1
"2348";23,5;7;0,1
"2353";23,6;7;0,1
"2368";23,7;7;0,1
"2373";23,8;7;0,1
"2388";23,9;7;0,1
"2393";24;7;0,1
"2408";24,1;7;0,1
"2413";24,2;7;0,1
"2428";24,3;7;0,1
"2433";24,4;7;0,1
"2448";24,5;7;0,1
"2453";24,6;7;0,1
"2468";24,7;7;0,1
"2473";24,8;7;0,1
"2488";24,9;7;0,1
"2493";25;7;0,1
"2508";25,1;7;0,1
"2511";25,2;7;0,1
"2526";25,3;7;0,1
"2529";25,4;7;0,1
"2544";25,5;7;0,1
"2547";25,6;7;0,1
"2562";25,7;7;0,1
"2565";25,8;7;0,1
"2580";25,9;7;0,1
"2583";26;7;0,1
"2598";26,1;7;0,1
"2601";26,2;7;0,1
"2616";26,3;7;0,1
"2619";26,4;7;0,1
"2634";26,5;7;0,1
"2637";26,6;7;0,1
"2652";26,7;7;0,1
"2655";26,8;7;0,1
"2670";26,9;7;0,1
"2673";27;7;0,1
"2688";27,1;7;0,1
"2691";27,2;7;0,1
"2706";27,3;7;0,1
"2709";27,4;7;0,1
"2724";27,5;7;0,1
"2727";27,6;7;0,1
"2742";27,7;7;0,1
"2745";27,8;7;0,1
"2760";27,9;7;0,1
"2763";28;7;0,1
"2778";28,1;7;0,1
"2781";28,2;7;0,1
"2796";28,3;7;0,1
"2799";28,4;7;0,1
"2814";28,5;7;0,1
"2817";28,6;7;0,1
"2832";28,7;7;0,1
"2835";28,8;7;0,1
"2850";28,9;7;0,1
"2853";29;7;0,1
"2868";29,1;7;0,1
"2871";29,2;7;0,1
"2886";29,3;7;0,1
"2889";29,4;7;0,1
"2904";29,5;7;0,1
"2907";29,6;7;0,1
"2922";29,7;7;0,1
"2925";29,8;7;0,1
"2940";29,9;7;0,1
"2943";30;7;0,1
"2958";30,1;7;0,1
"2961";30,2;7;0,1
"2976";30,3;7;0,1
"2979";30,4;7;0,1
"2994";30,5;7;0,1
"2997";30,6;7;0,1
"3012";30,7;7;0,1
"3015";30,8;7;0,1
"3030";30,9;7;0,1
"3033";31;7;0,1
"3048";31,1;7;0,1
"3051";31,2;7;0,1
"3066";31,3;7;0,1
"3069";31,4;7;0,1
"3084";31,5;7;0,1
"3087";31,6;7;0,1
"3102";31,7;7;0,1
"3105";31,8;7;0,1
"3120";31,9;7;0,1
"3123";32;7;0,1
"3138";32,1;7;0,1
"3141";32,2;7;0,1
"3156";32,3;7;0,1
"3159";32,4;7;0,1
"3174";32,5;7;0,1
"3177";32,6;7;0,1
"3192";32,7;7;0,1
"3195";32,8;7;0,1
"3210";32,9;7;0,1
"3213";33;7;0,1
"3228";33,1;7;0,1
"3231";33,2;7;0,1
"3246";33,3;7;0,1
"3249";33,4;7;0,1
"3264";33,5;7;0,1
"3267";33,6;7;0,1
"3282";33,7;7;0,1
"3285";33,8;7;0,1
"3300";33,9;7;0,1
"3303";34;7;0,1
"3318";34,1;7;0,1
"3321";34,2;7;0,1
"3336";34,3;7;0,1
"3339";34,4;7;0,1
"3354";34,5;7;0,1
"3357";34,6;7;0,1
"3372";34,7;7;0,1
"3375";34,8;7;0,1
"3390";34,9;7;0,1
"3393";35;7;0,1
"9";0,1;8;0,1
"12";0,2;8;0,1
"29";0,3;8;0,1
"32";0,4;8;0,1
"49";0,5;8;0,1
"52";0,6;8;0,1
"69";0,7;8;0,1
"72";0,8;8;0,1
"89";0,9;8;0,1
"92";1;8;0,1
"109";1,1;8;0,1
"112";1,2;8;0,1
"129";1,3;8;0,1
"132";1,4;8;0,1
"149";1,5;8;0,1
"152";1,6;8;0,1
"169";1,7;8;0,1
"172";1,8;8;0,1
"189";1,9;8;0,1
"192";2;8;0,1
"209";2,1;8;0,1
"212";2,2;8;0,1
"229";2,3;8;0,1
"232";2,4;8;0,1
"249";2,5;8;0,1
"252";2,6;8;0,1
"269";2,7;8;0,1
"272";2,8;8;0,1
"289";2,9;8;0,1
"292";3;8;0,1
"309";3,1;8;0,1
"312";3,2;8;0,1
"329";3,3;8;0,1
"332";3,4;8;0,1
"349";3,5;8;0,1
"352";3,6;8;0,1
"369";3,7;8;0,1
"372";3,8;8;0,1
"389";3,9;8;0,1
"392";4;8;0,1
"409";4,1;8;0,1
"412";4,2;8;0,1
"429";4,3;8;0,1
"432";4,4;8;0,1
"449";4,5;8;0,1
"452";4,6;8;0,1
"469";4,7;8;0,1
"472";4,8;8;0,1
"489";4,9;8;0,1
"492";5;8;0,1
"509";5,1;8;0,1
"512";5,2;8;0,1
"529";5,3;8;0,1
"532";5,4;8;0,1
"549";5,5;8;0,1
"552";5,6;8;0,1
"569";5,7;8;0,1
"572";5,8;8;0,1
"589";5,9;8;0,1
"592";6;8;0,1
"609";6,1;8;0,1
"612";6,2;8;0,1
"629";6,3;8;0,1
"632";6,4;8;0,1
"649";6,5;8;0,1
"652";6,6;8;0,1
"669";6,7;8;0,1
"672";6,8;8;0,1
"689";6,9;8;0,1
"692";7;8;0,1
"709";7,1;8;0,1
"712";7,2;8;0,1
"729";7,3;8;0,1
"732";7,4;8;0,1
"749";7,5;8;0,1
"752";7,6;8;0,1
"769";7,7;8;0,1
"772";7,8;8;0,1
"789";7,9;8;0,1
"792";8;8;0,1
"809";8,1;8;0,1
"812";8,2;8;0,1
"829";8,3;8;0,1
"832";8,4;8;0,1
"849";8,5;8;0,1
"852";8,6;8;0,1
"869";8,7;8;0,1
"872";8,8;8;0,1
"889";8,9;8;0,1
"892";9;8;0,1
"909";9,1;8;0,1
"912";9,2;8;0,1
"929";9,3;8;0,1
"932";9,4;8;0,1
"949";9,5;8;0,1
"952";9,6;8;0,1
"969";9,7;8;0,1
"972";9,8;8;0,1
"989";9,9;8;0,1
"992";10;8;0,1
"1009";10,1;8;0,1
"1012";10,2;8;0,1
"1029";10,3;8;0,1
"1032";10,4;8;0,1
"1049";10,5;8;0,1
"1052";10,6;8;0,1
"1069";10,7;8;0,1
"1072";10,8;8;0,1
"1089";10,9;8;0,1
"1092";11;8;0,1
"1109";11,1;8;0,1
"1112";11,2;8;0,1
"1129";11,3;8;0,1
"1132";11,4;8;0,1
"1149";11,5;8;0,1
"1152";11,6;8;0,1
"1169";11,7;8;0,1
"1172";11,8;8;0,1
"1189";11,9;8;0,1
"1192";12;8;0,1
"1209";12,1;8;0,1
"1212";12,2;8;0,1
"1229";12,3;8;0,1
"1232";12,4;8;0,1
"1249";12,5;8;0,1
"1252";12,6;8;0,1
"1269";12,7;8;0,1
"1272";12,8;8;0,1
"1289";12,9;8;0,1
"1292";13;8;0,1
"1309";13,1;8;0,1
"1312";13,2;8;0,1
"1329";13,3;8;0,1
"1332";13,4;8;0,1
"1349";13,5;8;0,1
"1352";13,6;8;0,1
"1369";13,7;8;0,1
"1372";13,8;8;0,1
"1389";13,9;8;0,1
"1392";14;8;0,1
"1409";14,1;8;0,1
"1412";14,2;8;0,1
"1429";14,3;8;0,1
"1432";14,4;8;0,1
"1449";14,5;8;0,1
"1452";14,6;8;0,1
"1469";14,7;8;0,1
"1472";14,8;8;0,1
"1489";14,9;8;0,1
"1492";15;8;0,1
"1509";15,1;8;0,1
"1512";15,2;8;0,1
"1529";15,3;8;0,1
"1532";15,4;8;0,1
"1549";15,5;8;0,1
"1552";15,6;8;0,1
"1569";15,7;8;0,1
"1572";15,8;8;0,1
"1589";15,9;8;0,1
"1592";16;8;0,1
"1609";16,1;8;0,1
"1612";16,2;8;0,1
"1629";16,3;8;0,1
"1632";16,4;8;0,1
"1649";16,5;8;0,1
"1652";16,6;8;0,1
"1669";16,7;8;0,1
"1672";16,8;8;0,1
"1689";16,9;8;0,1
"1692";17;8;0,1
"1709";17,1;8;0,1
"1712";17,2;8;0,1
"1729";17,3;8;0,1
"1732";17,4;8;0,1
"1749";17,5;8;0,1
"1752";17,6;8;0,1
"1769";17,7;8;0,1
"1772";17,8;8;0,1
"1789";17,9;8;0,1
"1792";18;8;0,1
"1809";18,1;8;0,1
"1812";18,2;8;0,1
"1829";18,3;8;0,1
"1832";18,4;8;0,1
"1849";18,5;8;0,1
"1852";18,6;8;0,1
"1869";18,7;8;0,1
"1872";18,8;8;0,1
"1889";18,9;8;0,1
"1892";19;8;0,1
"1909";19,1;8;0,1
"1912";19,2;8;0,1
"1929";19,3;8;0,1
"1932";19,4;8;0,1
"1949";19,5;8;0,1
"1952";19,6;8;0,1
"1969";19,7;8;0,1
"1972";19,8;8;0,1
"1989";19,9;8;0,1
"1992";20;8;0,1
"2009";20,1;8;0,1
"2012";20,2;8;0,1
"2029";20,3;8;0,1
"2032";20,4;8;0,1
"2049";20,5;8;0,1
"2052";20,6;8;0,1
"2069";20,7;8;0,1
"2072";20,8;8;0,1
"2089";20,9;8;0,1
"2092";21;8;0,1
"2109";21,1;8;0,1
"2112";21,2;8;0,1
"2129";21,3;8;0,1
"2132";21,4;8;0,1
"2149";21,5;8;0,1
"2152";21,6;8;0,1
"2169";21,7;8;0,1
"2172";21,8;8;0,1
"2189";21,9;8;0,1
"2192";22;8;0,1
"2209";22,1;8;0,1
"2212";22,2;8;0,1
"2229";22,3;8;0,1
"2232";22,4;8;0,1
"2249";22,5;8;0,1
"2252";22,6;8;0,1
"2269";22,7;8;0,1
"2272";22,8;8;0,1
"2289";22,9;8;0,1
"2292";23;8;0,1
"2309";23,1;8;0,1
"2312";23,2;8;0,1
"2329";23,3;8;0,1
"2332";23,4;8;0,1
"2349";23,5;8;0,1
"2352";23,6;8;0,1
"2369";23,7;8;0,1
"2372";23,8;8;0,1
"2389";23,9;8;0,1
"2392";24;8;0,1
"2409";24,1;8;0,1
"2412";24,2;8;0,1
"2429";24,3;8;0,1
"2432";24,4;8;0,1
"2449";24,5;8;0,1
"2452";24,6;8;0,1
"2469";24,7;8;0,1
"2472";24,8;8;0,1
"2489";24,9;8;0,1
"2492";25;8;0,1
"2509";25,1;8;0,1
"2510";25,2;8;0,1
"2527";25,3;8;0,1
"2528";25,4;8;0,1
"2545";25,5;8;0,1
"2546";25,6;8;0,1
"2563";25,7;8;0,1
"2564";25,8;8;0,1
"2581";25,9;8;0,1
"2582";26;8;0,1
"2599";26,1;8;0,1
"2600";26,2;8;0,1
"2617";26,3;8;0,1
"2618";26,4;8;0,1
"2635";26,5;8;0,1
"2636";26,6;8;0,1
"2653";26,7;8;0,1
"2654";26,8;8;0,1
"2671";26,9;8;0,1
"2672";27;8;0,1
"2689";27,1;8;0,1
"2690";27,2;8;0,1
"2707";27,3;8;0,1
"2708";27,4;8;0,1
"2725";27,5;8;0,1
"2726";27,6;8;0,1
"2743";27,7;8;0,1
"2744";27,8;8;0,1
"2761";27,9;8;0,1
"2762";28;8;0,1
"2779";28,1;8;0,1
"2780";28,2;8;0,1
"2797";28,3;8;0,1
"2798";28,4;8;0,1
"2815";28,5;8;0,1
"2816";28,6;8;0,1
"2833";28,7;8;0,1
"2834";28,8;8;0,1
"2851";28,9;8;0,1
"2852";29;8;0,1
"2869";29,1;8;0,1
"2870";29,2;8;0,1
"2887";29,3;8;0,1
"2888";29,4;8;0,1
"2905";29,5;8;0,1
"2906";29,6;8;0,1
"2923";29,7;8;0,1
"2924";29,8;8;0,1
"2941";29,9;8;0,1
"2942";30;8;0,1
"2959";30,1;8;0,1
"2960";30,2;8;0,1
"2977";30,3;8;0,1
"2978";30,4;8;0,1
"2995";30,5;8;0,1
"2996";30,6;8;0,1
"3013";30,7;8;0,1
"3014";30,8;8;0,1
"3031";30,9;8;0,1
"3032";31;8;0,1
"3049";31,1;8;0,1
"3050";31,2;8;0,1
"3067";31,3;8;0,1
"3068";31,4;8;0,1
"3085";31,5;8;0,1
"3086";31,6;8;0,1
"3103";31,7;8;0,1
"3104";31,8;8;0,1
"3121";31,9;8;0,1
"3122";32;8;0,1
"3139";32,1;8;0,1
"3140";32,2;8;0,1
"3157";32,3;8;0,1
"3158";32,4;8;0,1
"3175";32,5;8;0,1
"3176";32,6;8;0,1
"3193";32,7;8;0,1
"3194";32,8;8;0,1
"3211";32,9;8;0,1
"3212";33;8;0,1
"3229";33,1;8;0,1
"3230";33,2;8;0,1
"3247";33,3;8;0,1
"3248";33,4;8;0,1
"3265";33,5;8;0,1
"3266";33,6;8;0,1
"3283";33,7;8;0,1
"3284";33,8;8;0,1
"3301";33,9;8;0,1
"3302";34;8;0,1
"3319";34,1;8;0,1
"3320";34,2;8;0,1
"3337";34,3;8;0,1
"3338";34,4;8;0,1
"3355";34,5;8;0,1
"3356";34,6;8;0,1
"3373";34,7;8;0,1
"3374";34,8;8;0,1
"3391";34,9;8;0,1
"3392";35;8;0,1
"10";0,1;9;0,1
"11";0,2;9;0,1
"30";0,3;9;0,1
"31";0,4;9;0,1
"50";0,5;9;0,1
"51";0,6;9;0,1
"70";0,7;9;0,1
"71";0,8;9;0,1
"90";0,9;9;0,1
"91";1;9;0,1
"110";1,1;9;0,1
"111";1,2;9;0,1
"130";1,3;9;0,1
"131";1,4;9;0,1
"150";1,5;9;0,1
"151";1,6;9;0,1
"170";1,7;9;0,1
"171";1,8;9;0,1
"190";1,9;9;0,1
"191";2;9;0,1
"210";2,1;9;0,1
"211";2,2;9;0,1
"230";2,3;9;0,1
"231";2,4;9;0,1
"250";2,5;9;0,1
"251";2,6;9;0,1
"270";2,7;9;0,1
"271";2,8;9;0,1
"290";2,9;9;0,1
"291";3;9;0,1
"310";3,1;9;0,1
"311";3,2;9;0,1
"330";3,3;9;0,1
"331";3,4;9;0,1
"350";3,5;9;0,1
"351";3,6;9;0,1
"370";3,7;9;0,1
"371";3,8;9;0,1
"390";3,9;9;0,1
"391";4;9;0,1
"410";4,1;9;0,1
"411";4,2;9;0,1
"430";4,3;9;0,1
"431";4,4;9;0,1
"450";4,5;9;0,1
"451";4,6;9;0,1
"470";4,7;9;0,1
"471";4,8;9;0,1
"490";4,9;9;0,1
"491";5;9;0,1
"510";5,1;9;0,1
"511";5,2;9;0,1
"530";5,3;9;0,1
"531";5,4;9;0,1
"550";5,5;9;0,1
"551";5,6;9;0,1
"570";5,7;9;0,1
"571";5,8;9;0,1
"590";5,9;9;0,1
"591";6;9;0,1
"610";6,1;9;0,1
"611";6,2;9;0,1
"630";6,3;9;0,1
"631";6,4;9;0,1
"650";6,5;9;0,1
"651";6,6;9;0,1
"670";6,7;9;0,1
"671";6,8;9;0,1
"690";6,9;9;0,1
"691";7;9;0,1
"710";7,1;9;0,1
"711";7,2;9;0,1
"730";7,3;9;0,1
"731";7,4;9;0,1
"750";7,5;9;0,1
"751";7,6;9;0,1
"770";7,7;9;0,1
"771";7,8;9;0,1
"790";7,9;9;0,1
"791";8;9;0,1
"810";8,1;9;0,1
"811";8,2;9;0,1
"830";8,3;9;0,1
"831";8,4;9;0,1
"850";8,5;9;0,1
"851";8,6;9;0,1
"870";8,7;9;0,1
"871";8,8;9;0,1
"890";8,9;9;0,1
"891";9;9;0,1
"910";9,1;9;0,1
"911";9,2;9;0,1
"930";9,3;9;0,1
"931";9,4;9;0,1
"950";9,5;9;0,1
"951";9,6;9;0,1
"970";9,7;9;0,1
"971";9,8;9;0,1
"990";9,9;9;0,1
"991";10;9;0,1
"1010";10,1;9;0,1
"1011";10,2;9;0,1
"1030";10,3;9;0,1
"1031";10,4;9;0,1
"1050";10,5;9;0,1
"1051";10,6;9;0,1
"1070";10,7;9;0,1
"1071";10,8;9;0,1
"1090";10,9;9;0,1
"1091";11;9;0,1
"1110";11,1;9;0,1
"1111";11,2;9;0,1
"1130";11,3;9;0,1
"1131";11,4;9;0,1
"1150";11,5;9;0,1
"1151";11,6;9;0,1
"1170";11,7;9;0,1
"1171";11,8;9;0,1
"1190";11,9;9;0,1
"1191";12;9;0,1
"1210";12,1;9;0,1
"1211";12,2;9;0,1
"1230";12,3;9;0,1
"1231";12,4;9;0,1
"1250";12,5;9;0,1
"1251";12,6;9;0,1
"1270";12,7;9;0,1
"1271";12,8;9;0,1
"1290";12,9;9;0,1
"1291";13;9;0,1
"1310";13,1;9;0,1
"1311";13,2;9;0,1
"1330";13,3;9;0,1
"1331";13,4;9;0,1
"1350";13,5;9;0,1
"1351";13,6;9;0,1
"1370";13,7;9;0,1
"1371";13,8;9;0,1
"1390";13,9;9;0,1
"1391";14;9;0,1
"1410";14,1;9;0,1
"1411";14,2;9;0,1
"1430";14,3;9;0,1
"1431";14,4;9;0,1
"1450";14,5;9;0,1
"1451";14,6;9;0,1
"1470";14,7;9;0,1
"1471";14,8;9;0,1
"1490";14,9;9;0,1
"1491";15;9;0,1
"1510";15,1;9;0,1
"1511";15,2;9;0,1
"1530";15,3;9;0,1
"1531";15,4;9;0,1
"1550";15,5;9;0,1
"1551";15,6;9;0,1
"1570";15,7;9;0,1
"1571";15,8;9;0,1
"1590";15,9;9;0,1
"1591";16;9;0,1
"1610";16,1;9;0,1
"1611";16,2;9;0,1
"1630";16,3;9;0,1
"1631";16,4;9;0,1
"1650";16,5;9;0,1
"1651";16,6;9;0,1
"1670";16,7;9;0,1
"1671";16,8;9;0,1
"1690";16,9;9;0,1
"1691";17;9;0,1
"1710";17,1;9;0,1
"1711";17,2;9;0,1
"1730";17,3;9;0,1
"1731";17,4;9;0,1
"1750";17,5;9;0,1
"1751";17,6;9;0,1
"1770";17,7;9;0,1
"1771";17,8;9;0,1
"1790";17,9;9;0,1
"1791";18;9;0,1
"1810";18,1;9;0,1
"1811";18,2;9;0,1
"1830";18,3;9;0,1
"1831";18,4;9;0,1
"1850";18,5;9;0,1
"1851";18,6;9;0,1
"1870";18,7;9;0,1
"1871";18,8;9;0,1
"1890";18,9;9;0,1
"1891";19;9;0,1
"1910";19,1;9;0,1
"1911";19,2;9;0,1
"1930";19,3;9;0,1
"1931";19,4;9;0,1
"1950";19,5;9;0,1
"1951";19,6;9;0,1
"1970";19,7;9;0,1
"1971";19,8;9;0,1
"1990";19,9;9;0,1
"1991";20;9;0,1
"2010";20,1;9;0,1
"2011";20,2;9;0,1
"2030";20,3;9;0,1
"2031";20,4;9;0,1
"2050";20,5;9;0,1
"2051";20,6;9;0,1
"2070";20,7;9;0,1
"2071";20,8;9;0,1
"2090";20,9;9;0,1
"2091";21;9;0,1
"2110";21,1;9;0,1
"2111";21,2;9;0,1
"2130";21,3;9;0,1
"2131";21,4;9;0,1
"2150";21,5;9;0,1
"2151";21,6;9;0,1
"2170";21,7;9;0,1
"2171";21,8;9;0,1
"2190";21,9;9;0,1
"2191";22;9;0,1
"2210";22,1;9;0,1
"2211";22,2;9;0,1
"2230";22,3;9;0,1
"2231";22,4;9;0,1
"2250";22,5;9;0,1
"2251";22,6;9;0,1
"2270";22,7;9;0,1
"2271";22,8;9;0,1
"2290";22,9;9;0,1
"2291";23;9;0,1
"2310";23,1;9;0,1
"2311";23,2;9;0,1
"2330";23,3;9;0,1
"2331";23,4;9;0,1
"2350";23,5;9;0,1
"2351";23,6;9;0,1
"2370";23,7;9;0,1
"2371";23,8;9;0,1
"2390";23,9;9;0,1
"2391";24;9;0,1
"2410";24,1;9;0,1
"2411";24,2;9;0,1
"2430";24,3;9;0,1
"2431";24,4;9;0,1
"2450";24,5;9;0,1
"2451";24,6;9;0,1
"2470";24,7;9;0,1
"2471";24,8;9;0,1
"2490";24,9;9;0,1
"2491";25;9;0,1
