"";"time";"values"
"1";0,1;0
"2";0,2;0
"3";0,3;0
"4";0,4;0
"5";0,5;0
"6";0,6;0
"7";0,7;0
"8";0,8;0
"9";0,9;0
"10";1;0
"11";1,1;0
"12";1,2;0
"13";1,3;0
"14";1,4;0
"15";1,5;0
"16";1,6;0
"17";1,7;0
"18";1,8;0
"19";1,9;0
"20";2;0
"21";2,1;0
"22";2,2;0
"23";2,3;0
"24";2,4;0
"25";2,5;0
"26";2,6;0
"27";2,7;0
"28";2,8;0
"29";2,9;0
"30";3;0
"31";3,1;0
"32";3,2;0
"33";3,3;0
"34";3,4;0
"35";3,5;0
"36";3,6;0
"37";3,7;0
"38";3,8;0
"39";3,9;0
"40";4;0
"41";4,1;0
"42";4,2;0
"43";4,3;0
"44";4,4;0
"45";4,5;0
"46";4,6;0
"47";4,7;0
"48";4,8;0
"49";4,9;0
"50";5;0
"51";5,1;0
"52";5,2;0
"53";5,3;0
"54";5,4;0
"55";5,5;0
"56";5,6;0
"57";5,7;0
"58";5,8;0
"59";5,9;0
"60";6;0
"61";6,1;0
"62";6,2;0
"63";6,3;0
"64";6,4;0
"65";6,5;0
"66";6,6;0
"67";6,7;0
"68";6,8;0
"69";6,9;0
"70";7;0
"71";7,1;0
"72";7,2;0
"73";7,3;0
"74";7,4;0
"75";7,5;0
"76";7,6;0
"77";7,7;0
"78";7,8;0
"79";7,9;0
"80";8;0
"81";8,1;0
"82";8,2;0
"83";8,3;0
"84";8,4;0
"85";8,5;0
"86";8,6;0
"87";8,7;0
"88";8,8;0
"89";8,9;0
"90";9;0
"91";9,1;0
"92";9,2;0
"93";9,3;0
"94";9,4;0
"95";9,5;0
"96";9,6;0
"97";9,7;0
"98";9,8;0
"99";9,9;0
"100";10;0
"101";10,1;0
"102";10,2;0
"103";10,3;0
"104";10,4;0
"105";10,5;0
"106";10,6;0
"107";10,7;0
"108";10,8;0
"109";10,9;0
"110";11;0
"111";11,1;0
"112";11,2;0
"113";11,3;0
"114";11,4;0
"115";11,5;0
"116";11,6;0
"117";11,7;0
"118";11,8;0
"119";11,9;0
"120";12;0
"121";12,1;0
"122";12,2;0
"123";12,3;0
"124";12,4;0
"125";12,5;0
"126";12,6;0
"127";12,7;0
"128";12,8;0
"129";12,9;0
"130";13;0
"131";13,1;0
"132";13,2;0
"133";13,3;0
"134";13,4;0
"135";13,5;0
"136";13,6;0
"137";13,7;0
"138";13,8;0
"139";13,9;0
"140";14;0
"141";14,1;0
"142";14,2;0
"143";14,3;0
"144";14,4;0
"145";14,5;0
"146";14,6;0
"147";14,7;0
"148";14,8;0
"149";14,9;0
"150";15;0
"151";15,1;0
"152";15,2;0
"153";15,3;0
"154";15,4;0
"155";15,5;0
"156";15,6;0
"157";15,7;0
"158";15,8;0
"159";15,9;0
"160";16;0
"161";16,1;0
"162";16,2;0
"163";16,3;0
"164";16,4;0
"165";16,5;0
"166";16,6;0
"167";16,7;0
"168";16,8;0
"169";16,9;0
"170";17;0
"171";17,1;0
"172";17,2;0
"173";17,3;0
"174";17,4;0
"175";17,5;0
"176";17,6;0
"177";17,7;0
"178";17,8;0
"179";17,9;0
"180";18;0
"181";18,1;0
"182";18,2;0
"183";18,3;0
"184";18,4;0
"185";18,5;0
"186";18,6;0
"187";18,7;0
"188";18,8;0
"189";18,9;0
"190";19;0
"191";19,1;0
"192";19,2;0
"193";19,3;0
"194";19,4;0
"195";19,5;0
"196";19,6;0
"197";19,7;0
"198";19,8;0
"199";19,9;0
"200";20;0
"201";20,1;0
"202";20,2;0
"203";20,3;0
"204";20,4;0
"205";20,5;0
"206";20,6;0
"207";20,7;0
"208";20,8;0
"209";20,9;0
"210";21;0
"211";21,1;0
"212";21,2;0
"213";21,3;0
"214";21,4;0
"215";21,5;0
"216";21,6;0
"217";21,7;0
"218";21,8;0
"219";21,9;0
"220";22;0
"221";22,1;0
"222";22,2;0
"223";22,3;0
"224";22,4;0
"225";22,5;0
"226";22,6;0
"227";22,7;0
"228";22,8;0
"229";22,9;0
"230";23;0
"231";23,1;0
"232";23,2;0
"233";23,3;0
"234";23,4;0
"235";23,5;0
"236";23,6;0
"237";23,7;0
"238";23,8;0
"239";23,9;0
"240";24;0
"241";24,1;0
"242";24,2;0
"243";24,3;0
"244";24,4;0
"245";24,5;0
"246";24,6;0
"247";24,7;0
"248";24,8;0
"249";24,9;0
"250";25;0
"251";25,1;0
"252";25,2;0
"253";25,3;0
"254";25,4;0
"255";25,5;0
"256";25,6;0
"257";25,7;0
"258";25,8;0
"259";25,9;0
"260";26;0
"261";26,1;0
"262";26,2;0
"263";26,3;0
"264";26,4;0
"265";26,5;0
"266";26,6;0
"267";26,7;0
"268";26,8;0
"269";26,9;0
"270";27;0
"271";27,1;0
"272";27,2;0
"273";27,3;0
"274";27,4;0
"275";27,5;0
"276";27,6;0
"277";27,7;0
"278";27,8;0
"279";27,9;0
"280";28;0
"281";28,1;0
"282";28,2;0
"283";28,3;0
"284";28,4;0
"285";28,5;0
"286";28,6;0
"287";28,7;0
"288";28,8;0
"289";28,9;52931,845139
"290";29;52931,845139
"291";29,1;52931,845139
"292";29,2;52931,845139
"293";29,3;52931,845139
"294";29,4;52931,845139
"295";29,5;52931,845139
"296";29,6;52931,845139
"297";29,7;52931,845139
"298";29,8;52931,845139
"299";29,9;52931,845139
"300";30;52931,845139
"301";30,1;52931,845139
"302";30,2;52931,845139
"303";30,3;52931,845139
"304";30,4;52931,845139
"305";30,5;52931,845139
"306";30,6;52931,845139
"307";30,7;52931,845139
"308";30,8;52931,845139
"309";30,9;52931,845139
"310";31;52931,845139
"311";31,1;52931,845139
"312";31,2;52931,845139
"313";31,3;52931,845139
"314";31,4;52931,845139
"315";31,5;52931,845139
"316";31,6;52931,845139
"317";31,7;52931,845139
"318";31,8;52931,845139
"319";31,9;52931,845139
"320";32;52931,845139
"321";32,1;52931,845139
"322";32,2;52931,845139
"323";32,3;52931,845139
"324";32,4;52931,845139
"325";32,5;52931,845139
"326";32,6;52931,845139
"327";32,7;52931,845139
"328";32,8;52931,845139
"329";32,9;52931,845139
"330";33;52931,845139
"331";33,1;52931,845139
"332";33,2;52931,845139
"333";33,3;52931,845139
"334";33,4;52931,845139
"335";33,5;52931,845139
"336";33,6;52931,845139
"337";33,7;52931,845139
"338";33,8;52931,845139
"339";33,9;52931,845139
"340";34;52931,845139
"341";34,1;52931,845139
"342";34,2;52931,845139
"343";34,3;52931,845139
"344";34,4;52931,845139
"345";34,5;52931,845139
"346";34,6;52931,845139
"347";34,7;52931,845139
"348";34,8;52931,845139
"349";34,9;52931,845139
"350";35;52931,845139
"351";35,1;52931,845139
"352";35,2;52931,845139
"353";35,3;52931,845139
"354";35,4;52931,845139
"355";35,5;52931,845139
"356";35,6;52931,845139
"357";35,7;52931,845139
"358";35,8;52931,845139
"359";35,9;52931,845139
"360";36;52931,845139
"361";36,1;52931,845139
"362";36,2;52931,845139
"363";36,3;52931,845139
"364";36,4;52931,845139
"365";36,5;52931,845139
"366";36,6;52931,845139
"367";36,7;52931,845139
"368";36,8;52931,845139
"369";36,9;52931,845139
"370";37;52931,845139
"371";37,1;52931,845139
"372";37,2;52931,845139
"373";37,3;52931,845139
"374";37,4;52931,845139
"375";37,5;52931,845139
"376";37,6;52931,845139
"377";37,7;52931,845139
"378";37,8;52931,845139
"379";37,9;52931,845139
"380";38;52931,845139
"381";38,1;52931,845139
"382";38,2;52931,845139
"383";38,3;52931,845139
"384";38,4;52931,845139
"385";38,5;52931,845139
"386";38,6;52931,845139
"387";38,7;52931,845139
"388";38,8;52931,845139
"389";38,9;52931,845139
"390";39;52931,845139
"391";39,1;52931,845139
"392";39,2;52931,845139
"393";39,3;52931,845139
"394";39,4;52931,845139
"395";39,5;52931,845139
"396";39,6;52931,845139
"397";39,7;52931,845139
"398";39,8;52931,845139
"399";39,9;52931,845139
"400";40;52931,845139
"401";40,1;52931,845139
"402";40,2;52931,845139
"403";40,3;52931,845139
"404";40,4;52931,845139
"405";40,5;52931,845139
"406";40,6;52931,845139
"407";40,7;52931,845139
"408";40,8;52931,845139
"409";40,9;52931,845139
"410";41;52931,845139
"411";41,1;52931,845139
"412";41,2;52931,845139
"413";41,3;52931,845139
"414";41,4;52931,845139
"415";41,5;52931,845139
"416";41,6;52931,845139
"417";41,7;52931,845139
"418";41,8;52931,845139
"419";41,9;52931,845139
"420";42;52931,845139
"421";42,1;52931,845139
"422";42,2;52931,845139
"423";42,3;52931,845139
"424";42,4;52931,845139
"425";42,5;52931,845139
"426";42,6;52931,845139
"427";42,7;52931,845139
"428";42,8;52931,845139
"429";42,9;52931,845139
"430";43;52931,845139
"431";43,1;52931,845139
"432";43,2;52931,845139
"433";43,3;52931,845139
"434";43,4;52931,845139
"435";43,5;52931,845139
"436";43,6;52931,845139
"437";43,7;52931,845139
"438";43,8;52931,845139
"439";43,9;52931,845139
"440";44;52931,845139
"441";44,1;52931,845139
"442";44,2;52931,845139
"443";44,3;52931,845139
"444";44,4;52931,845139
"445";44,5;52931,845139
"446";44,6;52931,845139
"447";44,7;52931,845139
"448";44,8;52931,845139
"449";44,9;52931,845139
"450";45;52931,845139
"451";45,1;52931,845139
"452";45,2;52931,845139
"453";45,3;52931,845139
"454";45,4;52931,845139
"455";45,5;52931,845139
"456";45,6;52931,845139
"457";45,7;52931,845139
"458";45,8;52931,845139
"459";45,9;52931,845139
"460";46;52931,845139
"461";46,1;52931,845139
"462";46,2;52931,845139
"463";46,3;52931,845139
"464";46,4;52931,845139
"465";46,5;52931,845139
"466";46,6;52931,845139
"467";46,7;52931,845139
"468";46,8;52931,845139
"469";46,9;52931,845139
"470";47;52931,845139
"471";47,1;52931,845139
"472";47,2;52931,845139
"473";47,3;52931,845139
"474";47,4;52931,845139
"475";47,5;52931,845139
"476";47,6;52931,845139
"477";47,7;52931,845139
"478";47,8;52931,845139
"479";47,9;52931,845139
"480";48;52931,845139
"481";48,1;52931,845139
"482";48,2;52931,845139
"483";48,3;52931,845139
"484";48,4;52931,845139
"485";48,5;52931,845139
"486";48,6;52931,845139
"487";48,7;52931,845139
"488";48,8;52931,845139
"489";48,9;52931,845139
"490";49;52931,845139
"491";49,1;52931,845139
"492";49,2;52931,845139
"493";49,3;52931,845139
"494";49,4;52931,845139
"495";49,5;52931,845139
"496";49,6;52931,845139
"497";49,7;52931,845139
"498";49,8;52931,845139
"499";49,9;52931,845139
"500";50;52931,845139
"501";50,1;52931,845139
"502";50,2;52931,845139
"503";50,3;52931,845139
"504";50,4;52931,845139
"505";50,5;52931,845139
"506";50,6;52931,845139
"507";50,7;52931,845139
"508";50,8;52931,845139
"509";50,9;52931,845139
"510";51;52931,845139
"511";51,1;52931,845139
"512";51,2;52931,845139
"513";51,3;52931,845139
"514";51,4;52931,845139
"515";51,5;52931,845139
"516";51,6;52931,845139
"517";51,7;52931,845139
"518";51,8;52931,845139
"519";51,9;52931,845139
"520";52;52931,845139
"521";52,1;52931,845139
"522";52,2;52931,845139
"523";52,3;52931,845139
"524";52,4;52931,845139
"525";52,5;52931,845139
"526";52,6;52931,845139
"527";52,7;52931,845139
"528";52,8;52931,845139
"529";52,9;52931,845139
"530";53;52931,845139
"531";53,1;52931,845139
"532";53,2;52931,845139
"533";53,3;52931,845139
"534";53,4;52931,845139
"535";53,5;52931,845139
"536";53,6;52931,845139
"537";53,7;52931,845139
"538";53,8;52931,845139
"539";53,9;52931,845139
"540";54;52931,845139
"541";54,1;52931,845139
"542";54,2;52931,845139
"543";54,3;52931,845139
"544";54,4;52931,845139
"545";54,5;52931,845139
"546";54,6;52931,845139
"547";54,7;52931,845139
"548";54,8;52931,845139
"549";54,9;52931,845139
"550";55;52931,845139
"551";55,1;52931,845139
"552";55,2;52931,845139
"553";55,3;52931,845139
"554";55,4;52931,845139
"555";55,5;52931,845139
"556";55,6;52931,845139
"557";55,7;52931,845139
"558";55,8;52931,845139
"559";55,9;52931,845139
"560";56;52931,845139
"561";56,1;52931,845139
"562";56,2;52931,845139
"563";56,3;52931,845139
"564";56,4;52931,845139
"565";56,5;52931,845139
"566";56,6;52931,845139
"567";56,7;52931,845139
"568";56,8;52931,845139
"569";56,9;52931,845139
"570";57;52931,845139
"571";57,1;52931,845139
"572";57,2;52931,845139
"573";57,3;52931,845139
"574";57,4;52931,845139
"575";57,5;52931,845139
"576";57,6;52931,845139
"577";57,7;52931,845139
"578";57,8;52931,845139
"579";57,9;52931,845139
"580";58;52931,845139
"581";58,1;52931,845139
"582";58,2;52931,845139
"583";58,3;52931,845139
"584";58,4;52931,845139
"585";58,5;52931,845139
"586";58,6;52931,845139
"587";58,7;52931,845139
"588";58,8;52931,845139
"589";58,9;52931,845139
"590";59;52931,845139
"591";59,1;52931,845139
"592";59,2;52931,845139
"593";59,3;52931,845139
"594";59,4;52931,845139
"595";59,5;52931,845139
"596";59,6;52931,845139
"597";59,7;52931,845139
"598";59,8;52931,845139
"599";59,9;52931,845139
"600";60;52931,845139
"601";60,1;52931,845139
"602";60,2;52931,845139
"603";60,3;52931,845139
"604";60,4;52931,845139
"605";60,5;52931,845139
"606";60,6;52931,845139
"607";60,7;52931,845139
"608";60,8;52931,845139
"609";60,9;52931,845139
"610";61;52931,845139
"611";61,1;52931,845139
"612";61,2;52931,845139
"613";61,3;52931,845139
"614";61,4;52931,845139
"615";61,5;52931,845139
"616";61,6;52931,845139
"617";61,7;52931,845139
"618";61,8;52931,845139
"619";61,9;52931,845139
"620";62;52931,845139
"621";62,1;52931,845139
"622";62,2;52931,845139
"623";62,3;52931,845139
"624";62,4;52931,845139
"625";62,5;52931,845139
"626";62,6;52931,845139
"627";62,7;52931,845139
"628";62,8;52931,845139
"629";62,9;52931,845139
"630";63;52931,845139
"631";63,1;52931,845139
"632";63,2;52931,845139
"633";63,3;52931,845139
"634";63,4;52931,845139
"635";63,5;52931,845139
"636";63,6;52931,845139
"637";63,7;52931,845139
"638";63,8;52931,845139
"639";63,9;52931,845139
"640";64;52931,845139
"641";64,1;52931,845139
"642";64,2;52931,845139
"643";64,3;52931,845139
"644";64,4;52931,845139
"645";64,5;52931,845139
"646";64,6;52931,845139
"647";64,7;52931,845139
"648";64,8;52931,845139
"649";64,9;52931,845139
"650";65;52931,845139
"651";65,1;52931,845139
"652";65,2;52931,845139
"653";65,3;52931,845139
"654";65,4;52931,845139
"655";65,5;52931,845139
"656";65,6;52931,845139
"657";65,7;52931,845139
"658";65,8;52931,845139
"659";65,9;52931,845139
"660";66;52931,845139
"661";66,1;52931,845139
"662";66,2;52931,845139
"663";66,3;52931,845139
"664";66,4;52931,845139
"665";66,5;52931,845139
"666";66,6;52931,845139
"667";66,7;52931,845139
"668";66,8;52931,845139
"669";66,9;52931,845139
"670";67;52931,845139
"671";67,1;52931,845139
"672";67,2;52931,845139
"673";67,3;52931,845139
"674";67,4;52931,845139
"675";67,5;52931,845139
"676";67,6;52931,845139
"677";67,7;52931,845139
"678";67,8;52931,845139
"679";67,9;52931,845139
"680";68;52931,845139
"681";68,1;52931,845139
"682";68,2;52931,845139
"683";68,3;52931,845139
"684";68,4;52931,845139
"685";68,5;52931,845139
"686";68,6;52931,845139
"687";68,7;52931,845139
"688";68,8;52931,845139
"689";68,9;52931,845139
"690";69;52931,845139
"691";69,1;52931,845139
"692";69,2;52931,845139
"693";69,3;52931,845139
"694";69,4;52931,845139
"695";69,5;52931,845139
"696";69,6;52931,845139
"697";69,7;52931,845139
"698";69,8;52931,845139
"699";69,9;52931,845139
"700";70;52931,845139
"701";70,1;52931,845139
"702";70,2;52931,845139
"703";70,3;52931,845139
"704";70,4;52931,845139
"705";70,5;52931,845139
"706";70,6;52931,845139
"707";70,7;52931,845139
"708";70,8;52931,845139
"709";70,9;52931,845139
"710";71;52931,845139
"711";71,1;52931,845139
"712";71,2;52931,845139
"713";71,3;52931,845139
"714";71,4;52931,845139
"715";71,5;52931,845139
"716";71,6;52931,845139
"717";71,7;52931,845139
"718";71,8;52931,845139
"719";71,9;52931,845139
"720";72;52931,845139
"721";72,1;52931,845139
"722";72,2;52931,845139
"723";72,3;52931,845139
"724";72,4;52931,845139
"725";72,5;52931,845139
"726";72,6;52931,845139
"727";72,7;52931,845139
"728";72,8;52931,845139
"729";72,9;52931,845139
"730";73;52931,845139
"731";73,1;52931,845139
"732";73,2;52931,845139
"733";73,3;52931,845139
"734";73,4;52931,845139
"735";73,5;52931,845139
"736";73,6;52931,845139
"737";73,7;52931,845139
"738";73,8;52931,845139
"739";73,9;52931,845139
"740";74;52931,845139
"741";74,1;52931,845139
"742";74,2;52931,845139
"743";74,3;52931,845139
"744";74,4;52931,845139
"745";74,5;52931,845139
"746";74,6;52931,845139
"747";74,7;52931,845139
"748";74,8;52931,845139
"749";74,9;52931,845139
"750";75;33082,403212
"751";75,1;33082,403212
"752";75,2;33082,403212
"753";75,3;33082,403212
"754";75,4;33082,403212
"755";75,5;33082,403212
"756";75,6;33082,403212
"757";75,7;33082,403212
"758";75,8;33082,403212
"759";75,9;33082,403212
"760";76;33082,403212
"761";76,1;33082,403212
"762";76,2;33082,403212
"763";76,3;33082,403212
"764";76,4;33082,403212
"765";76,5;33082,403212
"766";76,6;33082,403212
"767";76,7;33082,403212
"768";76,8;33082,403212
"769";76,9;33082,403212
"770";77;33082,403212
"771";77,1;33082,403212
"772";77,2;33082,403212
"773";77,3;33082,403212
"774";77,4;33082,403212
"775";77,5;33082,403212
"776";77,6;33082,403212
"777";77,7;33082,403212
"778";77,8;33082,403212
"779";77,9;33082,403212
"780";78;33082,403212
"781";78,1;33082,403212
"782";78,2;33082,403212
"783";78,3;33082,403212
"784";78,4;33082,403212
"785";78,5;33082,403212
"786";78,6;33082,403212
"787";78,7;33082,403212
"788";78,8;33082,403212
"789";78,9;33082,403212
"790";79;33082,403212
"791";79,1;33082,403212
"792";79,2;33082,403212
"793";79,3;33082,403212
"794";79,4;33082,403212
"795";79,5;33082,403212
"796";79,6;33082,403212
"797";79,7;33082,403212
"798";79,8;33082,403212
"799";79,9;33082,403212
"800";80;33082,403212
"801";80,1;33082,403212
"802";80,2;33082,403212
"803";80,3;33082,403212
"804";80,4;33082,403212
"805";80,5;33082,403212
"806";80,6;33082,403212
"807";80,7;33082,403212
"808";80,8;33082,403212
"809";80,9;33082,403212
"810";81;33082,403212
"811";81,1;33082,403212
"812";81,2;33082,403212
"813";81,3;33082,403212
"814";81,4;33082,403212
"815";81,5;33082,403212
"816";81,6;33082,403212
"817";81,7;33082,403212
"818";81,8;33082,403212
"819";81,9;33082,403212
"820";82;33082,403212
"821";82,1;33082,403212
"822";82,2;33082,403212
"823";82,3;33082,403212
"824";82,4;33082,403212
"825";82,5;33082,403212
"826";82,6;33082,403212
"827";82,7;33082,403212
"828";82,8;33082,403212
"829";82,9;33082,403212
"830";83;33082,403212
"831";83,1;33082,403212
"832";83,2;33082,403212
"833";83,3;33082,403212
"834";83,4;33082,403212
"835";83,5;33082,403212
"836";83,6;33082,403212
"837";83,7;33082,403212
"838";83,8;33082,403212
"839";83,9;33082,403212
"840";84;33082,403212
"841";84,1;33082,403212
"842";84,2;33082,403212
"843";84,3;33082,403212
"844";84,4;33082,403212
"845";84,5;33082,403212
"846";84,6;33082,403212
"847";84,7;33082,403212
"848";84,8;33082,403212
"849";84,9;33082,403212
"850";85;33082,403212
"851";85,1;33082,403212
"852";85,2;33082,403212
"853";85,3;33082,403212
"854";85,4;33082,403212
"855";85,5;33082,403212
"856";85,6;33082,403212
"857";85,7;33082,403212
"858";85,8;33082,403212
"859";85,9;33082,403212
"860";86;33082,403212
"861";86,1;33082,403212
"862";86,2;33082,403212
"863";86,3;33082,403212
"864";86,4;33082,403212
"865";86,5;33082,403212
"866";86,6;33082,403212
"867";86,7;33082,403212
"868";86,8;33082,403212
"869";86,9;33082,403212
"870";87;33082,403212
"871";87,1;33082,403212
"872";87,2;33082,403212
"873";87,3;33082,403212
"874";87,4;33082,403212
"875";87,5;33082,403212
"876";87,6;33082,403212
"877";87,7;33082,403212
"878";87,8;33082,403212
"879";87,9;33082,403212
"880";88;33082,403212
"881";88,1;33082,403212
"882";88,2;33082,403212
"883";88,3;33082,403212
"884";88,4;33082,403212
"885";88,5;33082,403212
"886";88,6;33082,403212
"887";88,7;33082,403212
"888";88,8;33082,403212
"889";88,9;33082,403212
"890";89;33082,403212
"891";89,1;33082,403212
"892";89,2;33082,403212
"893";89,3;33082,403212
"894";89,4;33082,403212
"895";89,5;33082,403212
"896";89,6;33082,403212
"897";89,7;33082,403212
"898";89,8;33082,403212
"899";89,9;33082,403212
"900";90;33082,403212
"901";90,1;33082,403212
"902";90,2;33082,403212
"903";90,3;33082,403212
"904";90,4;33082,403212
"905";90,5;33082,403212
"906";90,6;33082,403212
"907";90,7;33082,403212
"908";90,8;33082,403212
"909";90,9;33082,403212
"910";91;33082,403212
"911";91,1;33082,403212
"912";91,2;33082,403212
"913";91,3;33082,403212
"914";91,4;33082,403212
"915";91,5;33082,403212
"916";91,6;33082,403212
"917";91,7;33082,403212
"918";91,8;33082,403212
"919";91,9;33082,403212
"920";92;33082,403212
"921";92,1;33082,403212
"922";92,2;33082,403212
"923";92,3;33082,403212
"924";92,4;33082,403212
"925";92,5;33082,403212
"926";92,6;33082,403212
"927";92,7;33082,403212
"928";92,8;33082,403212
"929";92,9;33082,403212
"930";93;33082,403212
"931";93,1;33082,403212
"932";93,2;33082,403212
"933";93,3;33082,403212
"934";93,4;33082,403212
"935";93,5;33082,403212
"936";93,6;33082,403212
"937";93,7;33082,403212
"938";93,8;33082,403212
"939";93,9;33082,403212
"940";94;33082,403212
"941";94,1;33082,403212
"942";94,2;33082,403212
"943";94,3;33082,403212
"944";94,4;33082,403212
"945";94,5;33082,403212
"946";94,6;33082,403212
"947";94,7;33082,403212
"948";94,8;33082,403212
"949";94,9;33082,403212
"950";95;33082,403212
"951";95,1;33082,403212
"952";95,2;33082,403212
"953";95,3;33082,403212
"954";95,4;33082,403212
"955";95,5;33082,403212
"956";95,6;33082,403212
"957";95,7;33082,403212
"958";95,8;33082,403212
"959";95,9;33082,403212
"960";96;33082,403212
"961";96,1;33082,403212
"962";96,2;33082,403212
"963";96,3;33082,403212
"964";96,4;33082,403212
"965";96,5;33082,403212
"966";96,6;33082,403212
"967";96,7;33082,403212
"968";96,8;33082,403212
"969";96,9;33082,403212
"970";97;33082,403212
"971";97,1;33082,403212
"972";97,2;33082,403212
"973";97,3;33082,403212
"974";97,4;33082,403212
"975";97,5;33082,403212
"976";97,6;33082,403212
"977";97,7;33082,403212
"978";97,8;33082,403212
"979";97,9;33082,403212
"980";98;33082,403212
"981";98,1;33082,403212
"982";98,2;33082,403212
"983";98,3;33082,403212
"984";98,4;33082,403212
"985";98,5;33082,403212
"986";98,6;33082,403212
"987";98,7;33082,403212
"988";98,8;33082,403212
"989";98,9;33082,403212
"990";99;33082,403212
"991";99,1;33082,403212
"992";99,2;33082,403212
"993";99,3;33082,403212
"994";99,4;33082,403212
"995";99,5;33082,403212
"996";99,6;33082,403212
"997";99,7;33082,403212
"998";99,8;33082,403212
"999";99,9;33082,403212
"1000";100;33082,403212
"1001";100,1;33082,403212
"1002";100,2;33082,403212
"1003";100,3;33082,403212
"1004";100,4;33082,403212
"1005";100,5;33082,403212
"1006";100,6;33082,403212
"1007";100,7;33082,403212
"1008";100,8;33082,403212
"1009";100,9;33082,403212
"1010";101;33082,403212
"1011";101,1;33082,403212
"1012";101,2;33082,403212
"1013";101,3;33082,403212
"1014";101,4;33082,403212
"1015";101,5;33082,403212
"1016";101,6;33082,403212
"1017";101,7;33082,403212
"1018";101,8;33082,403212
"1019";101,9;33082,403212
"1020";102;33082,403212
"1021";102,1;33082,403212
"1022";102,2;33082,403212
"1023";102,3;33082,403212
"1024";102,4;33082,403212
"1025";102,5;33082,403212
"1026";102,6;33082,403212
"1027";102,7;33082,403212
"1028";102,8;33082,403212
"1029";102,9;33082,403212
"1030";103;33082,403212
"1031";103,1;33082,403212
"1032";103,2;33082,403212
"1033";103,3;33082,403212
"1034";103,4;33082,403212
"1035";103,5;33082,403212
"1036";103,6;33082,403212
"1037";103,7;33082,403212
"1038";103,8;33082,403212
"1039";103,9;33082,403212
"1040";104;33082,403212
"1041";104,1;33082,403212
"1042";104,2;33082,403212
"1043";104,3;33082,403212
"1044";104,4;33082,403212
"1045";104,5;33082,403212
"1046";104,6;33082,403212
"1047";104,7;33082,403212
"1048";104,8;33082,403212
"1049";104,9;33082,403212
"1050";105;33082,403212
"1051";105,1;33082,403212
"1052";105,2;33082,403212
"1053";105,3;33082,403212
"1054";105,4;33082,403212
"1055";105,5;33082,403212
"1056";105,6;33082,403212
"1057";105,7;33082,403212
"1058";105,8;33082,403212
"1059";105,9;33082,403212
"1060";106;33082,403212
"1061";106,1;33082,403212
"1062";106,2;33082,403212
"1063";106,3;33082,403212
"1064";106,4;33082,403212
"1065";106,5;33082,403212
"1066";106,6;33082,403212
"1067";106,7;33082,403212
"1068";106,8;33082,403212
"1069";106,9;33082,403212
"1070";107;33082,403212
"1071";107,1;33082,403212
"1072";107,2;33082,403212
"1073";107,3;33082,403212
"1074";107,4;33082,403212
"1075";107,5;33082,403212
"1076";107,6;33082,403212
"1077";107,7;33082,403212
"1078";107,8;33082,403212
"1079";107,9;33082,403212
"1080";108;33082,403212
"1081";108,1;33082,403212
"1082";108,2;33082,403212
"1083";108,3;33082,403212
"1084";108,4;33082,403212
"1085";108,5;33082,403212
"1086";108,6;33082,403212
"1087";108,7;33082,403212
"1088";108,8;33082,403212
"1089";108,9;33082,403212
"1090";109;33082,403212
"1091";109,1;33082,403212
"1092";109,2;33082,403212
"1093";109,3;33082,403212
"1094";109,4;33082,403212
"1095";109,5;33082,403212
"1096";109,6;33082,403212
"1097";109,7;33082,403212
"1098";109,8;33082,403212
"1099";109,9;33082,403212
"1100";110;33082,403212
"1101";110,1;33082,403212
"1102";110,2;33082,403212
"1103";110,3;33082,403212
"1104";110,4;33082,403212
"1105";110,5;33082,403212
"1106";110,6;33082,403212
"1107";110,7;33082,403212
"1108";110,8;33082,403212
"1109";110,9;33082,403212
"1110";111;33082,403212
"1111";111,1;33082,403212
"1112";111,2;33082,403212
"1113";111,3;33082,403212
"1114";111,4;33082,403212
"1115";111,5;33082,403212
"1116";111,6;33082,403212
"1117";111,7;33082,403212
"1118";111,8;33082,403212
"1119";111,9;33082,403212
"1120";112;33082,403212
"1121";112,1;33082,403212
"1122";112,2;33082,403212
"1123";112,3;33082,403212
"1124";112,4;33082,403212
"1125";112,5;33082,403212
"1126";112,6;33082,403212
"1127";112,7;33082,403212
"1128";112,8;33082,403212
"1129";112,9;33082,403212
"1130";113;33082,403212
"1131";113,1;33082,403212
"1132";113,2;33082,403212
"1133";113,3;33082,403212
"1134";113,4;33082,403212
"1135";113,5;33082,403212
"1136";113,6;33082,403212
"1137";113,7;33082,403212
"1138";113,8;33082,403212
"1139";113,9;33082,403212
"1140";114;33082,403212
"1141";114,1;33082,403212
"1142";114,2;33082,403212
"1143";114,3;33082,403212
"1144";114,4;33082,403212
"1145";114,5;33082,403212
"1146";114,6;33082,403212
"1147";114,7;33082,403212
"1148";114,8;33082,403212
"1149";114,9;33082,403212
"1150";115;33082,403212
"1151";115,1;33082,403212
"1152";115,2;33082,403212
"1153";115,3;33082,403212
"1154";115,4;33082,403212
"1155";115,5;33082,403212
"1156";115,6;33082,403212
"1157";115,7;33082,403212
"1158";115,8;33082,403212
"1159";115,9;33082,403212
"1160";116;33082,403212
"1161";116,1;33082,403212
"1162";116,2;33082,403212
"1163";116,3;33082,403212
"1164";116,4;33082,403212
"1165";116,5;33082,403212
"1166";116,6;33082,403212
"1167";116,7;33082,403212
"1168";116,8;33082,403212
"1169";116,9;33082,403212
"1170";117;33082,403212
"1171";117,1;33082,403212
"1172";117,2;33082,403212
"1173";117,3;33082,403212
"1174";117,4;33082,403212
"1175";117,5;33082,403212
"1176";117,6;33082,403212
"1177";117,7;33082,403212
"1178";117,8;33082,403212
"1179";117,9;33082,403212
"1180";118;33082,403212
"1181";118,1;33082,403212
"1182";118,2;33082,403212
"1183";118,3;33082,403212
"1184";118,4;33082,403212
"1185";118,5;33082,403212
"1186";118,6;33082,403212
"1187";118,7;33082,403212
"1188";118,8;33082,403212
"1189";118,9;33082,403212
"1190";119;33082,403212
"1191";119,1;33082,403212
"1192";119,2;33082,403212
"1193";119,3;33082,403212
"1194";119,4;33082,403212
"1195";119,5;33082,403212
"1196";119,6;33082,403212
"1197";119,7;33082,403212
"1198";119,8;33082,403212
"1199";119,9;33082,403212
"1200";120;33082,403212
"1201";120,1;33082,403212
"1202";120,2;33082,403212
"1203";120,3;33082,403212
"1204";120,4;33082,403212
"1205";120,5;33082,403212
"1206";120,6;33082,403212
"1207";120,7;33082,403212
"1208";120,8;33082,403212
"1209";120,9;33082,403212
"1210";121;33082,403212
"1211";121,1;33082,403212
"1212";121,2;33082,403212
"1213";121,3;33082,403212
"1214";121,4;33082,403212
"1215";121,5;33082,403212
"1216";121,6;33082,403212
"1217";121,7;33082,403212
"1218";121,8;33082,403212
"1219";121,9;33082,403212
"1220";122;33082,403212
"1221";122,1;33082,403212
"1222";122,2;33082,403212
"1223";122,3;33082,403212
"1224";122,4;33082,403212
"1225";122,5;33082,403212
"1226";122,6;33082,403212
"1227";122,7;33082,403212
"1228";122,8;33082,403212
"1229";122,9;33082,403212
"1230";123;33082,403212
"1231";123,1;33082,403212
"1232";123,2;33082,403212
"1233";123,3;33082,403212
"1234";123,4;33082,403212
"1235";123,5;33082,403212
"1236";123,6;33082,403212
"1237";123,7;33082,403212
"1238";123,8;33082,403212
"1239";123,9;33082,403212
"1240";124;33082,403212
"1241";124,1;33082,403212
"1242";124,2;33082,403212
"1243";124,3;33082,403212
"1244";124,4;33082,403212
"1245";124,5;33082,403212
"1246";124,6;33082,403212
"1247";124,7;33082,403212
"1248";124,8;33082,403212
"1249";124,9;33082,403212
"1250";125;33082,403212
"1251";125,1;33082,403212
"1252";125,2;33082,403212
"1253";125,3;33082,403212
"1254";125,4;33082,403212
"1255";125,5;33082,403212
"1256";125,6;33082,403212
"1257";125,7;33082,403212
"1258";125,8;33082,403212
"1259";125,9;33082,403212
"1260";126;33082,403212
"1261";126,1;33082,403212
"1262";126,2;33082,403212
"1263";126,3;33082,403212
"1264";126,4;33082,403212
"1265";126,5;33082,403212
"1266";126,6;33082,403212
"1267";126,7;33082,403212
"1268";126,8;33082,403212
"1269";126,9;33082,403212
"1270";127;33082,403212
"1271";127,1;33082,403212
"1272";127,2;33082,403212
"1273";127,3;33082,403212
"1274";127,4;33082,403212
"1275";127,5;33082,403212
"1276";127,6;33082,403212
"1277";127,7;33082,403212
"1278";127,8;33082,403212
"1279";127,9;33082,403212
"1280";128;33082,403212
"1281";128,1;33082,403212
"1282";128,2;33082,403212
"1283";128,3;33082,403212
"1284";128,4;33082,403212
"1285";128,5;33082,403212
"1286";128,6;33082,403212
"1287";128,7;33082,403212
"1288";128,8;33082,403212
"1289";128,9;33082,403212
"1290";129;33082,403212
"1291";129,1;33082,403212
"1292";129,2;33082,403212
"1293";129,3;33082,403212
"1294";129,4;33082,403212
"1295";129,5;33082,403212
"1296";129,6;33082,403212
"1297";129,7;33082,403212
"1298";129,8;33082,403212
"1299";129,9;33082,403212
"1300";130;33082,403212
"1301";130,1;33082,403212
"1302";130,2;33082,403212
"1303";130,3;33082,403212
"1304";130,4;33082,403212
"1305";130,5;33082,403212
"1306";130,6;33082,403212
"1307";130,7;33082,403212
"1308";130,8;33082,403212
"1309";130,9;33082,403212
"1310";131;33082,403212
"1311";131,1;33082,403212
"1312";131,2;33082,403212
"1313";131,3;33082,403212
"1314";131,4;33082,403212
"1315";131,5;33082,403212
"1316";131,6;33082,403212
"1317";131,7;33082,403212
"1318";131,8;33082,403212
"1319";131,9;33082,403212
"1320";132;33082,403212
"1321";132,1;33082,403212
"1322";132,2;33082,403212
"1323";132,3;33082,403212
"1324";132,4;33082,403212
"1325";132,5;33082,403212
"1326";132,6;33082,403212
"1327";132,7;33082,403212
"1328";132,8;33082,403212
"1329";132,9;33082,403212
"1330";133;33082,403212
"1331";133,1;33082,403212
"1332";133,2;33082,403212
"1333";133,3;33082,403212
"1334";133,4;33082,403212
"1335";133,5;33082,403212
"1336";133,6;33082,403212
"1337";133,7;33082,403212
"1338";133,8;33082,403212
"1339";133,9;33082,403212
"1340";134;33082,403212
"1341";134,1;33082,403212
"1342";134,2;33082,403212
"1343";134,3;33082,403212
"1344";134,4;33082,403212
"1345";134,5;33082,403212
"1346";134,6;33082,403212
"1347";134,7;33082,403212
"1348";134,8;33082,403212
"1349";134,9;33082,403212
"1350";135;33082,403212
"1351";135,1;33082,403212
"1352";135,2;33082,403212
"1353";135,3;33082,403212
"1354";135,4;33082,403212
"1355";135,5;33082,403212
"1356";135,6;33082,403212
"1357";135,7;33082,403212
"1358";135,8;33082,403212
"1359";135,9;33082,403212
"1360";136;33082,403212
"1361";136,1;33082,403212
"1362";136,2;33082,403212
"1363";136,3;33082,403212
"1364";136,4;33082,403212
"1365";136,5;33082,403212
"1366";136,6;33082,403212
"1367";136,7;33082,403212
"1368";136,8;33082,403212
"1369";136,9;33082,403212
"1370";137;33082,403212
"1371";137,1;33082,403212
"1372";137,2;33082,403212
"1373";137,3;33082,403212
"1374";137,4;33082,403212
"1375";137,5;33082,403212
"1376";137,6;33082,403212
"1377";137,7;33082,403212
"1378";137,8;33082,403212
"1379";137,9;33082,403212
"1380";138;33082,403212
"1381";138,1;33082,403212
"1382";138,2;33082,403212
"1383";138,3;33082,403212
"1384";138,4;33082,403212
"1385";138,5;33082,403212
"1386";138,6;33082,403212
"1387";138,7;33082,403212
"1388";138,8;33082,403212
"1389";138,9;33082,403212
"1390";139;33082,403212
"1391";139,1;33082,403212
"1392";139,2;33082,403212
"1393";139,3;33082,403212
"1394";139,4;33082,403212
"1395";139,5;33082,403212
"1396";139,6;33082,403212
"1397";139,7;33082,403212
"1398";139,8;33082,403212
"1399";139,9;33082,403212
"1400";140;33082,403212
"1401";140,1;33082,403212
"1402";140,2;33082,403212
"1403";140,3;33082,403212
"1404";140,4;33082,403212
"1405";140,5;33082,403212
"1406";140,6;33082,403212
"1407";140,7;33082,403212
"1408";140,8;33082,403212
"1409";140,9;33082,403212
"1410";141;33082,403212
"1411";141,1;0
"1412";141,2;0
"1413";141,3;0
"1414";141,4;0
"1415";141,5;0
"1416";141,6;0
"1417";141,7;0
"1418";141,8;0
"1419";141,9;0
"1420";142;0
"1421";142,1;0
"1422";142,2;0
"1423";142,3;0
"1424";142,4;0
"1425";142,5;0
"1426";142,6;0
"1427";142,7;0
"1428";142,8;0
"1429";142,9;0
"1430";143;0
"1431";143,1;0
"1432";143,2;0
"1433";143,3;0
"1434";143,4;0
"1435";143,5;0
"1436";143,6;0
"1437";143,7;0
"1438";143,8;0
"1439";143,9;0
"1440";144;0
"1441";144,1;0
"1442";144,2;0
"1443";144,3;0
"1444";144,4;0
"1445";144,5;0
"1446";144,6;0
"1447";144,7;0
"1448";144,8;0
"1449";144,9;0
"1450";145;0
"1451";145,1;0
"1452";145,2;0
"1453";145,3;0
"1454";145,4;0
"1455";145,5;0
"1456";145,6;0
"1457";145,7;0
"1458";145,8;0
"1459";145,9;0
"1460";146;0
"1461";146,1;0
"1462";146,2;0
"1463";146,3;0
"1464";146,4;0
"1465";146,5;0
"1466";146,6;0
"1467";146,7;0
"1468";146,8;0
"1469";146,9;0
"1470";147;0
"1471";147,1;0
"1472";147,2;0
"1473";147,3;0
"1474";147,4;0
"1475";147,5;0
"1476";147,6;0
"1477";147,7;0
"1478";147,8;0
"1479";147,9;0
"1480";148;0
"1481";148,1;0
"1482";148,2;0
"1483";148,3;0
"1484";148,4;0
"1485";148,5;0
"1486";148,6;0
"1487";148,7;0
"1488";148,8;0
"1489";148,9;0
"1490";149;0
"1491";149,1;0
"1492";149,2;0
"1493";149,3;0
"1494";149,4;0
"1495";149,5;0
"1496";149,6;0
"1497";149,7;0
"1498";149,8;0
"1499";149,9;0
"1500";150;0
"1501";150,1;0
"1502";150,2;0
"1503";150,3;0
"1504";150,4;0
"1505";150,5;0
"1506";150,6;0
"1507";150,7;0
"1508";150,8;0
"1509";150,9;0
"1510";151;0
"1511";151,1;0
"1512";151,2;0
"1513";151,3;0
"1514";151,4;0
"1515";151,5;0
"1516";151,6;0
"1517";151,7;0
"1518";151,8;0
"1519";151,9;0
"1520";152;0
"1521";152,1;0
"1522";152,2;0
"1523";152,3;0
"1524";152,4;0
"1525";152,5;0
"1526";152,6;0
"1527";152,7;0
"1528";152,8;0
"1529";152,9;0
"1530";153;0
"1531";153,1;0
"1532";153,2;0
"1533";153,3;0
"1534";153,4;0
"1535";153,5;0
"1536";153,6;0
"1537";153,7;0
"1538";153,8;0
"1539";153,9;0
"1540";154;0
"1541";154,1;0
"1542";154,2;0
"1543";154,3;0
"1544";154,4;0
"1545";154,5;0
"1546";154,6;0
"1547";154,7;0
"1548";154,8;0
"1549";154,9;0
"1550";155;0
"1551";155,1;0
"1552";155,2;0
"1553";155,3;0
"1554";155,4;0
"1555";155,5;0
"1556";155,6;0
"1557";155,7;0
"1558";155,8;0
"1559";155,9;0
"1560";156;0
"1561";156,1;0
"1562";156,2;0
"1563";156,3;0
"1564";156,4;0
"1565";156,5;0
"1566";156,6;0
"1567";156,7;0
"1568";156,8;0
"1569";156,9;0
"1570";157;0
"1571";157,1;0
"1572";157,2;0
"1573";157,3;0
"1574";157,4;0
"1575";157,5;0
"1576";157,6;0
"1577";157,7;0
"1578";157,8;0
"1579";157,9;0
"1580";158;0
"1581";158,1;0
"1582";158,2;0
"1583";158,3;0
"1584";158,4;0
"1585";158,5;0
"1586";158,6;0
"1587";158,7;0
"1588";158,8;0
"1589";158,9;0
"1590";159;0
"1591";159,1;0
"1592";159,2;0
"1593";159,3;0
"1594";159,4;0
"1595";159,5;0
"1596";159,6;0
"1597";159,7;0
"1598";159,8;0
"1599";159,9;0
"1600";160;0
"1601";160,1;0
"1602";160,2;0
"1603";160,3;0
"1604";160,4;0
"1605";160,5;0
"1606";160,6;0
"1607";160,7;0
"1608";160,8;0
"1609";160,9;0
"1610";161;0
"1611";161,1;0
"1612";161,2;0
"1613";161,3;0
"1614";161,4;0
"1615";161,5;0
"1616";161,6;0
"1617";161,7;0
"1618";161,8;0
"1619";161,9;0
"1620";162;0
"1621";162,1;0
"1622";162,2;0
"1623";162,3;0
"1624";162,4;0
"1625";162,5;0
"1626";162,6;0
"1627";162,7;0
"1628";162,8;0
"1629";162,9;0
"1630";163;0
"1631";163,1;0
"1632";163,2;0
"1633";163,3;0
"1634";163,4;0
"1635";163,5;0
"1636";163,6;0
"1637";163,7;0
"1638";163,8;0
"1639";163,9;0
"1640";164;0
"1641";164,1;0
"1642";164,2;0
"1643";164,3;0
"1644";164,4;0
"1645";164,5;0
"1646";164,6;0
"1647";164,7;0
"1648";164,8;0
"1649";164,9;0
"1650";165;0
"1651";165,1;0
"1652";165,2;0
"1653";165,3;0
"1654";165,4;0
"1655";165,5;0
"1656";165,6;0
"1657";165,7;0
"1658";165,8;0
"1659";165,9;0
"1660";166;0
"1661";166,1;0
"1662";166,2;0
"1663";166,3;0
"1664";166,4;0
"1665";166,5;0
"1666";166,6;0
"1667";166,7;0
"1668";166,8;0
"1669";166,9;0
"1670";167;0
"1671";167,1;0
"1672";167,2;0
"1673";167,3;0
"1674";167,4;0
"1675";167,5;0
"1676";167,6;0
"1677";167,7;0
"1678";167,8;0
"1679";167,9;0
"1680";168;0
"1681";168,1;0
"1682";168,2;0
"1683";168,3;0
"1684";168,4;0
"1685";168,5;0
"1686";168,6;0
"1687";168,7;0
"1688";168,8;0
"1689";168,9;0
"1690";169;0
"1691";169,1;0
"1692";169,2;0
"1693";169,3;0
"1694";169,4;0
"1695";169,5;0
"1696";169,6;0
"1697";169,7;0
"1698";169,8;0
"1699";169,9;0
"1700";170;0
"1701";170,1;0
"1702";170,2;0
"1703";170,3;0
"1704";170,4;0
"1705";170,5;0
"1706";170,6;0
"1707";170,7;0
"1708";170,8;0
"1709";170,9;0
"1710";171;0
"1711";171,1;0
"1712";171,2;0
"1713";171,3;0
"1714";171,4;0
"1715";171,5;0
"1716";171,6;0
"1717";171,7;0
"1718";171,8;0
"1719";171,9;0
"1720";172;0
"1721";172,1;0
"1722";172,2;0
"1723";172,3;0
"1724";172,4;0
"1725";172,5;0
"1726";172,6;0
"1727";172,7;0
"1728";172,8;0
"1729";172,9;0
"1730";173;0
"1731";173,1;0
"1732";173,2;0
"1733";173,3;0
"1734";173,4;0
"1735";173,5;0
"1736";173,6;0
"1737";173,7;0
"1738";173,8;0
"1739";173,9;0
"1740";174;0
"1741";174,1;0
"1742";174,2;0
"1743";174,3;0
"1744";174,4;0
"1745";174,5;0
"1746";174,6;0
"1747";174,7;0
"1748";174,8;0
"1749";174,9;0
"1750";175;0
"1751";175,1;0
"1752";175,2;0
"1753";175,3;0
"1754";175,4;0
"1755";175,5;0
"1756";175,6;0
"1757";175,7;0
"1758";175,8;0
"1759";175,9;0
"1760";176;0
"1761";176,1;0
"1762";176,2;0
"1763";176,3;0
"1764";176,4;0
"1765";176,5;0
"1766";176,6;0
"1767";176,7;0
"1768";176,8;0
"1769";176,9;0
"1770";177;0
"1771";177,1;0
"1772";177,2;0
"1773";177,3;0
"1774";177,4;0
"1775";177,5;0
"1776";177,6;0
"1777";177,7;0
"1778";177,8;0
"1779";177,9;0
"1780";178;0
"1781";178,1;0
"1782";178,2;0
"1783";178,3;0
"1784";178,4;0
"1785";178,5;0
"1786";178,6;0
"1787";178,7;0
"1788";178,8;0
"1789";178,9;0
"1790";179;0
"1791";179,1;0
"1792";179,2;0
"1793";179,3;0
"1794";179,4;0
"1795";179,5;0
"1796";179,6;0
"1797";179,7;0
"1798";179,8;0
"1799";179,9;0
"1800";180;0
"1801";180,1;0
"1802";180,2;0
"1803";180,3;0
"1804";180,4;0
"1805";180,5;0
"1806";180,6;0
"1807";180,7;0
"1808";180,8;0
"1809";180,9;0
"1810";181;0
"1811";181,1;0
"1812";181,2;0
"1813";181,3;0
"1814";181,4;0
"1815";181,5;0
"1816";181,6;0
"1817";181,7;0
"1818";181,8;0
"1819";181,9;0
"1820";182;0
"1821";182,1;0
"1822";182,2;0
"1823";182,3;0
"1824";182,4;0
"1825";182,5;0
"1826";182,6;0
"1827";182,7;0
"1828";182,8;0
"1829";182,9;0
"1830";183;0
"1831";183,1;0
"1832";183,2;0
"1833";183,3;0
"1834";183,4;0
"1835";183,5;0
"1836";183,6;0
"1837";183,7;0
"1838";183,8;0
"1839";183,9;0
"1840";184;0
"1841";184,1;0
"1842";184,2;0
"1843";184,3;0
"1844";184,4;0
"1845";184,5;0
"1846";184,6;0
"1847";184,7;0
"1848";184,8;0
"1849";184,9;0
"1850";185;0
"1851";185,1;0
"1852";185,2;0
"1853";185,3;0
"1854";185,4;0
"1855";185,5;0
"1856";185,6;0
"1857";185,7;0
"1858";185,8;0
"1859";185,9;0
"1860";186;0
"1861";186,1;0
"1862";186,2;0
"1863";186,3;0
"1864";186,4;0
"1865";186,5;0
"1866";186,6;0
"1867";186,7;0
"1868";186,8;0
"1869";186,9;0
"1870";187;0
"1871";187,1;0
"1872";187,2;0
"1873";187,3;0
"1874";187,4;0
"1875";187,5;0
"1876";187,6;0
"1877";187,7;0
"1878";187,8;0
"1879";187,9;0
"1880";188;0
"1881";188,1;0
"1882";188,2;0
"1883";188,3;0
"1884";188,4;0
"1885";188,5;0
"1886";188,6;0
"1887";188,7;0
"1888";188,8;0
"1889";188,9;0
"1890";189;0
"1891";189,1;0
"1892";189,2;0
"1893";189,3;0
"1894";189,4;0
"1895";189,5;0
"1896";189,6;0
"1897";189,7;0
"1898";189,8;0
"1899";189,9;0
"1900";190;0
"1901";190,1;0
"1902";190,2;0
"1903";190,3;0
"1904";190,4;0
"1905";190,5;0
"1906";190,6;0
"1907";190,7;0
"1908";190,8;0
"1909";190,9;0
"1910";191;0
"1911";191,1;0
"1912";191,2;0
"1913";191,3;0
"1914";191,4;0
"1915";191,5;0
"1916";191,6;0
"1917";191,7;0
"1918";191,8;0
"1919";191,9;0
"1920";192;0
"1921";192,1;0
"1922";192,2;0
"1923";192,3;0
"1924";192,4;0
"1925";192,5;0
"1926";192,6;0
"1927";192,7;0
"1928";192,8;0
"1929";192,9;0
"1930";193;0
"1931";193,1;0
"1932";193,2;0
"1933";193,3;0
"1934";193,4;0
"1935";193,5;0
"1936";193,6;0
"1937";193,7;0
"1938";193,8;0
"1939";193,9;0
"1940";194;0
"1941";194,1;0
"1942";194,2;0
"1943";194,3;0
"1944";194,4;0
"1945";194,5;0
"1946";194,6;0
"1947";194,7;0
"1948";194,8;0
"1949";194,9;0
"1950";195;0
"1951";195,1;0
"1952";195,2;0
"1953";195,3;0
"1954";195,4;0
"1955";195,5;0
"1956";195,6;0
"1957";195,7;0
"1958";195,8;0
"1959";195,9;0
"1960";196;0
"1961";196,1;0
"1962";196,2;0
"1963";196,3;0
"1964";196,4;0
"1965";196,5;0
"1966";196,6;0
"1967";196,7;0
"1968";196,8;0
"1969";196,9;0
"1970";197;0
"1971";197,1;0
"1972";197,2;0
"1973";197,3;0
"1974";197,4;0
"1975";197,5;0
"1976";197,6;0
"1977";197,7;0
"1978";197,8;0
"1979";197,9;0
"1980";198;0
"1981";198,1;0
"1982";198,2;0
"1983";198,3;0
"1984";198,4;0
"1985";198,5;0
"1986";198,6;0
"1987";198,7;0
"1988";198,8;0
"1989";198,9;0
"1990";199;0
"1991";199,1;0
"1992";199,2;0
"1993";199,3;0
"1994";199,4;0
"1995";199,5;0
"1996";199,6;0
"1997";199,7;0
"1998";199,8;0
"1999";199,9;0
"2000";200;0
"2001";200,1;0
"2002";200,2;0
"2003";200,3;0
"2004";200,4;0
"2005";200,5;0
"2006";200,6;0
"2007";200,7;0
"2008";200,8;0
"2009";200,9;0
"2010";201;0
"2011";201,1;0
"2012";201,2;0
"2013";201,3;0
"2014";201,4;0
"2015";201,5;0
"2016";201,6;0
"2017";201,7;0
"2018";201,8;0
"2019";201,9;0
"2020";202;0
"2021";202,1;0
"2022";202,2;0
"2023";202,3;0
"2024";202,4;0
"2025";202,5;0
"2026";202,6;0
"2027";202,7;0
"2028";202,8;0
"2029";202,9;0
"2030";203;0
"2031";203,1;0
"2032";203,2;0
"2033";203,3;0
"2034";203,4;0
"2035";203,5;0
"2036";203,6;0
"2037";203,7;0
"2038";203,8;0
"2039";203,9;0
"2040";204;0
"2041";204,1;0
"2042";204,2;0
"2043";204,3;0
"2044";204,4;0
"2045";204,5;0
"2046";204,6;0
"2047";204,7;0
"2048";204,8;0
"2049";204,9;0
"2050";205;0
"2051";205,1;0
"2052";205,2;0
"2053";205,3;0
"2054";205,4;0
"2055";205,5;0
"2056";205,6;0
"2057";205,7;0
"2058";205,8;0
"2059";205,9;0
"2060";206;0
"2061";206,1;0
"2062";206,2;0
"2063";206,3;0
"2064";206,4;0
"2065";206,5;0
"2066";206,6;0
"2067";206,7;0
"2068";206,8;0
"2069";206,9;0
"2070";207;0
"2071";207,1;0
"2072";207,2;0
"2073";207,3;0
"2074";207,4;0
"2075";207,5;0
"2076";207,6;0
"2077";207,7;0
"2078";207,8;0
"2079";207,9;0
"2080";208;0
"2081";208,1;0
"2082";208,2;0
"2083";208,3;0
"2084";208,4;0
"2085";208,5;0
"2086";208,6;0
"2087";208,7;0
"2088";208,8;0
"2089";208,9;0
"2090";209;0
"2091";209,1;0
"2092";209,2;0
"2093";209,3;0
"2094";209,4;0
"2095";209,5;0
"2096";209,6;0
"2097";209,7;0
"2098";209,8;0
"2099";209,9;0
"2100";210;0
"2101";210,1;0
"2102";210,2;0
"2103";210,3;0
"2104";210,4;0
"2105";210,5;0
"2106";210,6;0
"2107";210,7;0
"2108";210,8;0
"2109";210,9;0
"2110";211;0
"2111";211,1;0
"2112";211,2;0
"2113";211,3;0
"2114";211,4;0
"2115";211,5;0
"2116";211,6;0
"2117";211,7;0
"2118";211,8;0
"2119";211,9;0
"2120";212;0
"2121";212,1;0
"2122";212,2;0
"2123";212,3;0
"2124";212,4;0
"2125";212,5;0
"2126";212,6;0
"2127";212,7;0
"2128";212,8;0
"2129";212,9;0
"2130";213;0
"2131";213,1;0
"2132";213,2;0
"2133";213,3;0
"2134";213,4;0
"2135";213,5;0
"2136";213,6;0
"2137";213,7;0
"2138";213,8;0
"2139";213,9;0
"2140";214;0
"2141";214,1;0
"2142";214,2;0
"2143";214,3;0
"2144";214,4;0
"2145";214,5;0
"2146";214,6;0
"2147";214,7;0
"2148";214,8;0
"2149";214,9;0
"2150";215;0
"2151";215,1;0
"2152";215,2;0
"2153";215,3;0
"2154";215,4;0
"2155";215,5;0
"2156";215,6;0
"2157";215,7;0
"2158";215,8;0
"2159";215,9;0
"2160";216;0
"2161";216,1;0
"2162";216,2;0
"2163";216,3;0
"2164";216,4;0
"2165";216,5;0
"2166";216,6;0
"2167";216,7;0
"2168";216,8;0
"2169";216,9;0
"2170";217;0
"2171";217,1;0
"2172";217,2;0
"2173";217,3;0
"2174";217,4;0
"2175";217,5;0
"2176";217,6;0
"2177";217,7;0
"2178";217,8;0
"2179";217,9;0
"2180";218;0
"2181";218,1;0
"2182";218,2;0
"2183";218,3;0
"2184";218,4;0
"2185";218,5;0
"2186";218,6;0
"2187";218,7;0
"2188";218,8;0
"2189";218,9;0
"2190";219;0
"2191";219,1;0
"2192";219,2;0
"2193";219,3;0
"2194";219,4;0
"2195";219,5;0
"2196";219,6;0
"2197";219,7;0
"2198";219,8;0
"2199";219,9;0
"2200";220;0
"2201";220,1;0
"2202";220,2;0
"2203";220,3;0
"2204";220,4;0
"2205";220,5;0
"2206";220,6;0
"2207";220,7;0
"2208";220,8;0
"2209";220,9;0
"2210";221;0
"2211";221,1;0
"2212";221,2;0
"2213";221,3;0
"2214";221,4;0
"2215";221,5;0
"2216";221,6;0
"2217";221,7;0
"2218";221,8;0
"2219";221,9;0
"2220";222;0
"2221";222,1;0
"2222";222,2;0
"2223";222,3;0
"2224";222,4;0
"2225";222,5;0
"2226";222,6;0
"2227";222,7;0
"2228";222,8;0
"2229";222,9;0
"2230";223;0
"2231";223,1;0
"2232";223,2;0
"2233";223,3;0
"2234";223,4;0
"2235";223,5;0
"2236";223,6;0
"2237";223,7;0
"2238";223,8;0
"2239";223,9;0
"2240";224;0
"2241";224,1;0
"2242";224,2;0
"2243";224,3;0
"2244";224,4;0
"2245";224,5;0
"2246";224,6;0
"2247";224,7;0
"2248";224,8;0
"2249";224,9;0
"2250";225;0
"2251";225,1;0
"2252";225,2;0
"2253";225,3;0
"2254";225,4;0
"2255";225,5;0
"2256";225,6;0
"2257";225,7;0
"2258";225,8;0
"2259";225,9;0
"2260";226;0
"2261";226,1;0
"2262";226,2;0
"2263";226,3;0
"2264";226,4;0
"2265";226,5;0
"2266";226,6;0
"2267";226,7;0
"2268";226,8;0
"2269";226,9;0
"2270";227;0
"2271";227,1;0
"2272";227,2;0
"2273";227,3;0
"2274";227,4;0
"2275";227,5;0
"2276";227,6;0
"2277";227,7;0
"2278";227,8;0
"2279";227,9;0
"2280";228;0
"2281";228,1;0
"2282";228,2;0
"2283";228,3;0
"2284";228,4;0
"2285";228,5;0
"2286";228,6;0
"2287";228,7;0
"2288";228,8;0
"2289";228,9;0
"2290";229;0
"2291";229,1;0
"2292";229,2;0
"2293";229,3;0
"2294";229,4;0
"2295";229,5;0
"2296";229,6;0
"2297";229,7;0
"2298";229,8;0
"2299";229,9;0
"2300";230;0
"2301";230,1;0
"2302";230,2;0
"2303";230,3;0
"2304";230,4;0
"2305";230,5;0
"2306";230,6;0
"2307";230,7;0
"2308";230,8;0
"2309";230,9;0
"2310";231;0
"2311";231,1;0
"2312";231,2;0
"2313";231,3;0
"2314";231,4;0
"2315";231,5;0
"2316";231,6;0
"2317";231,7;0
"2318";231,8;0
"2319";231,9;0
"2320";232;0
"2321";232,1;0
"2322";232,2;0
"2323";232,3;0
"2324";232,4;0
"2325";232,5;0
"2326";232,6;0
"2327";232,7;0
"2328";232,8;0
"2329";232,9;0
"2330";233;0
"2331";233,1;0
"2332";233,2;0
"2333";233,3;0
"2334";233,4;0
"2335";233,5;0
"2336";233,6;0
"2337";233,7;0
"2338";233,8;0
"2339";233,9;0
"2340";234;0
"2341";234,1;0
"2342";234,2;0
"2343";234,3;0
"2344";234,4;0
"2345";234,5;0
"2346";234,6;0
"2347";234,7;0
"2348";234,8;0
"2349";234,9;0
"2350";235;0
"2351";235,1;0
"2352";235,2;0
"2353";235,3;0
"2354";235,4;0
"2355";235,5;0
"2356";235,6;0
"2357";235,7;0
"2358";235,8;0
"2359";235,9;0
"2360";236;0
"2361";236,1;0
"2362";236,2;0
"2363";236,3;0
"2364";236,4;0
"2365";236,5;0
"2366";236,6;0
"2367";236,7;0
"2368";236,8;0
"2369";236,9;0
"2370";237;0
"2371";237,1;0
"2372";237,2;0
"2373";237,3;0
"2374";237,4;0
"2375";237,5;0
"2376";237,6;0
"2377";237,7;0
"2378";237,8;0
"2379";237,9;0
"2380";238;0
"2381";238,1;0
"2382";238,2;0
"2383";238,3;0
"2384";238,4;0
"2385";238,5;0
"2386";238,6;0
"2387";238,7;0
"2388";238,8;0
"2389";238,9;0
"2390";239;0
"2391";239,1;0
"2392";239,2;0
"2393";239,3;0
"2394";239,4;0
"2395";239,5;0
"2396";239,6;0
"2397";239,7;0
"2398";239,8;0
"2399";239,9;0
"2400";240;0
"2401";240,1;0
"2402";240,2;0
"2403";240,3;0
"2404";240,4;0
"2405";240,5;0
"2406";240,6;0
"2407";240,7;0
"2408";240,8;0
"2409";240,9;0
"2410";241;0
"2411";241,1;0
"2412";241,2;0
"2413";241,3;0
"2414";241,4;0
"2415";241,5;0
"2416";241,6;0
"2417";241,7;0
"2418";241,8;0
"2419";241,9;0
"2420";242;0
"2421";242,1;0
"2422";242,2;0
"2423";242,3;0
"2424";242,4;0
"2425";242,5;0
"2426";242,6;0
"2427";242,7;0
"2428";242,8;0
"2429";242,9;0
"2430";243;0
"2431";243,1;0
"2432";243,2;0
"2433";243,3;0
"2434";243,4;0
"2435";243,5;0
"2436";243,6;0
"2437";243,7;0
"2438";243,8;0
"2439";243,9;0
"2440";244;0
"2441";244,1;0
"2442";244,2;0
"2443";244,3;0
"2444";244,4;0
"2445";244,5;0
"2446";244,6;0
"2447";244,7;0
"2448";244,8;0
"2449";244,9;0
"2450";245;0
"2451";245,1;0
"2452";245,2;0
"2453";245,3;0
"2454";245,4;0
"2455";245,5;0
"2456";245,6;0
"2457";245,7;0
"2458";245,8;0
"2459";245,9;0
"2460";246;0
"2461";246,1;0
"2462";246,2;0
"2463";246,3;0
"2464";246,4;0
"2465";246,5;0
"2466";246,6;0
"2467";246,7;0
"2468";246,8;0
"2469";246,9;0
"2470";247;0
"2471";247,1;0
"2472";247,2;0
"2473";247,3;0
"2474";247,4;0
"2475";247,5;0
"2476";247,6;0
"2477";247,7;0
"2478";247,8;0
"2479";247,9;0
"2480";248;0
"2481";248,1;0
"2482";248,2;0
"2483";248,3;0
"2484";248,4;0
"2485";248,5;0
"2486";248,6;0
"2487";248,7;0
"2488";248,8;0
"2489";248,9;0
"2490";249;0
"2491";249,1;0
"2492";249,2;0
"2493";249,3;0
"2494";249,4;0
"2495";249,5;0
"2496";249,6;0
"2497";249,7;0
"2498";249,8;0
"2499";249,9;0
"2500";250;0
"2501";250,1;0
"2502";250,2;0
"2503";250,3;0
"2504";250,4;0
"2505";250,5;0
"2506";250,6;0
"2507";250,7;0
"2508";250,8;0
"2509";250,9;0
"2510";251;0
"2511";251,1;0
"2512";251,2;0
"2513";251,3;0
"2514";251,4;0
"2515";251,5;0
"2516";251,6;0
"2517";251,7;0
"2518";251,8;0
"2519";251,9;0
"2520";252;0
"2521";252,1;0
"2522";252,2;0
"2523";252,3;0
"2524";252,4;0
"2525";252,5;0
"2526";252,6;0
"2527";252,7;0
"2528";252,8;0
"2529";252,9;0
"2530";253;0
"2531";253,1;0
"2532";253,2;0
"2533";253,3;0
"2534";253,4;0
"2535";253,5;0
"2536";253,6;0
"2537";253,7;0
"2538";253,8;0
"2539";253,9;0
"2540";254;0
"2541";254,1;0
"2542";254,2;0
"2543";254,3;0
"2544";254,4;0
"2545";254,5;0
"2546";254,6;0
"2547";254,7;0
"2548";254,8;0
"2549";254,9;0
"2550";255;0
"2551";255,1;0
"2552";255,2;0
"2553";255,3;0
"2554";255,4;0
"2555";255,5;0
"2556";255,6;0
"2557";255,7;0
"2558";255,8;0
"2559";255,9;0
"2560";256;0
"2561";256,1;0
"2562";256,2;0
"2563";256,3;0
"2564";256,4;0
"2565";256,5;0
"2566";256,6;0
"2567";256,7;0
"2568";256,8;0
"2569";256,9;0
"2570";257;0
"2571";257,1;0
"2572";257,2;0
"2573";257,3;0
"2574";257,4;0
"2575";257,5;0
"2576";257,6;0
"2577";257,7;0
"2578";257,8;0
"2579";257,9;0
"2580";258;0
"2581";258,1;0
"2582";258,2;0
"2583";258,3;0
"2584";258,4;0
"2585";258,5;0
"2586";258,6;0
"2587";258,7;0
"2588";258,8;0
"2589";258,9;0
"2590";259;0
"2591";259,1;0
"2592";259,2;0
"2593";259,3;0
"2594";259,4;0
"2595";259,5;0
"2596";259,6;0
"2597";259,7;0
"2598";259,8;0
"2599";259,9;0
"2600";260;0
"2601";260,1;0
"2602";260,2;0
"2603";260,3;0
"2604";260,4;0
"2605";260,5;0
"2606";260,6;0
"2607";260,7;0
"2608";260,8;0
"2609";260,9;0
"2610";261;0
"2611";261,1;0
"2612";261,2;0
"2613";261,3;0
"2614";261,4;0
"2615";261,5;0
"2616";261,6;0
"2617";261,7;0
"2618";261,8;0
"2619";261,9;0
"2620";262;0
"2621";262,1;0
"2622";262,2;0
"2623";262,3;0
"2624";262,4;0
"2625";262,5;0
"2626";262,6;0
"2627";262,7;0
"2628";262,8;0
"2629";262,9;0
"2630";263;0
"2631";263,1;0
"2632";263,2;0
"2633";263,3;0
"2634";263,4;0
"2635";263,5;0
"2636";263,6;0
"2637";263,7;0
"2638";263,8;0
"2639";263,9;0
"2640";264;0
"2641";264,1;0
"2642";264,2;0
"2643";264,3;0
"2644";264,4;0
"2645";264,5;0
"2646";264,6;0
"2647";264,7;0
"2648";264,8;0
"2649";264,9;0
"2650";265;0
"2651";265,1;0
"2652";265,2;0
"2653";265,3;0
"2654";265,4;0
"2655";265,5;0
"2656";265,6;0
"2657";265,7;0
"2658";265,8;0
"2659";265,9;0
"2660";266;0
"2661";266,1;0
"2662";266,2;0
"2663";266,3;0
"2664";266,4;0
"2665";266,5;0
"2666";266,6;0
"2667";266,7;0
"2668";266,8;0
"2669";266,9;0
"2670";267;0
"2671";267,1;0
"2672";267,2;0
"2673";267,3;0
"2674";267,4;0
"2675";267,5;0
"2676";267,6;0
"2677";267,7;0
"2678";267,8;0
"2679";267,9;0
"2680";268;0
"2681";268,1;0
"2682";268,2;0
"2683";268,3;0
"2684";268,4;0
"2685";268,5;0
"2686";268,6;0
"2687";268,7;0
"2688";268,8;0
"2689";268,9;0
"2690";269;0
"2691";269,1;0
"2692";269,2;0
"2693";269,3;0
"2694";269,4;0
"2695";269,5;0
"2696";269,6;0
"2697";269,7;0
"2698";269,8;0
"2699";269,9;0
"2700";270;0
"2701";270,1;0
"2702";270,2;0
"2703";270,3;0
"2704";270,4;0
"2705";270,5;0
"2706";270,6;0
"2707";270,7;0
"2708";270,8;0
"2709";270,9;0
"2710";271;0
"2711";271,1;0
"2712";271,2;0
"2713";271,3;0
"2714";271,4;0
"2715";271,5;0
"2716";271,6;0
"2717";271,7;0
"2718";271,8;0
"2719";271,9;0
"2720";272;0
"2721";272,1;0
"2722";272,2;0
"2723";272,3;0
"2724";272,4;0
"2725";272,5;0
"2726";272,6;0
"2727";272,7;0
"2728";272,8;0
"2729";272,9;0
"2730";273;0
"2731";273,1;0
"2732";273,2;0
"2733";273,3;0
"2734";273,4;0
"2735";273,5;0
"2736";273,6;0
"2737";273,7;0
"2738";273,8;0
"2739";273,9;0
"2740";274;0
"2741";274,1;0
"2742";274,2;0
"2743";274,3;0
"2744";274,4;0
"2745";274,5;0
"2746";274,6;0
"2747";274,7;0
"2748";274,8;0
"2749";274,9;0
"2750";275;0
"2751";275,1;0
"2752";275,2;0
"2753";275,3;0
"2754";275,4;0
"2755";275,5;0
"2756";275,6;0
"2757";275,7;0
"2758";275,8;0
"2759";275,9;0
"2760";276;0
"2761";276,1;0
"2762";276,2;0
"2763";276,3;0
"2764";276,4;0
"2765";276,5;0
"2766";276,6;0
"2767";276,7;0
"2768";276,8;0
"2769";276,9;0
"2770";277;0
"2771";277,1;0
"2772";277,2;0
"2773";277,3;0
"2774";277,4;0
"2775";277,5;0
"2776";277,6;0
"2777";277,7;0
"2778";277,8;0
"2779";277,9;0
"2780";278;0
"2781";278,1;0
"2782";278,2;0
"2783";278,3;0
"2784";278,4;0
"2785";278,5;0
"2786";278,6;0
"2787";278,7;0
"2788";278,8;0
"2789";278,9;0
"2790";279;0
"2791";279,1;0
"2792";279,2;0
"2793";279,3;0
"2794";279,4;0
"2795";279,5;0
"2796";279,6;0
"2797";279,7;0
"2798";279,8;0
"2799";279,9;0
"2800";280;0
"2801";280,1;0
"2802";280,2;0
"2803";280,3;0
"2804";280,4;0
"2805";280,5;0
"2806";280,6;0
"2807";280,7;0
"2808";280,8;0
"2809";280,9;0
"2810";281;0
"2811";281,1;0
"2812";281,2;0
"2813";281,3;0
"2814";281,4;0
"2815";281,5;0
"2816";281,6;0
"2817";281,7;0
"2818";281,8;0
"2819";281,9;0
"2820";282;0
"2821";282,1;0
"2822";282,2;0
"2823";282,3;0
"2824";282,4;0
"2825";282,5;0
"2826";282,6;0
"2827";282,7;0
"2828";282,8;0
"2829";282,9;0
"2830";283;0
"2831";283,1;0
"2832";283,2;0
"2833";283,3;0
"2834";283,4;0
"2835";283,5;0
"2836";283,6;0
"2837";283,7;0
"2838";283,8;0
"2839";283,9;0
"2840";284;0
"2841";284,1;0
"2842";284,2;0
"2843";284,3;0
"2844";284,4;0
"2845";284,5;0
"2846";284,6;0
"2847";284,7;0
"2848";284,8;0
"2849";284,9;0
"2850";285;0
"2851";285,1;0
"2852";285,2;0
"2853";285,3;0
"2854";285,4;0
"2855";285,5;0
"2856";285,6;0
"2857";285,7;0
"2858";285,8;0
"2859";285,9;0
"2860";286;0
"2861";286,1;0
"2862";286,2;0
"2863";286,3;0
"2864";286,4;0
"2865";286,5;0
"2866";286,6;0
"2867";286,7;0
"2868";286,8;0
"2869";286,9;0
"2870";287;0
"2871";287,1;0
"2872";287,2;0
"2873";287,3;0
"2874";287,4;0
"2875";287,5;0
"2876";287,6;0
"2877";287,7;0
"2878";287,8;0
"2879";287,9;0
"2880";288;0
"2881";288,1;0
"2882";288,2;0
"2883";288,3;0
"2884";288,4;0
"2885";288,5;0
"2886";288,6;0
"2887";288,7;0
"2888";288,8;0
"2889";288,9;0
"2890";289;0
"2891";289,1;0
"2892";289,2;0
"2893";289,3;0
"2894";289,4;0
"2895";289,5;0
"2896";289,6;0
"2897";289,7;0
"2898";289,8;0
"2899";289,9;0
"2900";290;0
"2901";290,1;0
"2902";290,2;0
"2903";290,3;0
"2904";290,4;0
"2905";290,5;0
"2906";290,6;0
"2907";290,7;0
"2908";290,8;0
"2909";290,9;0
"2910";291;0
"2911";291,1;0
"2912";291,2;0
"2913";291,3;0
"2914";291,4;0
"2915";291,5;0
"2916";291,6;0
"2917";291,7;0
"2918";291,8;0
"2919";291,9;0
"2920";292;0
"2921";292,1;0
"2922";292,2;0
"2923";292,3;0
"2924";292,4;0
"2925";292,5;0
"2926";292,6;0
"2927";292,7;0
"2928";292,8;0
"2929";292,9;0
"2930";293;0
"2931";293,1;0
"2932";293,2;0
"2933";293,3;0
"2934";293,4;0
"2935";293,5;0
"2936";293,6;0
"2937";293,7;0
"2938";293,8;0
"2939";293,9;0
"2940";294;0
"2941";294,1;0
"2942";294,2;0
"2943";294,3;0
"2944";294,4;0
"2945";294,5;0
"2946";294,6;0
"2947";294,7;0
"2948";294,8;0
"2949";294,9;0
"2950";295;0
"2951";295,1;0
"2952";295,2;0
"2953";295,3;0
"2954";295,4;0
"2955";295,5;0
"2956";295,6;0
"2957";295,7;0
"2958";295,8;0
"2959";295,9;0
"2960";296;0
"2961";296,1;0
"2962";296,2;0
"2963";296,3;0
"2964";296,4;0
"2965";296,5;0
"2966";296,6;0
"2967";296,7;0
"2968";296,8;0
"2969";296,9;0
"2970";297;0
"2971";297,1;0
"2972";297,2;0
"2973";297,3;0
"2974";297,4;0
"2975";297,5;0
"2976";297,6;0
"2977";297,7;0
"2978";297,8;0
"2979";297,9;0
"2980";298;0
"2981";298,1;0
"2982";298,2;0
"2983";298,3;0
"2984";298,4;0
"2985";298,5;0
"2986";298,6;0
"2987";298,7;0
"2988";298,8;0
"2989";298,9;0
"2990";299;0
"2991";299,1;0
"2992";299,2;0
"2993";299,3;0
"2994";299,4;0
"2995";299,5;0
"2996";299,6;0
"2997";299,7;0
"2998";299,8;0
"2999";299,9;0
"3000";300;0
"3001";300,1;0
"3002";300,2;0
"3003";300,3;0
"3004";300,4;0
"3005";300,5;0
"3006";300,6;0
"3007";300,7;0
"3008";300,8;0
"3009";300,9;0
"3010";301;0
"3011";301,1;0
"3012";301,2;0
"3013";301,3;0
"3014";301,4;0
"3015";301,5;0
"3016";301,6;0
"3017";301,7;0
"3018";301,8;0
"3019";301,9;0
"3020";302;0
"3021";302,1;0
"3022";302,2;0
"3023";302,3;0
"3024";302,4;0
"3025";302,5;0
"3026";302,6;0
"3027";302,7;0
"3028";302,8;0
"3029";302,9;0
"3030";303;0
"3031";303,1;0
"3032";303,2;0
"3033";303,3;0
"3034";303,4;0
"3035";303,5;0
"3036";303,6;0
"3037";303,7;0
"3038";303,8;0
"3039";303,9;0
"3040";304;0
"3041";304,1;0
"3042";304,2;0
"3043";304,3;0
"3044";304,4;0
"3045";304,5;0
"3046";304,6;0
"3047";304,7;0
"3048";304,8;0
"3049";304,9;0
"3050";305;0
"3051";305,1;0
"3052";305,2;0
"3053";305,3;0
"3054";305,4;0
"3055";305,5;0
"3056";305,6;0
"3057";305,7;0
"3058";305,8;0
"3059";305,9;0
"3060";306;0
"3061";306,1;0
"3062";306,2;0
"3063";306,3;0
"3064";306,4;0
"3065";306,5;0
"3066";306,6;0
"3067";306,7;0
"3068";306,8;0
"3069";306,9;0
"3070";307;0
"3071";307,1;0
"3072";307,2;0
"3073";307,3;0
"3074";307,4;0
"3075";307,5;0
"3076";307,6;0
"3077";307,7;0
"3078";307,8;0
"3079";307,9;0
"3080";308;0
"3081";308,1;0
"3082";308,2;0
"3083";308,3;0
"3084";308,4;0
"3085";308,5;0
"3086";308,6;0
"3087";308,7;0
"3088";308,8;0
"3089";308,9;0
"3090";309;0
"3091";309,1;0
"3092";309,2;0
"3093";309,3;0
"3094";309,4;0
"3095";309,5;0
"3096";309,6;0
"3097";309,7;0
"3098";309,8;0
"3099";309,9;0
"3100";310;0
"3101";310,1;0
"3102";310,2;0
"3103";310,3;0
"3104";310,4;0
"3105";310,5;0
"3106";310,6;0
"3107";310,7;0
"3108";310,8;0
"3109";310,9;0
"3110";311;0
"3111";311,1;0
"3112";311,2;0
"3113";311,3;0
"3114";311,4;0
"3115";311,5;0
"3116";311,6;0
"3117";311,7;0
"3118";311,8;0
"3119";311,9;0
"3120";312;0
"3121";312,1;0
"3122";312,2;0
"3123";312,3;0
"3124";312,4;0
"3125";312,5;0
"3126";312,6;0
"3127";312,7;0
"3128";312,8;0
"3129";312,9;0
"3130";313;0
"3131";313,1;0
"3132";313,2;0
"3133";313,3;0
"3134";313,4;0
"3135";313,5;0
"3136";313,6;0
"3137";313,7;0
"3138";313,8;0
"3139";313,9;0
"3140";314;0
"3141";314,1;0
"3142";314,2;0
"3143";314,3;0
"3144";314,4;0
"3145";314,5;0
"3146";314,6;0
"3147";314,7;0
"3148";314,8;0
"3149";314,9;0
"3150";315;0
"3151";315,1;0
"3152";315,2;0
"3153";315,3;0
"3154";315,4;0
"3155";315,5;0
"3156";315,6;0
"3157";315,7;0
"3158";315,8;0
"3159";315,9;0
"3160";316;0
"3161";316,1;0
"3162";316,2;0
"3163";316,3;0
"3164";316,4;0
"3165";316,5;0
"3166";316,6;0
"3167";316,7;0
"3168";316,8;0
"3169";316,9;0
"3170";317;0
"3171";317,1;0
"3172";317,2;0
"3173";317,3;0
"3174";317,4;0
"3175";317,5;0
"3176";317,6;0
"3177";317,7;0
"3178";317,8;0
"3179";317,9;0
"3180";318;0
"3181";318,1;0
"3182";318,2;0
"3183";318,3;0
"3184";318,4;0
"3185";318,5;0
"3186";318,6;0
"3187";318,7;0
"3188";318,8;0
"3189";318,9;0
"3190";319;0
"3191";319,1;0
"3192";319,2;0
"3193";319,3;0
"3194";319,4;0
"3195";319,5;0
"3196";319,6;0
"3197";319,7;0
"3198";319,8;0
"3199";319,9;0
"3200";320;0
"3201";320,1;0
"3202";320,2;0
"3203";320,3;0
"3204";320,4;0
"3205";320,5;0
"3206";320,6;0
"3207";320,7;0
"3208";320,8;0
"3209";320,9;0
"3210";321;0
"3211";321,1;0
"3212";321,2;0
"3213";321,3;0
"3214";321,4;0
"3215";321,5;0
"3216";321,6;0
"3217";321,7;0
"3218";321,8;0
"3219";321,9;0
"3220";322;0
"3221";322,1;0
"3222";322,2;0
"3223";322,3;0
"3224";322,4;0
"3225";322,5;0
"3226";322,6;0
"3227";322,7;0
"3228";322,8;0
"3229";322,9;0
"3230";323;0
"3231";323,1;0
"3232";323,2;0
"3233";323,3;0
"3234";323,4;0
"3235";323,5;0
"3236";323,6;0
"3237";323,7;0
"3238";323,8;0
"3239";323,9;0
"3240";324;0
"3241";324,1;0
"3242";324,2;0
"3243";324,3;0
"3244";324,4;0
"3245";324,5;0
"3246";324,6;0
"3247";324,7;0
"3248";324,8;0
"3249";324,9;0
"3250";325;0
"3251";325,1;0
"3252";325,2;0
"3253";325,3;0
"3254";325,4;0
"3255";325,5;0
"3256";325,6;0
"3257";325,7;0
"3258";325,8;0
"3259";325,9;0
"3260";326;0
"3261";326,1;0
"3262";326,2;0
"3263";326,3;0
"3264";326,4;0
"3265";326,5;0
"3266";326,6;0
"3267";326,7;0
"3268";326,8;0
"3269";326,9;0
"3270";327;0
"3271";327,1;0
"3272";327,2;0
"3273";327,3;0
"3274";327,4;0
"3275";327,5;0
"3276";327,6;0
"3277";327,7;0
"3278";327,8;0
"3279";327,9;0
"3280";328;0
"3281";328,1;0
"3282";328,2;0
"3283";328,3;0
"3284";328,4;0
"3285";328,5;0
"3286";328,6;0
"3287";328,7;0
"3288";328,8;0
"3289";328,9;0
"3290";329;0
"3291";329,1;0
"3292";329,2;0
"3293";329,3;0
"3294";329,4;0
"3295";329,5;0
"3296";329,6;0
"3297";329,7;0
"3298";329,8;0
"3299";329,9;0
"3300";330;0
"3301";330,1;0
"3302";330,2;0
"3303";330,3;0
"3304";330,4;0
"3305";330,5;0
"3306";330,6;0
"3307";330,7;0
"3308";330,8;0
"3309";330,9;0
"3310";331;0
"3311";331,1;0
"3312";331,2;0
"3313";331,3;0
"3314";331,4;0
"3315";331,5;0
"3316";331,6;0
"3317";331,7;0
"3318";331,8;0
"3319";331,9;0
"3320";332;0
"3321";332,1;0
"3322";332,2;0
"3323";332,3;0
"3324";332,4;0
"3325";332,5;0
"3326";332,6;0
"3327";332,7;0
"3328";332,8;0
"3329";332,9;0
"3330";333;0
"3331";333,1;0
"3332";333,2;0
"3333";333,3;0
"3334";333,4;0
"3335";333,5;0
"3336";333,6;0
"3337";333,7;0
"3338";333,8;0
"3339";333,9;0
"3340";334;0
"3341";334,1;0
"3342";334,2;0
"3343";334,3;0
"3344";334,4;0
"3345";334,5;0
"3346";334,6;0
"3347";334,7;0
"3348";334,8;0
"3349";334,9;0
"3350";335;0
"3351";335,1;0
"3352";335,2;0
"3353";335,3;0
"3354";335,4;0
"3355";335,5;0
"3356";335,6;0
"3357";335,7;0
"3358";335,8;0
"3359";335,9;0
"3360";336;0
"3361";336,1;0
"3362";336,2;0
"3363";336,3;0
"3364";336,4;0
"3365";336,5;0
"3366";336,6;0
"3367";336,7;0
"3368";336,8;0
"3369";336,9;0
"3370";337;0
"3371";337,1;0
"3372";337,2;0
"3373";337,3;0
"3374";337,4;0
"3375";337,5;0
"3376";337,6;0
"3377";337,7;0
"3378";337,8;0
"3379";337,9;0
"3380";338;0
"3381";338,1;0
"3382";338,2;0
"3383";338,3;0
"3384";338,4;0
"3385";338,5;0
"3386";338,6;0
"3387";338,7;0
"3388";338,8;0
"3389";338,9;0
"3390";339;0
"3391";339,1;0
"3392";339,2;0
"3393";339,3;0
"3394";339,4;0
"3395";339,5;0
"3396";339,6;0
"3397";339,7;0
"3398";339,8;0
"3399";339,9;0
"3400";340;0
"3401";340,1;0
"3402";340,2;0
"3403";340,3;0
"3404";340,4;0
"3405";340,5;0
"3406";340,6;0
"3407";340,7;0
"3408";340,8;0
"3409";340,9;0
"3410";341;0
"3411";341,1;0
"3412";341,2;0
"3413";341,3;0
"3414";341,4;0
"3415";341,5;0
"3416";341,6;0
"3417";341,7;0
"3418";341,8;0
"3419";341,9;0
"3420";342;0
"3421";342,1;0
"3422";342,2;0
"3423";342,3;0
"3424";342,4;0
"3425";342,5;0
"3426";342,6;0
"3427";342,7;0
"3428";342,8;0
"3429";342,9;0
"3430";343;0
"3431";343,1;0
"3432";343,2;0
"3433";343,3;0
"3434";343,4;0
"3435";343,5;0
"3436";343,6;0
"3437";343,7;0
"3438";343,8;0
"3439";343,9;0
"3440";344;0
"3441";344,1;0
"3442";344,2;0
"3443";344,3;0
"3444";344,4;0
"3445";344,5;0
"3446";344,6;0
"3447";344,7;0
"3448";344,8;0
"3449";344,9;0
"3450";345;0
"3451";345,1;0
"3452";345,2;0
"3453";345,3;0
"3454";345,4;0
"3455";345,5;0
"3456";345,6;0
"3457";345,7;0
"3458";345,8;0
"3459";345,9;0
"3460";346;0
"3461";346,1;0
"3462";346,2;0
"3463";346,3;0
"3464";346,4;0
"3465";346,5;0
"3466";346,6;0
"3467";346,7;0
"3468";346,8;0
"3469";346,9;0
"3470";347;0
"3471";347,1;0
"3472";347,2;0
"3473";347,3;0
"3474";347,4;0
"3475";347,5;0
"3476";347,6;0
"3477";347,7;0
"3478";347,8;0
"3479";347,9;0
"3480";348;0
"3481";348,1;0
"3482";348,2;0
"3483";348,3;0
"3484";348,4;0
"3485";348,5;0
"3486";348,6;0
"3487";348,7;0
"3488";348,8;0
"3489";348,9;0
"3490";349;0
"3491";349,1;0
"3492";349,2;0
"3493";349,3;0
"3494";349,4;0
"3495";349,5;0
"3496";349,6;0
"3497";349,7;0
"3498";349,8;0
"3499";349,9;0
"3500";350;0
"3501";350,1;0
"3502";350,2;0
"3503";350,3;0
"3504";350,4;0
"3505";350,5;0
"3506";350,6;0
"3507";350,7;0
"3508";350,8;0
"3509";350,9;0
"3510";351;0
"3511";351,1;0
"3512";351,2;0
"3513";351,3;0
"3514";351,4;0
"3515";351,5;0
"3516";351,6;0
"3517";351,7;0
"3518";351,8;0
"3519";351,9;0
"3520";352;0
"3521";352,1;0
"3522";352,2;0
"3523";352,3;0
"3524";352,4;0
"3525";352,5;0
"3526";352,6;0
"3527";352,7;0
"3528";352,8;0
"3529";352,9;0
"3530";353;0
"3531";353,1;0
"3532";353,2;0
"3533";353,3;0
"3534";353,4;0
"3535";353,5;0
"3536";353,6;0
"3537";353,7;0
"3538";353,8;0
"3539";353,9;0
"3540";354;0
"3541";354,1;0
"3542";354,2;0
"3543";354,3;0
"3544";354,4;0
"3545";354,5;0
"3546";354,6;0
"3547";354,7;0
"3548";354,8;0
"3549";354,9;0
"3550";355;0
"3551";355,1;0
"3552";355,2;0
"3553";355,3;0
"3554";355,4;0
"3555";355,5;0
"3556";355,6;0
"3557";355,7;0
"3558";355,8;0
"3559";355,9;0
"3560";356;0
"3561";356,1;0
"3562";356,2;0
"3563";356,3;0
"3564";356,4;0
"3565";356,5;0
"3566";356,6;0
"3567";356,7;0
"3568";356,8;0
"3569";356,9;0
"3570";357;0
"3571";357,1;0
"3572";357,2;0
"3573";357,3;0
"3574";357,4;0
"3575";357,5;0
"3576";357,6;0
"3577";357,7;0
"3578";357,8;0
"3579";357,9;0
"3580";358;0
"3581";358,1;0
"3582";358,2;0
"3583";358,3;0
"3584";358,4;0
"3585";358,5;0
"3586";358,6;0
"3587";358,7;0
"3588";358,8;0
"3589";358,9;0
"3590";359;0
"3591";359,1;0
"3592";359,2;0
"3593";359,3;0
"3594";359,4;0
"3595";359,5;0
"3596";359,6;0
"3597";359,7;0
"3598";359,8;0
"3599";359,9;0
"3600";360;0
"3601";360,1;0
"3602";360,2;0
"3603";360,3;0
"3604";360,4;0
"3605";360,5;0
"3606";360,6;0
"3607";360,7;0
"3608";360,8;0
"3609";360,9;0
"3610";361;0
"3611";361,1;0
"3612";361,2;0
"3613";361,3;0
"3614";361,4;0
"3615";361,5;0
"3616";361,6;0
"3617";361,7;0
"3618";361,8;0
"3619";361,9;0
"3620";362;0
"3621";362,1;0
"3622";362,2;0
"3623";362,3;0
"3624";362,4;0
"3625";362,5;0
"3626";362,6;0
"3627";362,7;0
"3628";362,8;0
"3629";362,9;0
"3630";363;0
"3631";363,1;0
"3632";363,2;0
"3633";363,3;0
"3634";363,4;0
"3635";363,5;0
"3636";363,6;0
"3637";363,7;0
"3638";363,8;0
"3639";363,9;0
"3640";364;0
"3641";364,1;0
"3642";364,2;0
"3643";364,3;0
"3644";364,4;0
"3645";364,5;0
"3646";364,6;0
"3647";364,7;0
"3648";364,8;0
"3649";364,9;0
"3650";365;0
"3651";365,1;0
"3652";365,2;0
"3653";365,3;0
"3654";365,4;0
"3655";365,5;0
"3656";365,6;0
"3657";365,7;0
"3658";365,8;0
"3659";365,9;0
"3660";366;0
"3661";366,1;0
"3662";366,2;0
"3663";366,3;0
"3664";366,4;0
"3665";366,5;0
"3666";366,6;0
"3667";366,7;0
"3668";366,8;0
"3669";366,9;0
"3670";367;0
"3671";367,1;0
"3672";367,2;0
"3673";367,3;0
"3674";367,4;0
"3675";367,5;0
"3676";367,6;0
"3677";367,7;0
"3678";367,8;0
"3679";367,9;0
"3680";368;0
"3681";368,1;0
"3682";368,2;0
"3683";368,3;0
"3684";368,4;0
"3685";368,5;0
"3686";368,6;0
"3687";368,7;0
"3688";368,8;0
"3689";368,9;0
"3690";369;0
"3691";369,1;0
"3692";369,2;0
"3693";369,3;0
"3694";369,4;0
"3695";369,5;0
"3696";369,6;0
"3697";369,7;0
"3698";369,8;0
"3699";369,9;0
"3700";370;0
"3701";370,1;0
"3702";370,2;0
"3703";370,3;0
"3704";370,4;0
"3705";370,5;0
"3706";370,6;0
"3707";370,7;0
"3708";370,8;0
"3709";370,9;0
"3710";371;0
"3711";371,1;0
"3712";371,2;0
"3713";371,3;0
"3714";371,4;0
"3715";371,5;0
"3716";371,6;0
"3717";371,7;0
"3718";371,8;0
"3719";371,9;0
"3720";372;0
"3721";372,1;0
"3722";372,2;0
"3723";372,3;0
"3724";372,4;0
"3725";372,5;0
"3726";372,6;0
"3727";372,7;0
"3728";372,8;0
"3729";372,9;0
"3730";373;0
"3731";373,1;0
"3732";373,2;0
"3733";373,3;0
"3734";373,4;0
"3735";373,5;0
"3736";373,6;0
"3737";373,7;0
"3738";373,8;0
"3739";373,9;0
"3740";374;0
"3741";374,1;0
"3742";374,2;0
"3743";374,3;0
"3744";374,4;0
"3745";374,5;0
"3746";374,6;0
"3747";374,7;0
"3748";374,8;0
"3749";374,9;0
"3750";375;0
"3751";375,1;0
"3752";375,2;0
"3753";375,3;0
"3754";375,4;0
"3755";375,5;0
"3756";375,6;0
"3757";375,7;0
"3758";375,8;0
"3759";375,9;0
"3760";376;0
"3761";376,1;0
"3762";376,2;0
"3763";376,3;0
"3764";376,4;0
"3765";376,5;0
"3766";376,6;0
"3767";376,7;0
"3768";376,8;0
"3769";376,9;0
"3770";377;0
"3771";377,1;0
"3772";377,2;0
"3773";377,3;0
"3774";377,4;0
"3775";377,5;0
"3776";377,6;0
"3777";377,7;0
"3778";377,8;0
"3779";377,9;0
"3780";378;0
"3781";378,1;0
"3782";378,2;0
"3783";378,3;0
"3784";378,4;0
"3785";378,5;0
"3786";378,6;0
"3787";378,7;0
"3788";378,8;0
"3789";378,9;0
"3790";379;0
"3791";379,1;0
"3792";379,2;0
"3793";379,3;0
"3794";379,4;0
"3795";379,5;0
"3796";379,6;0
"3797";379,7;0
"3798";379,8;0
"3799";379,9;0
"3800";380;0
"3801";380,1;0
"3802";380,2;0
"3803";380,3;0
"3804";380,4;0
"3805";380,5;0
"3806";380,6;0
"3807";380,7;0
"3808";380,8;0
"3809";380,9;0
"3810";381;0
"3811";381,1;0
"3812";381,2;0
"3813";381,3;0
"3814";381,4;0
"3815";381,5;0
"3816";381,6;0
"3817";381,7;0
"3818";381,8;0
"3819";381,9;0
"3820";382;0
"3821";382,1;0
"3822";382,2;0
"3823";382,3;0
"3824";382,4;0
"3825";382,5;0
"3826";382,6;0
"3827";382,7;0
"3828";382,8;0
"3829";382,9;0
"3830";383;0
"3831";383,1;0
"3832";383,2;0
"3833";383,3;0
"3834";383,4;0
"3835";383,5;0
"3836";383,6;0
"3837";383,7;0
"3838";383,8;0
"3839";383,9;0
"3840";384;0
"3841";384,1;0
"3842";384,2;0
"3843";384,3;0
"3844";384,4;0
"3845";384,5;0
"3846";384,6;0
"3847";384,7;0
"3848";384,8;0
"3849";384,9;0
"3850";385;0
"3851";385,1;0
"3852";385,2;0
"3853";385,3;0
"3854";385,4;0
"3855";385,5;0
"3856";385,6;0
"3857";385,7;0
"3858";385,8;0
"3859";385,9;0
"3860";386;0
"3861";386,1;0
"3862";386,2;0
"3863";386,3;0
"3864";386,4;0
"3865";386,5;0
"3866";386,6;0
"3867";386,7;0
"3868";386,8;0
"3869";386,9;0
"3870";387;0
"3871";387,1;0
"3872";387,2;0
"3873";387,3;0
"3874";387,4;0
"3875";387,5;0
"3876";387,6;0
"3877";387,7;0
"3878";387,8;0
"3879";387,9;0
"3880";388;0
"3881";388,1;0
"3882";388,2;0
"3883";388,3;0
"3884";388,4;0
"3885";388,5;0
"3886";388,6;0
"3887";388,7;0
"3888";388,8;0
"3889";388,9;0
"3890";389;0
"3891";389,1;0
"3892";389,2;0
"3893";389,3;0
"3894";389,4;0
"3895";389,5;0
"3896";389,6;0
"3897";389,7;0
"3898";389,8;0
"3899";389,9;0
"3900";390;0
"3901";390,1;0
"3902";390,2;0
"3903";390,3;0
"3904";390,4;0
"3905";390,5;0
"3906";390,6;0
"3907";390,7;0
"3908";390,8;0
"3909";390,9;0
"3910";391;0
"3911";391,1;0
"3912";391,2;0
"3913";391,3;0
"3914";391,4;0
"3915";391,5;0
"3916";391,6;0
"3917";391,7;0
"3918";391,8;0
"3919";391,9;0
"3920";392;0
"3921";392,1;0
"3922";392,2;0
"3923";392,3;0
"3924";392,4;0
"3925";392,5;0
"3926";392,6;0
"3927";392,7;0
"3928";392,8;0
"3929";392,9;0
"3930";393;0
"3931";393,1;0
"3932";393,2;0
"3933";393,3;0
"3934";393,4;0
"3935";393,5;0
"3936";393,6;0
"3937";393,7;0
"3938";393,8;0
"3939";393,9;0
"3940";394;0
"3941";394,1;0
"3942";394,2;0
"3943";394,3;0
"3944";394,4;0
"3945";394,5;0
"3946";394,6;0
"3947";394,7;0
"3948";394,8;0
"3949";394,9;0
"3950";395;0
"3951";395,1;0
"3952";395,2;0
"3953";395,3;0
"3954";395,4;0
"3955";395,5;0
"3956";395,6;0
"3957";395,7;0
"3958";395,8;0
"3959";395,9;0
"3960";396;0
"3961";396,1;0
"3962";396,2;0
"3963";396,3;0
"3964";396,4;0
"3965";396,5;0
"3966";396,6;0
"3967";396,7;0
"3968";396,8;0
"3969";396,9;0
"3970";397;0
"3971";397,1;0
"3972";397,2;0
"3973";397,3;0
"3974";397,4;0
"3975";397,5;0
"3976";397,6;0
"3977";397,7;0
"3978";397,8;0
"3979";397,9;0
"3980";398;0
"3981";398,1;0
"3982";398,2;0
"3983";398,3;0
"3984";398,4;0
"3985";398,5;0
"3986";398,6;0
"3987";398,7;0
"3988";398,8;0
"3989";398,9;0
"3990";399;0
"3991";399,1;0
"3992";399,2;0
"3993";399,3;0
"3994";399,4;0
"3995";399,5;0
"3996";399,6;0
"3997";399,7;0
"3998";399,8;0
"3999";399,9;0
"4000";400;0
"4001";400,1;0
"4002";400,2;0
"4003";400,3;0
"4004";400,4;0
"4005";400,5;0
"4006";400,6;0
"4007";400,7;0
"4008";400,8;0
"4009";400,9;0
"4010";401;0
"4011";401,1;0
"4012";401,2;0
"4013";401,3;0
"4014";401,4;0
"4015";401,5;0
"4016";401,6;0
"4017";401,7;0
"4018";401,8;0
"4019";401,9;0
"4020";402;0
"4021";402,1;0
"4022";402,2;0
"4023";402,3;0
"4024";402,4;0
"4025";402,5;0
"4026";402,6;0
"4027";402,7;0
"4028";402,8;0
"4029";402,9;0
"4030";403;0
"4031";403,1;0
"4032";403,2;0
"4033";403,3;0
"4034";403,4;0
"4035";403,5;0
"4036";403,6;0
"4037";403,7;0
"4038";403,8;0
"4039";403,9;0
"4040";404;0
"4041";404,1;0
"4042";404,2;0
"4043";404,3;0
"4044";404,4;0
"4045";404,5;0
"4046";404,6;0
"4047";404,7;0
"4048";404,8;0
"4049";404,9;0
"4050";405;0
"4051";405,1;0
"4052";405,2;0
"4053";405,3;0
"4054";405,4;0
"4055";405,5;0
"4056";405,6;0
"4057";405,7;0
"4058";405,8;0
"4059";405,9;0
"4060";406;0
"4061";406,1;0
"4062";406,2;0
"4063";406,3;0
"4064";406,4;0
"4065";406,5;0
"4066";406,6;0
"4067";406,7;0
"4068";406,8;0
"4069";406,9;0
"4070";407;0
"4071";407,1;0
"4072";407,2;0
"4073";407,3;0
"4074";407,4;0
"4075";407,5;0
"4076";407,6;0
"4077";407,7;0
"4078";407,8;0
"4079";407,9;0
"4080";408;0
"4081";408,1;0
"4082";408,2;0
"4083";408,3;0
"4084";408,4;0
"4085";408,5;0
"4086";408,6;0
"4087";408,7;0
"4088";408,8;0
"4089";408,9;0
"4090";409;0
"4091";409,1;0
"4092";409,2;0
"4093";409,3;0
"4094";409,4;0
"4095";409,5;0
"4096";409,6;0
"4097";409,7;0
"4098";409,8;0
"4099";409,9;0
"4100";410;0
"4101";410,1;0
"4102";410,2;0
"4103";410,3;0
"4104";410,4;0
"4105";410,5;0
"4106";410,6;0
"4107";410,7;0
"4108";410,8;0
"4109";410,9;0
"4110";411;0
"4111";411,1;0
"4112";411,2;0
"4113";411,3;0
"4114";411,4;0
"4115";411,5;0
"4116";411,6;0
"4117";411,7;0
"4118";411,8;0
"4119";411,9;0
"4120";412;0
"4121";412,1;0
"4122";412,2;0
"4123";412,3;0
"4124";412,4;0
"4125";412,5;0
"4126";412,6;0
"4127";412,7;0
"4128";412,8;0
"4129";412,9;0
"4130";413;0
"4131";413,1;0
"4132";413,2;0
"4133";413,3;0
"4134";413,4;0
"4135";413,5;0
"4136";413,6;0
"4137";413,7;0
"4138";413,8;0
"4139";413,9;0
"4140";414;0
"4141";414,1;0
"4142";414,2;0
"4143";414,3;0
"4144";414,4;0
"4145";414,5;0
"4146";414,6;0
"4147";414,7;0
"4148";414,8;0
"4149";414,9;0
"4150";415;0
"4151";415,1;0
"4152";415,2;0
"4153";415,3;0
"4154";415,4;0
"4155";415,5;0
"4156";415,6;0
"4157";415,7;0
"4158";415,8;0
"4159";415,9;0
"4160";416;0
"4161";416,1;0
"4162";416,2;0
"4163";416,3;0
"4164";416,4;0
"4165";416,5;0
"4166";416,6;0
"4167";416,7;0
"4168";416,8;0
"4169";416,9;0
"4170";417;0
"4171";417,1;0
"4172";417,2;0
"4173";417,3;0
"4174";417,4;0
"4175";417,5;0
"4176";417,6;0
"4177";417,7;0
"4178";417,8;0
"4179";417,9;0
"4180";418;0
"4181";418,1;0
"4182";418,2;0
"4183";418,3;0
"4184";418,4;0
"4185";418,5;0
"4186";418,6;0
"4187";418,7;0
"4188";418,8;0
"4189";418,9;0
"4190";419;0
"4191";419,1;0
"4192";419,2;0
"4193";419,3;0
"4194";419,4;0
"4195";419,5;0
"4196";419,6;0
"4197";419,7;0
"4198";419,8;0
"4199";419,9;0
"4200";420;0
"4201";420,1;0
"4202";420,2;0
"4203";420,3;0
"4204";420,4;0
"4205";420,5;0
"4206";420,6;0
"4207";420,7;0
"4208";420,8;0
"4209";420,9;0
"4210";421;0
"4211";421,1;0
"4212";421,2;0
"4213";421,3;0
"4214";421,4;0
"4215";421,5;0
"4216";421,6;0
"4217";421,7;0
"4218";421,8;0
"4219";421,9;0
"4220";422;0
"4221";422,1;0
"4222";422,2;0
"4223";422,3;0
"4224";422,4;0
"4225";422,5;0
"4226";422,6;0
"4227";422,7;0
"4228";422,8;0
"4229";422,9;0
"4230";423;0
"4231";423,1;0
"4232";423,2;0
"4233";423,3;0
"4234";423,4;0
"4235";423,5;0
"4236";423,6;0
"4237";423,7;0
"4238";423,8;0
"4239";423,9;0
"4240";424;0
"4241";424,1;0
"4242";424,2;0
"4243";424,3;0
"4244";424,4;0
"4245";424,5;0
"4246";424,6;0
"4247";424,7;0
"4248";424,8;0
"4249";424,9;0
"4250";425;0
"4251";425,1;0
"4252";425,2;0
"4253";425,3;0
"4254";425,4;0
"4255";425,5;0
"4256";425,6;0
"4257";425,7;0
"4258";425,8;0
"4259";425,9;0
"4260";426;0
"4261";426,1;0
"4262";426,2;0
"4263";426,3;0
"4264";426,4;0
"4265";426,5;0
"4266";426,6;0
"4267";426,7;0
"4268";426,8;0
"4269";426,9;0
"4270";427;0
"4271";427,1;0
"4272";427,2;0
"4273";427,3;0
"4274";427,4;0
"4275";427,5;0
"4276";427,6;0
"4277";427,7;0
"4278";427,8;0
"4279";427,9;0
"4280";428;0
"4281";428,1;0
"4282";428,2;0
"4283";428,3;0
"4284";428,4;0
"4285";428,5;0
"4286";428,6;0
"4287";428,7;0
"4288";428,8;0
"4289";428,9;0
"4290";429;0
"4291";429,1;0
"4292";429,2;0
"4293";429,3;0
"4294";429,4;0
"4295";429,5;0
"4296";429,6;0
"4297";429,7;0
"4298";429,8;0
"4299";429,9;0
"4300";430;0
"4301";430,1;0
"4302";430,2;0
"4303";430,3;0
"4304";430,4;0
"4305";430,5;0
"4306";430,6;0
"4307";430,7;0
"4308";430,8;0
"4309";430,9;0
"4310";431;0
"4311";431,1;0
"4312";431,2;0
"4313";431,3;0
"4314";431,4;0
"4315";431,5;0
"4316";431,6;0
"4317";431,7;0
"4318";431,8;0
"4319";431,9;0
"4320";432;0
"4321";432,1;0
"4322";432,2;0
"4323";432,3;0
"4324";432,4;0
"4325";432,5;0
"4326";432,6;0
"4327";432,7;0
"4328";432,8;0
"4329";432,9;0
"4330";433;0
"4331";433,1;0
"4332";433,2;0
"4333";433,3;0
"4334";433,4;0
"4335";433,5;0
"4336";433,6;0
"4337";433,7;0
"4338";433,8;0
"4339";433,9;0
"4340";434;0
"4341";434,1;0
"4342";434,2;0
"4343";434,3;0
"4344";434,4;0
"4345";434,5;0
"4346";434,6;0
"4347";434,7;0
"4348";434,8;0
"4349";434,9;0
"4350";435;0
"4351";435,1;0
"4352";435,2;0
"4353";435,3;0
"4354";435,4;0
"4355";435,5;0
"4356";435,6;0
"4357";435,7;0
"4358";435,8;0
"4359";435,9;0
"4360";436;0
"4361";436,1;0
"4362";436,2;0
"4363";436,3;0
"4364";436,4;0
"4365";436,5;0
"4366";436,6;0
"4367";436,7;0
"4368";436,8;0
"4369";436,9;0
"4370";437;0
"4371";437,1;0
"4372";437,2;0
"4373";437,3;0
"4374";437,4;0
"4375";437,5;0
"4376";437,6;0
"4377";437,7;0
"4378";437,8;0
"4379";437,9;0
"4380";438;0
"4381";438,1;0
"4382";438,2;0
"4383";438,3;0
"4384";438,4;0
"4385";438,5;0
"4386";438,6;0
"4387";438,7;0
"4388";438,8;0
"4389";438,9;0
"4390";439;0
"4391";439,1;0
"4392";439,2;0
"4393";439,3;0
"4394";439,4;0
"4395";439,5;0
"4396";439,6;0
"4397";439,7;0
"4398";439,8;0
"4399";439,9;0
"4400";440;0
"4401";440,1;0
"4402";440,2;0
"4403";440,3;0
"4404";440,4;0
"4405";440,5;0
"4406";440,6;0
"4407";440,7;0
"4408";440,8;0
"4409";440,9;0
"4410";441;0
"4411";441,1;0
"4412";441,2;0
"4413";441,3;0
"4414";441,4;0
"4415";441,5;0
"4416";441,6;0
"4417";441,7;0
"4418";441,8;0
"4419";441,9;0
"4420";442;0
"4421";442,1;0
"4422";442,2;0
"4423";442,3;0
"4424";442,4;0
"4425";442,5;0
"4426";442,6;0
"4427";442,7;0
"4428";442,8;0
"4429";442,9;0
"4430";443;0
"4431";443,1;0
"4432";443,2;0
"4433";443,3;0
"4434";443,4;0
"4435";443,5;0
"4436";443,6;0
"4437";443,7;0
"4438";443,8;0
"4439";443,9;0
"4440";444;0
"4441";444,1;0
"4442";444,2;0
"4443";444,3;0
"4444";444,4;0
"4445";444,5;0
"4446";444,6;0
"4447";444,7;0
"4448";444,8;0
"4449";444,9;0
"4450";445;0
"4451";445,1;0
"4452";445,2;0
"4453";445,3;0
"4454";445,4;0
"4455";445,5;0
"4456";445,6;0
"4457";445,7;0
"4458";445,8;0
"4459";445,9;0
"4460";446;0
"4461";446,1;0
"4462";446,2;0
"4463";446,3;0
"4464";446,4;0
"4465";446,5;0
"4466";446,6;0
"4467";446,7;0
"4468";446,8;0
"4469";446,9;0
"4470";447;0
"4471";447,1;0
"4472";447,2;0
"4473";447,3;0
"4474";447,4;0
"4475";447,5;0
"4476";447,6;0
"4477";447,7;0
"4478";447,8;0
"4479";447,9;0
"4480";448;0
"4481";448,1;0
"4482";448,2;0
"4483";448,3;0
"4484";448,4;0
"4485";448,5;0
"4486";448,6;0
"4487";448,7;0
"4488";448,8;0
"4489";448,9;0
"4490";449;0
"4491";449,1;0
"4492";449,2;0
"4493";449,3;0
"4494";449,4;0
"4495";449,5;0
"4496";449,6;0
"4497";449,7;0
"4498";449,8;0
"4499";449,9;0
"4500";450;0
"4501";450,1;0
"4502";450,2;0
"4503";450,3;0
"4504";450,4;0
"4505";450,5;0
"4506";450,6;0
"4507";450,7;0
"4508";450,8;0
"4509";450,9;0
"4510";451;0
"4511";451,1;0
"4512";451,2;0
"4513";451,3;0
"4514";451,4;0
"4515";451,5;0
"4516";451,6;0
"4517";451,7;0
"4518";451,8;0
"4519";451,9;0
"4520";452;0
"4521";452,1;0
"4522";452,2;0
"4523";452,3;0
"4524";452,4;0
"4525";452,5;0
"4526";452,6;0
"4527";452,7;0
"4528";452,8;0
"4529";452,9;0
"4530";453;0
"4531";453,1;0
"4532";453,2;0
"4533";453,3;0
"4534";453,4;0
"4535";453,5;0
"4536";453,6;0
"4537";453,7;0
"4538";453,8;0
"4539";453,9;0
"4540";454;0
"4541";454,1;0
"4542";454,2;0
"4543";454,3;0
"4544";454,4;0
"4545";454,5;0
"4546";454,6;0
"4547";454,7;0
"4548";454,8;0
"4549";454,9;0
"4550";455;0
"4551";455,1;0
"4552";455,2;0
"4553";455,3;0
"4554";455,4;0
"4555";455,5;0
"4556";455,6;0
"4557";455,7;0
"4558";455,8;0
"4559";455,9;0
"4560";456;0
"4561";456,1;0
"4562";456,2;0
"4563";456,3;0
"4564";456,4;0
"4565";456,5;0
"4566";456,6;0
"4567";456,7;0
"4568";456,8;0
"4569";456,9;0
"4570";457;0
"4571";457,1;0
"4572";457,2;0
"4573";457,3;0
"4574";457,4;0
"4575";457,5;0
"4576";457,6;0
"4577";457,7;0
"4578";457,8;0
"4579";457,9;0
"4580";458;0
"4581";458,1;0
"4582";458,2;0
"4583";458,3;0
"4584";458,4;0
"4585";458,5;0
"4586";458,6;0
"4587";458,7;0
"4588";458,8;0
"4589";458,9;0
"4590";459;0
"4591";459,1;0
"4592";459,2;0
"4593";459,3;0
"4594";459,4;0
"4595";459,5;0
"4596";459,6;0
"4597";459,7;0
"4598";459,8;0
"4599";459,9;0
"4600";460;0
"4601";460,1;0
"4602";460,2;0
"4603";460,3;0
"4604";460,4;0
"4605";460,5;0
"4606";460,6;0
"4607";460,7;0
"4608";460,8;0
"4609";460,9;0
"4610";461;0
"4611";461,1;0
"4612";461,2;0
"4613";461,3;0
"4614";461,4;0
"4615";461,5;0
"4616";461,6;0
"4617";461,7;0
"4618";461,8;0
"4619";461,9;0
"4620";462;0
"4621";462,1;0
"4622";462,2;0
"4623";462,3;0
"4624";462,4;0
"4625";462,5;0
"4626";462,6;0
"4627";462,7;0
"4628";462,8;0
"4629";462,9;0
"4630";463;0
"4631";463,1;0
"4632";463,2;0
"4633";463,3;0
"4634";463,4;0
"4635";463,5;0
"4636";463,6;0
"4637";463,7;0
"4638";463,8;0
"4639";463,9;0
"4640";464;0
"4641";464,1;0
"4642";464,2;0
"4643";464,3;0
"4644";464,4;0
"4645";464,5;0
"4646";464,6;0
"4647";464,7;0
"4648";464,8;0
"4649";464,9;0
"4650";465;0
"4651";465,1;0
"4652";465,2;0
"4653";465,3;0
"4654";465,4;0
"4655";465,5;0
"4656";465,6;0
"4657";465,7;0
"4658";465,8;0
"4659";465,9;0
"4660";466;0
"4661";466,1;0
"4662";466,2;0
"4663";466,3;0
"4664";466,4;0
"4665";466,5;0
"4666";466,6;0
"4667";466,7;0
"4668";466,8;0
"4669";466,9;0
"4670";467;0
"4671";467,1;0
"4672";467,2;0
"4673";467,3;0
"4674";467,4;0
"4675";467,5;0
"4676";467,6;0
"4677";467,7;0
"4678";467,8;0
"4679";467,9;0
"4680";468;0
"4681";468,1;0
"4682";468,2;0
"4683";468,3;0
"4684";468,4;0
"4685";468,5;0
"4686";468,6;0
"4687";468,7;0
"4688";468,8;0
"4689";468,9;0
"4690";469;0
"4691";469,1;0
"4692";469,2;0
"4693";469,3;0
"4694";469,4;0
"4695";469,5;0
"4696";469,6;0
"4697";469,7;0
"4698";469,8;0
"4699";469,9;0
"4700";470;0
"4701";470,1;0
"4702";470,2;0
"4703";470,3;0
"4704";470,4;0
"4705";470,5;0
"4706";470,6;0
"4707";470,7;0
"4708";470,8;0
"4709";470,9;0
"4710";471;0
"4711";471,1;0
"4712";471,2;0
"4713";471,3;0
"4714";471,4;0
"4715";471,5;0
"4716";471,6;0
"4717";471,7;0
"4718";471,8;0
"4719";471,9;0
"4720";472;0
"4721";472,1;0
"4722";472,2;0
"4723";472,3;0
"4724";472,4;0
"4725";472,5;0
"4726";472,6;0
"4727";472,7;0
"4728";472,8;0
"4729";472,9;0
"4730";473;0
"4731";473,1;0
"4732";473,2;0
"4733";473,3;0
"4734";473,4;0
"4735";473,5;0
"4736";473,6;0
"4737";473,7;0
"4738";473,8;0
"4739";473,9;0
"4740";474;0
"4741";474,1;0
"4742";474,2;0
"4743";474,3;0
"4744";474,4;0
"4745";474,5;0
"4746";474,6;0
"4747";474,7;0
"4748";474,8;0
"4749";474,9;0
"4750";475;0
"4751";475,1;0
"4752";475,2;0
"4753";475,3;0
"4754";475,4;0
"4755";475,5;0
"4756";475,6;0
"4757";475,7;0
"4758";475,8;0
"4759";475,9;0
"4760";476;0
"4761";476,1;0
"4762";476,2;0
"4763";476,3;0
"4764";476,4;0
"4765";476,5;0
"4766";476,6;0
"4767";476,7;0
"4768";476,8;0
"4769";476,9;0
"4770";477;0
"4771";477,1;0
"4772";477,2;0
"4773";477,3;0
"4774";477,4;0
"4775";477,5;0
"4776";477,6;0
"4777";477,7;0
"4778";477,8;0
"4779";477,9;0
"4780";478;0
"4781";478,1;0
"4782";478,2;0
"4783";478,3;0
"4784";478,4;0
"4785";478,5;0
"4786";478,6;0
"4787";478,7;0
"4788";478,8;0
"4789";478,9;0
"4790";479;0
"4791";479,1;0
"4792";479,2;0
"4793";479,3;0
"4794";479,4;0
"4795";479,5;0
"4796";479,6;0
"4797";479,7;0
"4798";479,8;0
"4799";479,9;0
"4800";480;0
"4801";480,1;0
"4802";480,2;0
"4803";480,3;0
"4804";480,4;0
"4805";480,5;0
"4806";480,6;0
"4807";480,7;0
"4808";480,8;0
"4809";480,9;0
"4810";481;0
"4811";481,1;0
"4812";481,2;0
"4813";481,3;0
"4814";481,4;0
"4815";481,5;0
"4816";481,6;0
"4817";481,7;0
"4818";481,8;0
"4819";481,9;0
"4820";482;0
"4821";482,1;0
"4822";482,2;0
"4823";482,3;0
"4824";482,4;0
"4825";482,5;0
"4826";482,6;0
"4827";482,7;0
"4828";482,8;0
"4829";482,9;0
"4830";483;0
"4831";483,1;0
"4832";483,2;0
"4833";483,3;0
"4834";483,4;0
"4835";483,5;0
"4836";483,6;0
"4837";483,7;0
"4838";483,8;0
"4839";483,9;0
"4840";484;0
"4841";484,1;0
"4842";484,2;0
"4843";484,3;0
"4844";484,4;0
"4845";484,5;0
"4846";484,6;0
"4847";484,7;0
"4848";484,8;0
"4849";484,9;0
"4850";485;0
"4851";485,1;0
"4852";485,2;0
"4853";485,3;0
"4854";485,4;0
"4855";485,5;0
"4856";485,6;0
"4857";485,7;0
"4858";485,8;0
"4859";485,9;0
"4860";486;0
"4861";486,1;0
"4862";486,2;0
"4863";486,3;0
"4864";486,4;0
"4865";486,5;0
"4866";486,6;0
"4867";486,7;0
"4868";486,8;0
"4869";486,9;0
"4870";487;0
"4871";487,1;0
"4872";487,2;0
"4873";487,3;0
"4874";487,4;0
"4875";487,5;0
"4876";487,6;0
"4877";487,7;0
"4878";487,8;0
"4879";487,9;0
"4880";488;0
"4881";488,1;0
"4882";488,2;0
"4883";488,3;0
"4884";488,4;0
"4885";488,5;0
"4886";488,6;0
"4887";488,7;0
"4888";488,8;0
"4889";488,9;0
"4890";489;0
"4891";489,1;0
"4892";489,2;0
"4893";489,3;0
"4894";489,4;0
"4895";489,5;0
"4896";489,6;0
"4897";489,7;0
"4898";489,8;0
"4899";489,9;0
"4900";490;0
"4901";490,1;0
"4902";490,2;0
"4903";490,3;0
"4904";490,4;0
"4905";490,5;0
"4906";490,6;0
"4907";490,7;0
"4908";490,8;0
"4909";490,9;0
"4910";491;0
"4911";491,1;0
"4912";491,2;0
"4913";491,3;0
"4914";491,4;0
"4915";491,5;0
"4916";491,6;0
"4917";491,7;0
"4918";491,8;0
"4919";491,9;0
"4920";492;0
"4921";492,1;0
"4922";492,2;0
"4923";492,3;0
"4924";492,4;0
"4925";492,5;0
"4926";492,6;0
"4927";492,7;0
"4928";492,8;0
"4929";492,9;0
"4930";493;0
"4931";493,1;0
"4932";493,2;0
"4933";493,3;0
"4934";493,4;0
"4935";493,5;0
"4936";493,6;0
"4937";493,7;0
"4938";493,8;0
"4939";493,9;0
"4940";494;0
"4941";494,1;0
"4942";494,2;0
"4943";494,3;0
"4944";494,4;0
"4945";494,5;0
"4946";494,6;0
"4947";494,7;0
"4948";494,8;0
"4949";494,9;0
"4950";495;0
"4951";495,1;0
"4952";495,2;0
"4953";495,3;0
"4954";495,4;0
"4955";495,5;0
"4956";495,6;0
"4957";495,7;0
"4958";495,8;0
"4959";495,9;0
"4960";496;0
"4961";496,1;0
"4962";496,2;0
"4963";496,3;0
"4964";496,4;0
"4965";496,5;0
"4966";496,6;0
"4967";496,7;0
"4968";496,8;0
"4969";496,9;0
"4970";497;0
"4971";497,1;0
"4972";497,2;0
"4973";497,3;0
"4974";497,4;0
"4975";497,5;0
"4976";497,6;0
"4977";497,7;0
"4978";497,8;0
"4979";497,9;0
"4980";498;0
"4981";498,1;0
"4982";498,2;0
"4983";498,3;0
"4984";498,4;0
"4985";498,5;0
"4986";498,6;0
"4987";498,7;0
"4988";498,8;0
"4989";498,9;0
"4990";499;0
"4991";499,1;0
"4992";499,2;0
"4993";499,3;0
"4994";499,4;0
"4995";499,5;0
"4996";499,6;0
"4997";499,7;0
"4998";499,8;0
"4999";499,9;0
