"data","nous_casos_confirmats","m_3","m_7","m_14"
2020-03-01,13,13,13,13
2020-03-02,8,8,8,8
2020-03-03,15,12,15,15
2020-03-04,7,10,7,7
2020-03-05,19,13.6666666666667,19,19
2020-03-06,14,13.3333333333333,14,14
2020-03-07,17,16.6666666666667,13.2857142857143,17
2020-03-08,13,14.6666666666667,13.2857142857143,13
2020-03-09,101,43.6666666666667,26.5714285714286,101
2020-03-10,185,99.6666666666667,50.8571428571429,185
2020-03-11,213,166.333333333333,80.2857142857143,213
2020-03-12,373,257,130.857142857143,373
2020-03-13,575,387,211,575
2020-03-14,446,464.666666666667,272.285714285714,142.785714285714
2020-03-15,591,537.333333333333,354.857142857143,184.071428571429
2020-03-16,1391,809.333333333333,539.142857142857,282.857142857143
2020-03-17,1219,1067,686.857142857143,368.857142857143
2020-03-18,1441,1350.33333333333,862.285714285714,471.285714285714
2020-03-19,1580,1413.33333333333,1034.71428571429,582.785714285714
2020-03-20,1792,1604.33333333333,1208.57142857143,709.785714285714
2020-03-21,1155,1509,1309.85714285714,791.071428571429
2020-03-22,1052,1333,1375.71428571429,865.285714285714
2020-03-23,2437,1548,1525.14285714286,1032.14285714286
2020-03-24,2092,1860.33333333333,1649.85714285714,1168.35714285714
2020-03-25,2030,2186.33333333333,1734,1298.14285714286
2020-03-26,1999,2040.33333333333,1793.85714285714,1414.28571428571
2020-03-27,1780,1936.33333333333,1792.14285714286,1500.35714285714
2020-03-28,1238,1672.33333333333,1804,1556.92857142857
2020-03-29,1092,1370,1809.71428571429,1592.71428571429
2020-03-30,2167,1499,1771.14285714286,1648.14285714286
2020-03-31,1644,1634.33333333333,1707.14285714286,1678.5
2020-04-01,1822,1877.66666666667,1677.42857142857,1705.71428571429
2020-04-02,1570,1678.66666666667,1616.14285714286,1705
2020-04-03,1615,1669,1592.57142857143,1692.35714285714
2020-04-04,947,1377.33333333333,1551,1677.5
2020-04-05,700,1087.33333333333,1495,1652.35714285714
2020-04-06,1596,1081,1413.42857142857,1592.28571428571
2020-04-07,1409,1235,1379.85714285714,1543.5
2020-04-08,1556,1520.33333333333,1341.85714285714,1509.64285714286
2020-04-09,1663,1542.66666666667,1355.14285714286,1485.64285714286
2020-04-10,1289,1502.66666666667,1308.57142857143,1450.57142857143
2020-04-11,952,1301.33333333333,1309.28571428571,1430.14285714286
2020-04-12,620,953.666666666667,1297.85714285714,1396.42857142857
2020-04-13,1028,866.666666666667,1216.71428571429,1315.07142857143
2020-04-14,1425,1024.33333333333,1219,1299.42857142857
2020-04-15,1526,1326.33333333333,1214.71428571429,1278.28571428571
2020-04-16,1419,1456.66666666667,1179.85714285714,1267.5
2020-04-17,1912,1619,1268.85714285714,1288.71428571429
2020-04-18,916,1415.66666666667,1263.71428571429,1286.5
2020-04-19,529,1119,1250.71428571429,1274.28571428571
2020-04-20,1237,894,1280.57142857143,1248.64285714286
2020-04-21,1168,978,1243.85714285714,1231.42857142857
2020-04-22,1311,1238.66666666667,1213.14285714286,1213.92857142857
2020-04-23,994,1157.66666666667,1152.42857142857,1166.14285714286
2020-04-24,976,1093.66666666667,1018.71428571429,1143.78571428571
2020-04-25,552,840.666666666667,966.714285714286,1115.21428571429
2020-04-26,367,631.666666666667,943.571428571429,1097.14285714286
2020-04-27,669,529.333333333333,862.428571428571,1071.5
2020-04-28,685,573.666666666667,793.428571428571,1018.64285714286
2020-04-29,871,741.666666666667,730.571428571429,971.857142857143
2020-04-30,639,731.666666666667,679.857142857143,916.142857142857
2020-05-01,616,708.666666666667,628.428571428571,823.571428571429
2020-05-02,317,524,594.857142857143,780.785714285714
2020-05-03,147,360,563.428571428571,753.5
2020-05-04,539,334.333333333333,544.857142857143,703.642857142857
2020-05-05,685,457,544.857142857143,669.142857142857
2020-05-06,802,675.333333333333,535,632.785714285714
2020-05-07,494,660.333333333333,514.285714285714,597.071428571429
2020-05-08,452,582.666666666667,490.857142857143,559.642857142857
2020-05-09,317,421,490.857142857143,542.857142857143
2020-05-10,177,315.333333333333,495.142857142857,529.285714285714
2020-05-11,369,287.666666666667,470.857142857143,507.857142857143
2020-05-12,443,329.666666666667,436.285714285714,490.571428571429
2020-05-13,451,421,386.142857142857,460.571428571429
2020-05-14,426,440,376.428571428571,445.357142857143
2020-05-15,357,411.333333333333,362.857142857143,426.857142857143
2020-05-16,249,344,353.142857142857,422
2020-05-17,89,231.666666666667,340.571428571429,417.857142857143
2020-05-18,351,229.666666666667,338,404.428571428571
2020-05-19,418,286,334.428571428571,385.357142857143
2020-05-20,400,389.666666666667,327.142857142857,356.642857142857
2020-05-21,566,461.333333333333,347.142857142857,361.785714285714
2020-05-22,508,491.333333333333,368.714285714286,365.785714285714
2020-05-23,130,401.333333333333,351.714285714286,352.428571428571
2020-05-24,263,300.333333333333,376.571428571429,358.571428571429
2020-05-25,341,244.666666666667,375.142857142857,356.571428571429
2020-05-26,495,366.333333333333,386.142857142857,360.285714285714
2020-05-27,816,550.666666666667,445.571428571429,386.357142857143
2020-05-28,777,696,475.714285714286,411.428571428571
2020-05-29,400,664.333333333333,460.285714285714,414.5
2020-05-30,269,482,480.142857142857,415.928571428571
2020-05-31,106,258.333333333333,457.714285714286,417.142857142857
2020-06-01,127,167.333333333333,427.142857142857,401.142857142857
2020-06-02,241,158,390.857142857143,388.5
2020-06-03,316,228,319.428571428571,382.5
2020-06-04,310,289,252.714285714286,364.214285714286
2020-06-05,360,328.666666666667,247,353.642857142857
2020-06-06,226,298.666666666667,240.857142857143,360.5
2020-06-07,103,229.666666666667,240.428571428571,349.071428571429
2020-06-08,245,191.333333333333,257.285714285714,342.214285714286
2020-06-09,231,193,255.857142857143,323.357142857143
2020-06-10,314,263.333333333333,255.571428571429,287.5
2020-06-11,290,278.333333333333,252.714285714286,252.714285714286
2020-06-12,274,292.666666666667,240.428571428571,243.714285714286
2020-06-13,176,246.666666666667,233.285714285714,237.071428571429
2020-06-14,76,175.333333333333,229.428571428571,234.928571428571
2020-06-15,186,146,221,239.142857142857
2020-06-16,249,170.333333333333,223.571428571429,239.714285714286
2020-06-17,225,220,210.857142857143,233.214285714286
2020-06-18,246,240,204.571428571429,228.642857142857
2020-06-19,205,225.333333333333,194.714285714286,217.571428571429
2020-06-20,152,201,191.285714285714,212.285714285714
2020-06-21,75,144,191.142857142857,210.285714285714
2020-06-22,162,129.666666666667,187.714285714286,204.357142857143
2020-06-23,238,158.333333333333,186.142857142857,204.857142857143
2020-06-24,121,173.666666666667,171.285714285714,191.071428571429
2020-06-25,265,208,174,189.285714285714
2020-06-26,341,242.333333333333,193.428571428571,194.071428571429
2020-06-27,165,257,195.285714285714,193.285714285714
2020-06-28,103,203,199.285714285714,195.214285714286
2020-06-29,263,177,213.714285714286,200.714285714286
2020-06-30,381,249,234.142857142857,210.142857142857
2020-07-01,504,382.666666666667,288.857142857143,230.071428571429
2020-07-02,439,441.333333333333,313.714285714286,243.857142857143
2020-07-03,484,475.666666666667,334.142857142857,263.785714285714
2020-07-04,243,388.666666666667,345.285714285714,270.285714285714
2020-07-05,170,299,354.857142857143,277.071428571429
2020-07-06,512,308.333333333333,390.428571428571,302.071428571429
2020-07-07,687,456.333333333333,434.142857142857,334.142857142857
2020-07-08,826,675,480.142857142857,384.5
2020-07-09,856,789.666666666667,539.714285714286,426.714285714286
2020-07-10,906,862.666666666667,600,467.071428571429
2020-07-11,444,735.333333333333,628.714285714286,487
2020-07-12,276,542,643.857142857143,499.357142857143
2020-07-13,1218,646,744.714285714286,567.571428571429
2020-07-14,1299,931,832.142857142857,633.142857142857
2020-07-15,1582,1366.33333333333,940.142857142857,710.142857142857
2020-07-16,1514,1465,1034.14285714286,786.928571428571
2020-07-17,1596,1564,1132.71428571429,866.357142857143
2020-07-18,738,1282.66666666667,1174.71428571429,901.714285714286
2020-07-19,460,931.333333333333,1201,922.428571428571
2020-07-20,1648,948.666666666667,1262.42857142857,1003.57142857143
2020-07-21,1637,1248.33333333333,1310.71428571429,1071.42857142857
2020-07-22,1609,1631.33333333333,1314.57142857143,1127.35714285714
2020-07-23,1648,1631.33333333333,1333.71428571429,1183.92857142857
2020-07-24,1539,1598.66666666667,1325.57142857143,1229.14285714286
2020-07-25,645,1277.33333333333,1312.28571428571,1243.5
2020-07-26,446,876.666666666667,1310.28571428571,1255.64285714286
2020-07-27,1505,865.333333333333,1289.85714285714,1276.14285714286
2020-07-28,1588,1179.66666666667,1282.85714285714,1296.78571428571
2020-07-29,1579,1557.33333333333,1278.57142857143,1296.57142857143
2020-07-30,1455,1540.66666666667,1251,1292.35714285714
2020-07-31,1479,1504.33333333333,1242.42857142857,1284
2020-08-01,619,1184.33333333333,1238.71428571429,1275.5
2020-08-02,395,831,1231.42857142857,1270.85714285714
2020-08-03,1364,792.666666666667,1211.28571428571,1250.57142857143
2020-08-04,1356,1038.33333333333,1178.14285714286,1230.5
2020-08-05,1306,1342,1139.14285714286,1208.85714285714
2020-08-06,1261,1307.66666666667,1111.42857142857,1181.21428571429
2020-08-07,1393,1320,1099.14285714286,1170.78571428571
2020-08-08,642,1098.66666666667,1102.42857142857,1170.57142857143
2020-08-09,486,840.333333333333,1115.42857142857,1173.42857142857
2020-08-10,1358,828.666666666667,1114.57142857143,1162.92857142857
2020-08-11,1336,1060,1111.71428571429,1144.92857142857
2020-08-12,1282,1325.33333333333,1108.28571428571,1123.71428571429
2020-08-13,1405,1341,1128.85714285714,1120.14285714286
2020-08-14,1397,1361.33333333333,1129.42857142857,1114.28571428571
2020-08-15,667,1156.33333333333,1133,1117.71428571429
2020-08-16,521,861.666666666667,1138,1126.71428571429
2020-08-17,1384,857.333333333333,1141.71428571429,1128.14285714286
2020-08-18,1490,1131.66666666667,1163.71428571429,1137.71428571429
2020-08-19,1518,1464,1197.42857142857,1152.85714285714
2020-08-20,1524,1510.66666666667,1214.42857142857,1171.64285714286
2020-08-21,1585,1542.33333333333,1241.28571428571,1185.35714285714
2020-08-22,803,1304,1260.71428571429,1196.85714285714
2020-08-23,572,986.666666666667,1268,1203
2020-08-24,1754,1043,1320.85714285714,1231.28571428571
2020-08-25,1632,1319.33333333333,1341.14285714286,1252.42857142857
2020-08-26,1677,1687.66666666667,1363.85714285714,1280.64285714286
2020-08-27,1552,1620.33333333333,1367.85714285714,1291.14285714286
2020-08-28,1555,1594.66666666667,1363.57142857143,1302.42857142857
2020-08-29,741,1282.66666666667,1354.71428571429,1307.71428571429
2020-08-30,589,961.666666666667,1357.14285714286,1312.57142857143
2020-08-31,1476,935.333333333333,1317.42857142857,1319.14285714286
2020-09-01,1504,1189.66666666667,1299.14285714286,1320.14285714286
2020-09-02,1490,1490,1272.42857142857,1318.14285714286
2020-09-03,1557,1517,1273.14285714286,1320.5
2020-09-04,1640,1562.33333333333,1285.28571428571,1324.42857142857
2020-09-05,760,1319,1288,1321.35714285714
2020-09-06,550,983.333333333333,1282.42857142857,1319.78571428571
2020-09-07,1459,923,1280,1298.71428571429
2020-09-08,1372,1127,1261.14285714286,1280.14285714286
2020-09-09,1423,1418,1251.57142857143,1262
2020-09-10,1554,1449.66666666667,1251.14285714286,1262.14285714286
2020-09-11,664,1213.66666666667,1111.71428571429,1198.5
2020-09-12,756,991.333333333333,1111.14285714286,1199.57142857143
2020-09-13,570,663.333333333333,1114,1198.21428571429
2020-09-14,1590,972,1132.71428571429,1206.35714285714
2020-09-15,1611,1257,1166.85714285714,1214
2020-09-16,1671,1624,1202.28571428571,1226.92857142857
2020-09-17,1573,1618.33333333333,1205,1228.07142857143
2020-09-18,1584,1609.33333333333,1336.42857142857,1224.07142857143
2020-09-19,729,1295.33333333333,1332.57142857143,1221.85714285714
2020-09-20,639,984,1342.42857142857,1228.21428571429
2020-09-21,1949,1105.66666666667,1393.71428571429,1263.21428571429
2020-09-22,1503,1363.66666666667,1378.28571428571,1272.57142857143
2020-09-23,1538,1663.33333333333,1359.28571428571,1280.78571428571
2020-09-24,1106,1382.33333333333,1292.57142857143,1248.78571428571
2020-09-25,1502,1382,1280.85714285714,1308.64285714286
2020-09-26,700,1102.66666666667,1276.71428571429,1304.64285714286
2020-09-27,588,930,1269.42857142857,1305.92857142857
2020-09-28,1764,1017.33333333333,1243,1318.35714285714
2020-09-29,1756,1369.33333333333,1279.14285714286,1328.71428571429
2020-09-30,1630,1716.66666666667,1292.28571428571,1325.78571428571
2020-10-01,1936,1774,1410.85714285714,1351.71428571429
2020-10-02,2185,1917,1508.42857142857,1394.64285714286
2020-10-03,978,1699.66666666667,1548.14285714286,1412.42857142857
2020-10-04,736,1299.66666666667,1569.28571428571,1419.35714285714
2020-10-05,2360,1358,1654.42857142857,1448.71428571429
2020-10-06,2432,1842.66666666667,1751,1515.07142857143
2020-10-07,2638,2476.66666666667,1895,1593.64285714286
2020-10-08,2867,2645.66666666667,2028,1719.42857142857
2020-10-09,3274,2926.33333333333,2183.57142857143,1846
2020-10-10,1443,2528,2250,1899.07142857143
2020-10-11,1263,1993.33333333333,2325.28571428571,1947.28571428571
2020-10-12,1436,1380.66666666667,2193.28571428571,1923.85714285714
2020-10-13,4000,2233,2417.28571428571,2084.14285714286
2020-10-14,4121,3185.66666666667,2629.14285714286,2262.07142857143
2020-10-15,4030,4050.33333333333,2795.28571428571,2411.64285714286
2020-10-16,4497,4216,2970,2576.78571428571
2020-10-17,2195,3574,3077.42857142857,2663.71428571429
2020-10-18,1890,2860.66666666667,3167,2746.14285714286
2020-10-19,5929,3338,3808.85714285714,3001.07142857143
2020-10-20,6212,4677,4124.85714285714,3271.07142857143
2020-10-21,6372,6171,4446.42857142857,3537.78571428571
2020-10-22,6212,6265.33333333333,4758.14285714286,3776.71428571429
2020-10-23,6251,6278.33333333333,5008.71428571429,3989.35714285714
2020-10-24,2816,5093,5097.42857142857,4087.42857142857
2020-10-25,2235,3767.33333333333,5146.71428571429,4156.85714285714
2020-10-26,6825,3958.66666666667,5274.71428571429,4541.78571428571
2020-10-27,6298,5119.33333333333,5287,4705.92857142857
2020-10-28,5910,6344.33333333333,5221,4833.71428571429
2020-10-29,5108,5772,5063.28571428571,4910.71428571429
2020-10-30,5637,5551.66666666667,4975.57142857143,4992.14285714286
2020-10-31,2689,4478,4957.42857142857,5027.42857142857
2020-11-01,1842,3389.33333333333,4901.28571428571,5024
2020-11-02,6189,3573.33333333333,4810.42857142857,5042.57142857143
2020-11-03,5515,4515.33333333333,4698.57142857143,4992.78571428571
2020-11-04,4641,5448.33333333333,4517.28571428571,4869.14285714286
2020-11-05,4410,4855.33333333333,4417.57142857143,4740.42857142857
2020-11-06,4182,4411,4209.71428571429,4592.64285714286
2020-11-07,1884,3492,4094.71428571429,4526.07142857143
2020-11-08,1033,2366.33333333333,3979.14285714286,4440.21428571429
2020-11-09,4258,2391.66666666667,3703.28571428571,4256.85714285714
2020-11-10,3716,3002.33333333333,3446.28571428571,4072.42857142857
2020-11-11,3110,3694.66666666667,3227.57142857143,3872.42857142857
2020-11-12,2869,3231.66666666667,3007.42857142857,3712.5
2020-11-13,2749,2909.33333333333,2802.71428571429,3506.21428571429
2020-11-14,1209,2275.66666666667,2706.28571428571,3400.5
2020-11-15,689,1549,2657.14285714286,3318.14285714286
2020-11-16,2957,1618.33333333333,2471.28571428571,3087.28571428571
2020-11-17,2628,2091.33333333333,2315.85714285714,2881.07142857143
2020-11-18,2257,2614,2194,2710.78571428571
2020-11-19,1956,2280.33333333333,2063.57142857143,2535.5
2020-11-20,1811,2008,1929.57142857143,2366.14285714286
2020-11-21,864,1543.66666666667,1880.28571428571,2293.28571428571
2020-11-22,505,1060,1854,2255.57142857143
2020-11-23,1969,1112.66666666667,1712.85714285714,2092.07142857143
2020-11-24,1991,1488.33333333333,1621.85714285714,1968.85714285714
2020-11-25,1730,1896.66666666667,1546.57142857143,1870.28571428571
2020-11-26,1683,1801.33333333333,1507.57142857143,1785.57142857143
2020-11-27,1749,1720.66666666667,1498.71428571429,1714.14285714286
2020-11-28,804,1412,1490.14285714286,1685.21428571429
2020-11-29,513,1022,1491.28571428571,1672.64285714286
2020-11-30,1857,1058,1475.28571428571,1594.07142857143
2020-12-01,1836,1402,1453.14285714286,1537.5
2020-12-02,1757,1816.66666666667,1457,1501.78571428571
2020-12-03,1696,1763,1458.85714285714,1483.21428571429
2020-12-04,1559,1670.66666666667,1431.71428571429,1465.21428571429
2020-12-05,696,1317,1416.28571428571,1453.21428571429
2020-12-06,441,898.666666666667,1406,1448.64285714286
2020-12-07,1784,973.666666666667,1395.57142857143,1435.42857142857
2020-12-08,607,944,1220,1336.57142857143
2020-12-09,2343,1578,1303.71428571429,1380.35714285714
2020-12-10,2272,1740.66666666667,1386,1422.42857142857
2020-12-11,2286,2300.33333333333,1489.85714285714,1460.78571428571
2020-12-12,1191,1916.33333333333,1560.57142857143,1488.42857142857
2020-12-13,799,1425.33333333333,1611.71428571429,1508.85714285714
2020-12-14,2822,1604,1760,1577.78571428571
2020-12-15,2724,2115,2062.42857142857,1641.21428571429
2020-12-16,2472,2672.66666666667,2080.85714285714,1692.28571428571
2020-12-17,2428,2541.33333333333,2103.14285714286,1744.57142857143
2020-12-18,2701,2533.66666666667,2162.42857142857,1826.14285714286
2020-12-19,1289,2139.33333333333,2176.42857142857,1868.5
2020-12-20,960,1650,2199.42857142857,1905.57142857143
2020-12-21,3259,1836,2261.85714285714,2010.92857142857
2020-12-22,3144,2454.33333333333,2321.85714285714,2192.14285714286
2020-12-23,3046,3149.66666666667,2403.85714285714,2242.35714285714
2020-12-24,2664,2951.33333333333,2437.57142857143,2270.35714285714
2020-12-25,1017,2242.33333333333,2197,2179.71428571429
2020-12-26,1170,1617,2180,2178.21428571429
2020-12-27,1204,1130.33333333333,2214.85714285714,2207.14285714286
2020-12-28,4316,2230,2365.85714285714,2313.85714285714
2020-12-29,4302,3274,2531.28571428571,2426.57142857143
2020-12-30,4064,4227.33333333333,2676.71428571429,2540.28571428571
2020-12-31,3692,4019.33333333333,2823.57142857143,2630.57142857143
2021-01-01,1353,3036.33333333333,2871.57142857143,2534.28571428571
2021-01-02,1909,2318,2977.14285714286,2578.57142857143
2021-01-03,1697,1653,3047.57142857143,2631.21428571429
2021-01-04,5155,2920.33333333333,3167.42857142857,2766.64285714286
2021-01-05,5238,4030,3301.14285714286,2916.21428571429
2021-01-06,1794,4062.33333333333,2976.85714285714,2826.78571428571
2021-01-07,5147,4059.66666666667,3184.71428571429,3004.14285714286
2021-01-08,5082,4007.66666666667,3717.42857142857,3294.5
2021-01-09,2333,4187.33333333333,3778,3377.57142857143
2021-01-10,2071,3162,3831.42857142857,3439.5
2021-01-11,6385,3596.33333333333,4007.14285714286,3587.28571428571
2021-01-12,5549,4668.33333333333,4051.57142857143,3676.35714285714
2021-01-13,4820,5584.66666666667,4483.85714285714,3730.35714285714
2021-01-14,4357,4908.66666666667,4371,3777.85714285714
2021-01-15,4425,4534,4277.14285714286,3997.28571428571
2021-01-16,2317,3699.66666666667,4274.85714285714,4026.42857142857
2021-01-17,1716,2819.33333333333,4224.14285714286,4027.78571428571
2021-01-18,5561,3198,4106.42857142857,4056.78571428571
2021-01-19,5062,4113,4036.85714285714,4044.21428571429
2021-01-20,4458,5027,3985.14285714286,4234.5
2021-01-21,4203,4574.33333333333,3963.14285714286,4167.07142857143
2021-01-22,3995,4218.66666666667,3901.71428571429,4089.42857142857
2021-01-23,1856,3351.33333333333,3835.85714285714,4055.35714285714
2021-01-24,1368,2406.33333333333,3786.14285714286,4005.14285714286
2021-01-25,4952,2725.33333333333,3699.14285714286,3902.78571428571
2021-01-26,4011,3443.66666666667,3549,3792.92857142857
2021-01-27,3801,4254.66666666667,3455.14285714286,3720.14285714286
2021-01-28,3603,3805,3369.42857142857,3666.28571428571
2021-01-29,3412,3605.33333333333,3286.14285714286,3593.92857142857
2021-01-30,1542,2852.33333333333,3241.28571428571,3538.57142857143
2021-01-31,1209,2054.33333333333,3218.57142857143,3502.35714285714
2021-02-01,3759,2170,3048.14285714286,3373.64285714286
2021-02-02,3185,2717.66666666667,2930.14285714286,3239.57142857143
2021-02-03,2796,3246.66666666667,2786.57142857143,3120.85714285714
2021-02-04,2675,2885.33333333333,2654,3011.71428571429
2021-02-05,2452,2641,2516.85714285714,2901.5
2021-02-06,1054,2060.33333333333,2447.14285714286,2844.21428571429
2021-02-07,687,1397.66666666667,2372.57142857143,2795.57142857143
2021-02-08,2779,1506.66666666667,2232.57142857143,2640.35714285714
2021-02-09,2474,1980,2131,2530.57142857143
2021-02-10,2080,2444.33333333333,2028.71428571429,2407.64285714286
2021-02-11,2169,2241,1956.42857142857,2305.21428571429
2021-02-12,2023,2090.66666666667,1895.14285714286,2206
2021-02-13,1005,1732.33333333333,1888.14285714286,2167.64285714286
2021-02-14,638,1222,1881.14285714286,2126.85714285714
2021-02-15,2339,1327.33333333333,1818.28571428571,2025.42857142857
2021-02-16,2239,1738.66666666667,1784.71428571429,1957.85714285714
2021-02-17,2053,2210.33333333333,1780.85714285714,1904.78571428571
2021-02-18,2109,2133.66666666667,1772.28571428571,1864.35714285714
2021-02-19,1854,2005.33333333333,1748.14285714286,1821.64285714286
2021-02-20,965,1642.66666666667,1742.42857142857,1815.28571428571
2021-02-21,588,1135.66666666667,1735.28571428571,1808.21428571429
2021-02-22,2177,1243.33333333333,1712.14285714286,1765.21428571429
2021-02-23,1891,1552,1662.42857142857,1723.57142857143
2021-02-24,1834,1967.33333333333,1631.14285714286,1706
2021-02-25,1631,1785.33333333333,1562.85714285714,1667.57142857143
2021-02-26,1622,1695.66666666667,1529.71428571429,1638.92857142857
2021-02-27,741,1331.33333333333,1497.71428571429,1620.07142857143
2021-02-28,559,974,1493.57142857143,1614.42857142857
2021-03-01,1920,1073.33333333333,1456.85714285714,1584.5
2021-03-02,1597,1358.66666666667,1414.85714285714,1538.64285714286
2021-03-03,1545,1687.33333333333,1373.57142857143,1502.35714285714
2021-03-04,1502,1548,1355.14285714286,1459
2021-03-05,1474,1507,1334,1431.85714285714
2021-03-06,728,1234.66666666667,1332.14285714286,1414.92857142857
2021-03-07,537,913,1329,1411.28571428571
2021-03-08,1577,947.333333333333,1280,1368.42857142857
2021-03-09,1500,1204.66666666667,1266.14285714286,1340.5
2021-03-10,1535,1537.33333333333,1264.71428571429,1319.14285714286
2021-03-11,1459,1498,1258.57142857143,1306.85714285714
2021-03-12,1447,1480.33333333333,1254.71428571429,1294.35714285714
2021-03-13,692,1199.33333333333,1249.57142857143,1290.85714285714
2021-03-14,490,876.333333333333,1242.85714285714,1285.92857142857
2021-03-15,1852,1011.33333333333,1282.14285714286,1281.07142857143
2021-03-16,1574,1305.33333333333,1292.71428571429,1279.42857142857
2021-03-17,1564,1663.33333333333,1296.85714285714,1280.78571428571
2021-03-18,1521,1553,1305.71428571429,1282.14285714286
2021-03-19,1505,1530,1314,1284.35714285714
2021-03-20,737,1254.33333333333,1320.42857142857,1285
2021-03-21,618,953.333333333333,1338.71428571429,1290.78571428571
2021-03-22,1958,1104.33333333333,1353.85714285714,1318
2021-03-23,1916,1497.33333333333,1402.71428571429,1347.71428571429
2021-03-24,1901,1925,1450.85714285714,1373.85714285714
2021-03-25,1795,1870.66666666667,1490,1397.85714285714
2021-03-26,1817,1837.66666666667,1534.57142857143,1424.28571428571
2021-03-27,931,1514.33333333333,1562.28571428571,1441.35714285714
2021-03-28,708,1152,1575.14285714286,1456.92857142857
2021-03-29,2222,1287,1612.85714285714,1483.35714285714
2021-03-30,1965,1631.66666666667,1619.85714285714,1511.28571428571
2021-03-31,1858,2015,1613.71428571429,1532.28571428571
2021-04-01,1737,1853.33333333333,1605.42857142857,1547.71428571429
2021-04-02,803,1466,1460.57142857143,1497.57142857143
2021-04-03,983,1174.33333333333,1468,1515.14285714286
2021-04-04,929,905,1499.57142857143,1537.35714285714
2021-04-05,965,959,1320,1466.42857142857
2021-04-06,2704,1532.66666666667,1425.57142857143,1522.71428571429
2021-04-07,2287,1985.33333333333,1486.85714285714,1550.28571428571
2021-04-08,2285,2425.33333333333,1565.14285714286,1585.28571428571
2021-04-09,2137,2236.33333333333,1755.71428571429,1608.14285714286
2021-04-10,928,1783.33333333333,1747.85714285714,1607.92857142857
2021-04-11,734,1266.33333333333,1720,1609.78571428571
2021-04-12,2492,1384.66666666667,1938.14285714286,1629.07142857143
2021-04-13,2073,1766.33333333333,1848,1636.78571428571
2021-04-14,2117,2227.33333333333,1823.71428571429,1655.28571428571
2021-04-15,2014,2068,1785,1675.07142857143
2021-04-16,2026,2052.33333333333,1769.14285714286,1762.42857142857
2021-04-17,950,1663.33333333333,1772.28571428571,1760.07142857143
2021-04-18,725,1233.66666666667,1771,1745.5
2021-04-19,2171,1282,1725.14285714286,1831.64285714286
2021-04-20,2266,1720.66666666667,1752.71428571429,1800.35714285714
2021-04-21,2075,2170.66666666667,1746.71428571429,1785.21428571429
2021-04-22,1903,2081.33333333333,1730.85714285714,1757.92857142857
2021-04-23,1943,1973.66666666667,1719,1744.07142857143
2021-04-24,994,1613.33333333333,1725.28571428571,1748.78571428571
2021-04-25,808,1248.33333333333,1737.14285714286,1754.07142857143
2021-04-26,2258,1353.33333333333,1749.57142857143,1737.35714285714
2021-04-27,2070,1712,1721.57142857143,1737.14285714286
2021-04-28,1877,2068.33333333333,1693.28571428571,1720
2021-04-29,1809,1918.66666666667,1679.85714285714,1705.35714285714
2021-04-30,1733,1806.33333333333,1649.85714285714,1684.42857142857
2021-05-01,668,1403.33333333333,1603.28571428571,1664.28571428571
2021-05-02,674,1025,1584.14285714286,1660.64285714286
2021-05-03,1802,1048,1519,1634.28571428571
2021-05-04,1616,1364,1454.14285714286,1587.85714285714
2021-05-05,1453,1623.66666666667,1393.57142857143,1543.42857142857
2021-05-06,1332,1467,1325.42857142857,1502.64285714286
2021-05-07,1261,1348.66666666667,1258,1453.92857142857
2021-05-08,601,1064.66666666667,1248.42857142857,1425.85714285714
2021-05-09,443,768.333333333333,1215.42857142857,1399.78571428571
2021-05-10,1209,751,1130.71428571429,1324.85714285714
2021-05-11,1066,906,1052.14285714286,1253.14285714286
2021-05-12,1014,1096.33333333333,989.428571428571,1191.5
2021-05-13,835,971.666666666667,918.428571428571,1121.92857142857
2021-05-14,830,893,856.857142857143,1057.42857142857
2021-05-15,396,687,827.571428571429,1038
2021-05-16,340,522,812.857142857143,1014.14285714286
2021-05-17,1009,581.666666666667,784.285714285714,957.5
2021-05-18,914,754.333333333333,762.571428571429,907.357142857143
2021-05-19,837,920,737.285714285714,863.357142857143
2021-05-20,828,859.666666666667,736.285714285714,827.357142857143
2021-05-21,891,852,745,800.928571428571
2021-05-22,350,689.666666666667,738.428571428571,783
2021-05-23,289,510,731.142857142857,772
2021-05-24,676,438.333333333333,683.571428571429,733.928571428571
2021-05-25,941,635.333333333333,687.428571428571,725
2021-05-26,850,822.333333333333,689.285714285714,713.285714285714
2021-05-27,793,861.333333333333,684.285714285714,710.285714285714
2021-05-28,733,792,661.714285714286,703.357142857143
2021-05-29,334,620,659.428571428571,698.928571428571
2021-05-30,267,444.666666666667,656.285714285714,693.714285714286
2021-05-31,831,477.333333333333,678.428571428571,681
2021-06-01,723,607,647.285714285714,667.357142857143
2021-06-02,679,744.333333333333,622.857142857143,656.071428571429
2021-06-03,679,693.666666666667,606.571428571429,645.428571428571
2021-06-04,661,673,596.285714285714,629
2021-06-05,384,574.666666666667,603.428571428571,631.428571428571
2021-06-06,232,425.666666666667,598.428571428571,627.357142857143
2021-06-07,754,456.666666666667,587.428571428571,632.928571428571
2021-06-08,660,548.666666666667,578.428571428571,612.857142857143
2021-06-09,614,676,569.142857142857,596
2021-06-10,631,635,562.285714285714,584.428571428571
2021-06-11,581,608.666666666667,550.857142857143,573.571428571429
2021-06-12,281,497.666666666667,536.142857142857,569.785714285714
2021-06-13,225,362.333333333333,535.142857142857,566.785714285714
2021-06-14,702,402.666666666667,527.714285714286,557.571428571429
2021-06-15,689,538.666666666667,531.857142857143,555.142857142857
2021-06-16,732,707.666666666667,548.714285714286,558.928571428571
2021-06-17,718,713,561.142857142857,561.714285714286
2021-06-18,694,714.666666666667,577.285714285714,564.071428571429
2021-06-19,354,588.666666666667,587.714285714286,561.928571428571
2021-06-20,323,457,601.714285714286,568.428571428571
2021-06-21,1038,571.666666666667,649.714285714286,588.714285714286
2021-06-22,1071,810.666666666667,704.285714285714,618.071428571429
2021-06-23,1190,1099.66666666667,769.714285714286,659.214285714286
2021-06-24,559,940,747,654.071428571429
2021-06-25,1612,1120.33333333333,878.142857142857,727.714285714286
2021-06-26,1016,1062.33333333333,972.714285714286,780.214285714286
2021-06-27,1335,1321,1117.28571428571,859.5
2021-06-28,4098,2149.66666666667,1554.42857142857,1102.07142857143
2021-06-29,4783,3405.33333333333,2084.71428571429,1394.5
2021-06-30,6305,5062,2815.42857142857,1792.57142857143
2021-07-01,6210,5766,3622.71428571429,2184.85714285714
2021-07-02,6163,6226,4272.85714285714,2575.5
2021-07-03,3687,5353.33333333333,4654.42857142857,2813.57142857143
2021-07-04,2958,4269.33333333333,4886.28571428571,3001.78571428571
2021-07-05,8385,5010,5498.71428571429,3526.57142857143
2021-07-06,8847,6730,6079.28571428571,4082
2021-07-07,9415,8882.33333333333,6523.57142857143,4669.5
2021-07-08,8652,8971.33333333333,6872.42857142857,5247.57142857143
2021-07-09,8140,8735.66666666667,7154.85714285714,5713.85714285714
2021-07-10,4740,7177.33333333333,7305.28571428571,5979.85714285714
2021-07-11,4106,5662,7469.28571428571,6177.78571428571
2021-07-12,10177,6341,7725.28571428571,6612
2021-07-13,8781,7688,7715.85714285714,6897.57142857143
2021-07-14,8574,9177.33333333333,7595.71428571429,7059.64285714286
2021-07-15,8030,8461.66666666667,7506.85714285714,7189.64285714286
2021-07-16,7508,8037.33333333333,7416.57142857143,7285.71428571429
2021-07-17,4512,6683.33333333333,7384,7344.64285714286
2021-07-18,3625,5215,7315.28571428571,7392.28571428571
2021-07-19,9149,5762,7168.42857142857,7446.85714285714
2021-07-20,7235,6669.66666666667,6947.57142857143,7331.71428571429
2021-07-21,6867,7750.33333333333,6703.71428571429,7149.71428571429
2021-07-22,5970,6690.66666666667,6409.42857142857,6958.14285714286
2021-07-23,5598,6145,6136.57142857143,6776.57142857143
2021-07-24,2984,4850.66666666667,5918.28571428571,6651.14285714286
2021-07-25,2419,3667,5746,6530.64285714286
2021-07-26,6362,3921.66666666667,5347.85714285714,6258.14285714286
2021-07-27,4912,4564.33333333333,5016,5981.78571428571
2021-07-28,4382,5218.66666666667,4661,5682.35714285714
2021-07-29,3747,4347,4343.42857142857,5376.42857142857
2021-07-30,3761,3963.33333333333,4081,5108.78571428571
2021-07-31,1858,3122,3920.14285714286,4919.21428571429
2021-08-01,1404,2341,3775.14285714286,4760.57142857143
2021-08-02,3947,2403,3430.14285714286,4389
2021-08-03,3187,2846,3183.71428571429,4099.85714285714
2021-08-04,2864,3332.66666666667,2966.85714285714,3813.92857142857
2021-08-05,2607,2886,2804,3573.71428571429
2021-08-06,2582,2684.33333333333,2635.57142857143,3358.28571428571
2021-08-07,1344,2177.66666666667,2562.14285714286,3241.14285714286
2021-08-08,1091,1672.33333333333,2517.42857142857,3146.28571428571
2021-08-09,2794,1743,2352.71428571429,2891.42857142857
2021-08-10,2245,2043.33333333333,2218.14285714286,2700.92857142857
2021-08-11,2042,2360.33333333333,2100.71428571429,2533.78571428571
2021-08-12,1848,2045,1992.28571428571,2398.14285714286
2021-08-13,1771,1887,1876.42857142857,2256
2021-08-14,1036,1551.66666666667,1832.42857142857,2197.28571428571
2021-08-15,849,1218.66666666667,1797.85714285714,2157.64285714286
2021-08-16,2116,1333.66666666667,1701,2026.85714285714
2021-08-17,1673,1546,1619.28571428571,1918.71428571429
2021-08-18,1552,1780.33333333333,1549.28571428571,1825
2021-08-19,1543,1589.33333333333,1505.71428571429,1749
2021-08-20,1499,1531.33333333333,1466.85714285714,1671.64285714286
2021-08-21,808,1283.33333333333,1434.28571428571,1633.35714285714
2021-08-22,568,958.333333333333,1394.14285714286,1596
2021-08-23,1568,981.333333333333,1315.85714285714,1508.42857142857
2021-08-24,1269,1135,1258.14285714286,1438.71428571429
2021-08-25,1084,1307,1191.28571428571,1370.28571428571
2021-08-26,1088,1147,1126.28571428571,1316
2021-08-27,987,1053,1053.14285714286,1260
2021-08-28,486,853.666666666667,1007.14285714286,1220.71428571429
2021-08-29,389,620.666666666667,981.571428571429,1187.85714285714
2021-08-30,1068,647.666666666667,910.142857142857,1113
2021-08-31,869,775.333333333333,853,1055.57142857143
2021-09-01,771,902.666666666667,808.285714285714,999.785714285714
2021-09-02,702,780.666666666667,753.142857142857,939.714285714286
2021-09-03,688,720.333333333333,710.428571428571,881.785714285714
2021-09-04,407,599,699.142857142857,853.142857142857
2021-09-05,320,471.666666666667,689.285714285714,835.428571428571
2021-09-06,848,525,657.857142857143,784
2021-09-07,745,637.666666666667,640.142857142857,746.571428571429
2021-09-08,645,746,622.142857142857,715.214285714286
2021-09-09,599,663,607.428571428571,680.285714285714
2021-09-10,601,615,595,652.714285714286
2021-09-11,269,489.666666666667,575.285714285714,637.214285714286
2021-09-12,230,366.666666666667,562.428571428571,625.857142857143
2021-09-13,701,400,541.428571428571,599.642857142857
2021-09-14,586,505.666666666667,518.714285714286,579.428571428571
2021-09-15,493,593.333333333333,497,559.571428571429
2021-09-16,485,521.333333333333,480.714285714286,544.071428571429
2021-09-17,451,476.333333333333,459.285714285714,527.142857142857
2021-09-18,214,383.333333333333,451.428571428571,513.357142857143
2021-09-19,149,271.333333333333,439.857142857143,501.142857142857
2021-09-20,518,293.666666666667,413.714285714286,477.571428571429
2021-09-21,453,373.333333333333,394.714285714286,456.714285714286
2021-09-22,446,472.333333333333,388,442.5
2021-09-23,408,435.666666666667,377,428.857142857143
2021-09-24,433,429,374.428571428571,416.857142857143
2021-09-25,213,351.333333333333,374.285714285714,412.857142857143
2021-09-26,183,276.333333333333,379.142857142857,409.5
2021-09-27,588,328,389.142857142857,401.428571428571
2021-09-28,489,420,394.285714285714,394.5
2021-09-29,458,511.666666666667,396,392
2021-09-30,443,463.333333333333,401,389
2021-10-01,397,432.666666666667,395.857142857143,385.142857142857
2021-10-02,188,342.666666666667,392.285714285714,383.285714285714
2021-10-03,154,246.333333333333,388.142857142857,383.642857142857
2021-10-04,446,262.666666666667,367.857142857143,378.5
2021-10-05,340,313.333333333333,346.571428571429,370.428571428571
2021-10-06,333,373,328.714285714286,362.357142857143
2021-10-07,281,318,305.571428571429,353.285714285714
2021-10-08,317,310.333333333333,294.142857142857,345
2021-10-09,169,255.666666666667,291.428571428571,341.857142857143
2021-10-10,97,194.333333333333,283.285714285714,335.714285714286
2021-10-11,370,212,272.428571428571,320.142857142857
2021-10-12,184,217,250.142857142857,298.357142857143
2021-10-13,346,300,252,290.357142857143
2021-10-14,348,292.666666666667,261.571428571429,283.571428571429
2021-10-15,366,353.333333333333,268.571428571429,281.357142857143
2021-10-16,174,296,269.285714285714,280.357142857143
2021-10-17,122,220.666666666667,272.857142857143,278.071428571429
2021-10-18,412,236,278.857142857143,275.642857142857
2021-10-19,337,290.333333333333,300.714285714286,275.428571428571
2021-10-20,413,387.333333333333,310.285714285714,281.142857142857
2021-10-21,307,352.333333333333,304.428571428571,283
2021-10-22,344,354.666666666667,301.285714285714,284.928571428571
2021-10-23,175,275.333333333333,301.428571428571,285.357142857143
2021-10-24,118,212.333333333333,300.857142857143,286.857142857143
2021-10-25,499,264,313.285714285714,296.071428571429
2021-10-26,355,324,315.857142857143,308.285714285714
2021-10-27,404,419.333333333333,314.571428571429,312.428571428571
2021-10-28,424,394.333333333333,331.285714285714,317.857142857143
2021-10-29,417,415,341.714285714286,321.5
2021-10-30,211,350.666666666667,346.857142857143,324.142857142857
2021-10-31,182,270,356,328.428571428571
2021-11-01,207,200,314.285714285714,313.785714285714
2021-11-02,724,371,367,341.428571428571
2021-11-03,546,492.333333333333,387.285714285714,350.928571428571
2021-11-04,541,603.666666666667,404,367.642857142857
2021-11-05,621,569.333333333333,433.142857142857,387.428571428571
2021-11-06,338,500,451.285714285714,399.071428571429
2021-11-07,260,406.333333333333,462.428571428571,409.214285714286
2021-11-08,837,478.333333333333,552.428571428571,433.357142857143
2021-11-09,894,663.666666666667,576.714285714286,471.857142857143
2021-11-10,823,851.333333333333,616.285714285714,501.785714285714
2021-11-11,871,862.666666666667,663.428571428571,533.714285714286
2021-11-12,1107,933.666666666667,732.857142857143,583
2021-11-13,586,854.666666666667,768.285714285714,609.785714285714
2021-11-14,447,713.333333333333,795,628.714285714286
2021-11-15,1477,836.666666666667,886.428571428571,719.428571428571
2021-11-16,1312,1078.66666666667,946.142857142857,761.428571428571
2021-11-17,1320,1369.66666666667,1017.14285714286,816.714285714286
2021-11-18,1379,1337,1089.71428571429,876.571428571429
2021-11-19,1597,1432,1159.71428571429,946.285714285714
2021-11-20,873,1283,1200.71428571429,984.5
2021-11-21,617,1029,1225,1010
2021-11-22,2242,1244,1334.28571428571,1110.35714285714
2021-11-23,2006,1621.66666666667,1433.42857142857,1189.78571428571
2021-11-24,2046,2098,1537.14285714286,1277.14285714286
2021-11-25,2105,2052.33333333333,1640.85714285714,1365.28571428571
2021-11-26,2283,2144.66666666667,1738.85714285714,1449.28571428571
2021-11-27,1122,1836.66666666667,1774.42857142857,1487.57142857143
2021-11-28,816,1407,1802.85714285714,1513.92857142857
2021-11-29,2887,1608.33333333333,1895,1614.64285714286
2021-11-30,2964,2222.33333333333,2031.85714285714,1732.64285714286
2021-12-01,2998,2949.66666666667,2167.85714285714,1852.5
2021-12-02,3290,3084,2337.14285714286,1989
2021-12-03,3234,3174,2473,2105.92857142857
2021-12-04,1813,2779,2571.71428571429,2173.07142857143
2021-12-05,1342,2129.66666666667,2646.85714285714,2224.85714285714
2021-12-06,1651,1602,2470.28571428571,2182.64285714286
2021-12-07,4826,2606.33333333333,2736.28571428571,2384.07142857143
2021-12-08,2247,2908,2629,2398.42857142857
2021-12-09,5567,4213.33333333333,2954.28571428571,2645.71428571429
2021-12-10,5727,4513.66666666667,3310.42857142857,2891.71428571429
2021-12-11,3089,4794.33333333333,3492.71428571429,3032.21428571429
2021-12-12,2469,3761.66666666667,3653.71428571429,3150.28571428571
2021-12-13,7020,4192.66666666667,4420.71428571429,3445.5
2021-12-14,6594,5361,4673.28571428571,3704.78571428571
2021-12-15,7061,6891.66666666667,5361,3995
2021-12-16,6824,6826.33333333333,5540.57142857143,4247.42857142857
2021-12-17,7662,7182.33333333333,5817,4563.71428571429
2021-12-18,4412,6299.33333333333,6006,4749.35714285714
2021-12-19,3943,5339,6216.57142857143,4935.14285714286
2021-12-20,12957,7104,7064.71428571429,5742.71428571429
2021-12-21,13990,10296.6666666667,8121.28571428571,6397.28571428571
2021-12-22,15715,14220.6666666667,9357.57142857143,7359.28571428571
2021-12-23,16757,15487.3333333333,10776.5714285714,8158.57142857143
2021-12-24,19270,17247.3333333333,12434.8571428571,9125.92857142857
2021-12-25,8827,14951.3333333333,13065.5714285714,9535.78571428571
2021-12-26,10210,12769,13960.8571428571,10088.7142857143
2021-12-27,27892,15643,16094.4285714286,11579.5714285714
2021-12-28,26681,21594.3333333333,17907.4285714286,13014.3571428571
2021-12-29,25729,26767.3333333333,19338,14347.7857142857
2021-12-30,23757,25389,20338,15557.2857142857
2021-12-31,22050,23845.3333333333,20735.1428571429,16585
2022-01-01,10499,18768.6666666667,20974,17019.7857142857
2022-01-02,13735,15428,21477.5714285714,17719.2142857143
2022-01-03,32634,18956,22155,19124.7142857143
2022-01-04,31625,25998,22861.2857142857,20384.3571428571
2022-01-05,28585,30948,23269.2857142857,21303.6428571429
2022-01-06,15565,25258.3333333333,22099,21218.5
2022-01-07,28311,24153.6666666667,22993.4285714286,21864.2857142857
2022-01-08,18974,20950,24204.1428571429,22589.0714285714
2022-01-09,23715,23666.6666666667,25629.8571428571,23553.7142857143
2022-01-10,41247,27978.6666666667,26860.2857142857,24507.6428571429
2022-01-11,34907,33289.6666666667,27329.1428571429,25095.2142857143
2022-01-12,33973,36709,28098.8571428571,25684.0714285714
2022-01-13,31735,33538.3333333333,30408.8571428571,26253.9285714286
2022-01-14,31118,32275.3333333333,30809.8571428571,26901.6428571429
2022-01-15,25358,29403.6666666667,31721.8571428571,27963
2022-01-16,26682,27719.3333333333,32145.7142857143,28887.7857142857
2022-01-17,48044,33361.3333333333,33116.7142857143,29988.5
2022-01-18,44046,39590.6666666667,34422.2857142857,30875.7142857143
2022-01-19,42304,44798,35612.4285714286,31855.6428571429
2022-01-20,38488,41612.6666666667,36577.1428571429,33493
2022-01-21,35558,38783.3333333333,37211.4285714286,34010.6428571429
2022-01-22,24440,32828.6666666667,37080.2857142857,34401.0714285714
2022-01-23,25395,28464.3333333333,36896.4285714286,34521.0714285714
2022-01-24,38716,29517,35563.8571428571,34340.2857142857
2022-01-25,31481,31864,33768.8571428571,34095.5714285714
2022-01-26,28178,32791.6666666667,31750.8571428571,33681.6428571429
2022-01-27,23880,27846.3333333333,29664,33120.5714285714
2022-01-28,20443,24167,27504.7142857143,32358.0714285714
2022-01-29,13562,19295,25950.7142857143,31515.5
2022-01-30,13583,15862.6666666667,24263.2857142857,30579.8571428571
2022-01-31,20800,15981.6666666667,21703.8571428571,28633.8571428571
2022-02-01,16630,17004.3333333333,19582.2857142857,26675.5714285714
2022-02-02,15092,17507.3333333333,17712.8571428571,24731.8571428571
2022-02-03,12239,14653.6666666667,16049.8571428571,22856.9285714286
2022-02-04,10884,12738.3333333333,14684.2857142857,21094.5
2022-02-05,6918,10013.6666666667,13735.1428571429,19842.9285714286
2022-02-06,7147,8316.33333333333,12815.7142857143,18539.5
2022-02-07,11014,8359.66666666667,11417.7142857143,16560.7857142857
2022-02-08,8869,9010,10309,14945.6428571429
2022-02-09,7991,9291.33333333333,9294.57142857143,13503.7142857143
2022-02-10,6924,7928,8535.28571428571,12292.5714285714
2022-02-11,5963,6959.33333333333,7832.28571428571,11258.2857142857
2022-02-12,3861,5582.66666666667,7395.57142857143,10565.3571428571
2022-02-13,3949,4591,6938.71428571429,9877.21428571429
2022-02-14,6596,4802,6307.57142857143,8862.64285714286
2022-02-15,6251,5598.66666666667,5933.57142857143,8121.28571428571
2022-02-16,5751,6199.33333333333,5613.57142857143,7454.07142857143
2022-02-17,4936,5646,5329.57142857143,6932.42857142857
2022-02-18,4448,5045,5113.14285714286,6472.71428571429
2022-02-19,3073,4152.33333333333,5000.57142857143,6198.07142857143
2022-02-20,3184,3568.33333333333,4891.28571428571,5915
2022-02-21,5270,3842.33333333333,4701.85714285714,5504.71428571429
2022-02-22,4900,4451.33333333333,4508.85714285714,5221.21428571429
2022-02-23,4799,4989.66666666667,4372.85714285714,4993.21428571429
2022-02-24,3869,4522.66666666667,4220.42857142857,4775
2022-02-25,3531,4066.33333333333,4089.42857142857,4601.28571428571
2022-02-26,2487,3295.66666666667,4005.71428571429,4503.14285714286
2022-02-27,2357,2791.66666666667,3887.57142857143,4389.42857142857
2022-02-28,4498,3114,3777.28571428571,4239.57142857143
2022-03-01,4555,3803.33333333333,3728,4118.42857142857
2022-03-02,4963,4672,3751.42857142857,4062.14285714286
2022-03-03,4260,4592.66666666667,3807.28571428571,4013.85714285714
2022-03-04,3579,4267.33333333333,3814.14285714286,3951.78571428571
2022-03-05,2329,3389.33333333333,3791.57142857143,3898.64285714286
2022-03-06,2436,2781.33333333333,3802.85714285714,3845.21428571429
2022-03-07,4592,3119,3816.28571428571,3796.78571428571
2022-03-08,3912,3646.66666666667,3724.42857142857,3726.21428571429
2022-03-09,4045,4183,3593.28571428571,3672.35714285714
2022-03-10,3596,3851,3498.42857142857,3652.85714285714
2022-03-11,3413,3684.66666666667,3474.71428571429,3644.42857142857
2022-03-12,2098,3035.66666666667,3441.71428571429,3616.64285714286
2022-03-13,2265,2592,3417.28571428571,3610.07142857143
2022-03-14,4467,2943.33333333333,3399.42857142857,3607.85714285714
2022-03-15,3808,3513.33333333333,3384.57142857143,3554.5
2022-03-16,3743,4006,3341.42857142857,3467.35714285714
2022-03-17,3277,3609.33333333333,3295.85714285714,3397.14285714286
2022-03-18,2796,3272,3207.71428571429,3341.21428571429
2022-03-19,1706,2593,3151.71428571429,3296.71428571429
2022-03-20,1824,2108.66666666667,3088.71428571429,3253
2022-03-21,3515,2348.33333333333,2952.71428571429,3176.07142857143
2022-03-22,3006,2781.66666666667,2838.14285714286,3111.35714285714
2022-03-23,2785,3102,2701.28571428571,3021.35714285714
2022-03-24,2276,2689,2558.28571428571,2927.07142857143
2022-03-25,1979,2346.66666666667,2441.57142857143,2824.64285714286
2022-03-26,1068,1774.33333333333,2350.42857142857,2751.07142857143
2022-03-27,934,1327,2223.28571428571,2656
2022-03-28,1728,1243.33333333333,1968,2460.35714285714
2022-03-29,1421,1361,1741.57142857143,2289.85714285714
2022-03-30,1433,1527.33333333333,1548.42857142857,2124.85714285714
2022-03-31,1298,1384,1408.71428571429,1983.5
2022-04-01,1188,1306.33333333333,1295.71428571429,1868.64285714286
2022-04-02,718,1068,1245.71428571429,1798.07142857143
2022-04-03,661,855.666666666667,1206.71428571429,1715
2022-04-04,1725,1034.66666666667,1206.28571428571,1587.14285714286
2022-04-05,1648,1344.66666666667,1238.71428571429,1490.14285714286
2022-04-06,1680,1684.33333333333,1274,1411.21428571429
2022-04-07,1573,1633.66666666667,1313.28571428571,1361
2022-04-08,1539,1597.33333333333,1363.42857142857,1329.57142857143
2022-04-09,871,1327.66666666667,1385.28571428571,1315.5
2022-04-10,790,1066.66666666667,1403.71428571429,1305.21428571429
2022-04-11,2150,1270.33333333333,1464.42857142857,1335.35714285714
2022-04-12,1811,1583.66666666667,1487.71428571429,1363.21428571429
2022-04-13,1660,1873.66666666667,1484.85714285714,1379.42857142857
2022-04-14,1455,1642,1468,1390.64285714286
2022-04-15,695,1270,1347.42857142857,1355.42857142857
2022-04-16,933,1027.66666666667,1356.28571428571,1370.78571428571
2022-04-17,838,822,1363.14285714286,1383.42857142857
2022-04-18,1104,958.333333333333,1213.71428571429,1339.07142857143
2022-04-19,2711,1551,1342.28571428571,1415
2022-04-20,1961,1925.33333333333,1385.28571428571,1435.07142857143
2022-04-21,1774,2148.66666666667,1430.85714285714,1449.42857142857
2022-04-22,1655,1796.66666666667,1568,1457.71428571429
2022-04-23,871,1433.33333333333,1559.14285714286,1457.71428571429
2022-04-24,920,1148.66666666667,1570.85714285714,1467
2022-04-25,2493,1428,1769.28571428571,1491.5
2022-04-26,2237,1883.33333333333,1701.57142857143,1521.92857142857
2022-04-27,2211,2313.66666666667,1737.28571428571,1561.28571428571
2022-04-28,2169,2205.66666666667,1793.71428571429,1612.28571428571
2022-04-29,2073,2151,1853.42857142857,1710.71428571429
2022-04-30,1161,1801,1894.85714285714,1727
2022-05-01,1187,1473.66666666667,1933,1751.92857142857
2022-05-02,3315,1887.66666666667,2050.42857142857,1909.85714285714
2022-05-03,2687,2396.33333333333,2114.71428571429,1908.14285714286
2022-05-04,2669,2890.33333333333,2180.14285714286,1958.71428571429
2022-05-05,2423,2593,2216.42857142857,2005.07142857143
2022-05-06,2329,2473.66666666667,2253,2053.21428571429
2022-05-07,1207,1986.33333333333,2259.57142857143,2077.21428571429
2022-05-08,1218,1584.66666666667,2264,2098.5
2022-05-09,3314,1913,2263.85714285714,2157.14285714286
2022-05-10,2860,2464,2288.57142857143,2201.64285714286
2022-05-11,2571,2915,2274.57142857143,2227.35714285714
2022-05-12,2276,2569,2253.57142857143,2235
2022-05-13,2119,2322,2223.57142857143,2238.28571428571
2022-05-14,978,1791,2190.85714285714,2225.21428571429
2022-05-15,904,1333.66666666667,2146,2205
2022-05-16,2088,1323.33333333333,1970.85714285714,2117.35714285714
