"";"cell_time";"cell_values"
"1";36,1;0,00024
"2";36,2;0,000476
"3";36,3;0,000708
"4";36,4;0,000937
"5";36,5;0,001164
"6";36,6;0,001389
"7";36,7;0,001612
"8";36,8;0,001835
"9";36,9;0,002057
"10";37;0,002279
"11";37,1;0,002262
"12";37,2;0,002249
"13";37,3;0,002242
"14";37,4;0,002239
"15";37,5;0,00224
"16";37,6;0,002246
"17";37,7;0,002256
"18";37,8;0,00227
"19";37,9;0,002288
"20";38;0,002676
"21";38,1;0,003073
"22";38,2;0,003481
"23";38,3;0,003899
"24";38,4;0,004329
"25";38,5;0,00477
"26";38,6;0,005222
"27";38,7;0,005687
"28";38,8;0,006164
"29";38,9;0,006654
"30";39;0,006792
"31";39,1;0,006938
"32";39,2;0,007091
"33";39,3;0,007252
"34";39,4;0,007421
"35";39,5;0,007598
"36";39,6;0,007782
"37";39,7;0,007975
"38";39,8;0,008175
"39";39,9;0,008384
"40";40;0,0086
"41";40,1;0,008824
"42";40,2;0,009057
"43";40,3;0,009298
"44";40,4;0,009547
"45";40,5;0,009806
"46";40,6;0,010074
"47";40,7;0,01035
"48";40,8;0,010636
"49";40,9;0,010931
"50";41;0,011236
"51";41,1;0,011551
"52";41,2;0,011876
"53";41,3;0,012212
"54";41,4;0,012559
"55";41,5;0,012915
"56";41,6;0,013283
"57";41,7;0,013662
"58";41,8;0,014053
"59";41,9;0,014456
"60";42;0,014871
"61";42,1;0,015299
"62";42,2;0,01574
"63";42,3;0,016194
"64";42,4;0,016661
"65";42,5;0,017143
"66";42,6;0,017639
"67";42,7;0,01815
"68";42,8;0,018676
"69";42,9;0,019217
"70";43;0,019775
"71";43,1;0,020349
"72";43,2;0,02094
"73";43,3;0,021548
"74";43,4;0,022174
"75";43,5;0,022819
"76";43,6;0,023483
"77";43,7;0,024167
"78";43,8;0,024871
"79";43,9;0,025596
"80";44;0,026342
"81";44,1;0,027109
"82";44,2;0,027899
"83";44,3;0,028712
"84";44,4;0,029549
"85";44,5;0,03041
"86";44,6;0,031297
"87";44,7;0,03221
"88";44,8;0,033149
"89";44,9;0,034116
"90";45;0,035111
"91";45,1;0,036136
"92";45,2;0,037191
"93";45,3;0,038277
"94";45,4;0,039395
"95";45,5;0,040545
"96";45,6;0,041728
"97";45,7;0,042945
"98";45,8;0,044199
"99";45,9;0,045489
"100";46;0,046817
"101";46,1;0,048184
"102";46,2;0,04959
"103";46,3;0,051038
"104";46,4;0,052528
"105";46,5;0,054061
"106";46,6;0,05564
"107";46,7;0,057265
"108";46,8;0,058936
"109";46,9;0,060657
"110";47;0,062428
"111";47,1;0,06425
"112";47,2;0,066126
"113";47,3;0,068056
"114";47,4;0,070042
"115";47,5;0,072088
"116";47,6;0,074193
"117";47,7;0,076359
"118";47,8;0,078589
"119";47,9;0,080883
"120";48;0,083244
"121";48,1;0,085675
"122";48,2;0,088177
"123";48,3;0,090752
"124";48,4;0,093403
"125";48,5;0,09613
"126";48,6;0,098936
"127";48,7;0,101825
"128";48,8;0,104798
"129";48,9;0,107858
"130";49;0,111008
"131";49,1;0,114249
"132";49,2;0,117585
"133";49,3;0,121018
"134";49,4;0,124551
"135";49,5;0,128188
"136";49,6;0,131932
"137";49,7;0,135785
"138";49,8;0,13975
"139";49,9;0,143831
"140";50;0,14803
"141";50,1;0,152353
"142";50,2;0,156802
"143";50,3;0,161381
"144";50,4;0,166094
"145";50,5;0,170944
"146";50,6;0,175935
"147";50,7;0,181072
"148";50,8;0,186359
"149";50,9;0,191801
"150";51;0,197402
"151";51,1;0,203166
"152";51,2;0,209098
"153";51,3;0,215204
"154";51,4;0,221487
"155";51,5;0,227954
"156";51,6;0,23461
"157";51,7;0,24146
"158";51,8;0,248511
"159";51,9;0,255767
"160";52;0,263236
"161";52,1;0,270923
"162";52,2;0,278834
"163";52,3;0,286976
"164";52,4;0,295356
"165";52,5;0,303981
"166";52,6;0,312858
"167";52,7;0,321994
"168";52,8;0,331397
"169";52,9;0,341074
"170";53;0,351033
"171";53,1;0,361283
"172";53,2;0,371833
"173";53,3;0,38269
"174";53,4;0,393865
"175";53,5;0,405365
"176";53,6;0,417201
"177";53,7;0,429383
"178";53,8;0,441921
"179";53,9;0,454825
"180";54;0,468106
"181";54,1;0,481774
"182";54,2;0,495841
"183";54,3;0,510319
"184";54,4;0,52522
"185";54,5;0,540557
"186";54,6;0,556341
"187";54,7;0,572586
"188";54,8;0,589305
"189";54,9;0,606513
"190";55;0,624223
"191";55,1;0,64245
"192";55,2;0,66121
"193";55,3;0,680518
"194";55,4;0,700389
"195";55,5;0,72084
"196";55,6;0,741888
"197";55,7;0,763551
"198";55,8;0,785846
"199";55,9;0,808792
"200";56;0,832408
"201";56,1;0,856714
"202";56,2;0,881729
"203";56,3;0,907474
"204";56,4;0,933972
"205";56,5;0,961243
"206";56,6;0,989311
"207";56,7;1,018198
"208";56,8;1,047928
"209";56,9;1,078527
"210";57;1,110019
"211";57,1;1,142431
"212";57,2;1,175789
"213";57,3;1,210121
"214";57,4;1,245455
"215";57,5;1,281821
"216";57,6;1,319249
"217";57,7;1,35777
"218";57,8;1,397416
"219";57,9;1,438219
"220";58;1,480213
"221";58,1;1,523433
"222";58,2;1,567915
"223";58,3;1,613696
"224";58,4;1,660813
"225";58,5;1,709306
"226";58,6;1,759215
"227";58,7;1,810581
"228";58,8;1,863447
"229";58,9;1,917855
"230";59;1,973853
"231";59,1;2,031486
"232";59,2;2,090801
"233";59,3;2,151848
"234";59,4;2,214677
"235";59,5;2,279341
"236";59,6;2,345892
"237";59,7;2,414386
"238";59,8;2,48488
"239";59,9;2,557433
"240";60;2,632103
"241";60,1;2,708953
"242";60,2;2,788047
"243";60,3;2,86945
"244";60,4;2,95323
"245";60,5;3,039454
"246";60,6;3,128196
"247";60,7;3,219528
"248";60,8;3,313527
"249";60,9;3,410269
"250";61;3,509836
"251";61,1;3,612309
"252";61,2;3,717774
"253";61,3;3,826317
"254";61,4;3,938029
"255";61,5;4,053003
"256";61,6;4,171333
"257";61,7;4,293117
"258";61,8;4,418455
"259";61,9;4,547453
"260";62;4,680215
"261";62,1;4,816853
"262";62,2;4,957479
"263";62,3;5,10221
"264";62,4;5,251165
"265";62,5;5,404467
"266";62,6;5,562244
"267";62,7;5,724626
"268";62,8;5,891747
"269";62,9;6,063746
"270";63;6,240766
"271";63,1;6,422951
"272";63,2;6,610453
"273";63,3;6,803428
"274";63,4;7,002034
"275";63,5;7,206437
"276";63,6;7,416804
"277";63,7;7,633311
"278";63,8;7,856136
"279";63,9;8,085463
"280";64;8,321482
"281";64,1;8,564389
"282";64,2;8,814384
"283";64,3;9,071673
"284";64,4;9,33647
"285";64,5;9,608993
"286";64,6;9,889468
"287";64,7;10,178126
"288";64,8;10,475206
"289";64,9;10,780953
"290";65;11,09562
"291";65,1;11,419467
"292";65,2;11,752762
"293";65,3;12,09578
"294";65,4;12,448803
"295";65,5;12,812124
"296";65,6;13,186044
"297";65,7;13,57087
"298";65,8;13,966921
"299";65,9;14,374523
"300";66;14,794014
"301";66,1;15,225739
"302";66,2;15,670054
"303";66,3;16,127327
"304";66,4;16,597936
"305";66,5;17,082268
"306";66,6;17,580721
"307";66,7;18,093709
"308";66,8;18,621654
"309";66,9;19,164992
"310";67;19,72417
"311";67,1;20,29965
"312";67,2;20,891907
"313";67,3;21,501428
"314";67,4;22,128716
"315";67,5;22,774287
"316";67,6;23,438675
"317";67,7;24,122425
"318";67,8;24,826101
"319";67,9;25,550284
"320";68;26,295568
"321";68,1;27,062568
"322";68,2;27,851914
"323";68,3;28,664257
"324";68,4;29,500264
"325";68,5;30,360624
"326";68,6;31,246044
"327";68,7;32,157253
"328";68,8;33,094999
"329";68,9;34,060052
"330";69;35,053207
"331";69,1;36,075279
"332";69,2;37,127108
"333";69,3;38,209556
"334";69,4;39,323513
"335";69,5;40,469894
"336";69,6;41,649638
"337";69,7;42,863713
"338";69,8;44,113114
"339";69,9;49,517948
"340";70;54,784192
"341";70,1;59,913489
"342";70,2;64,90718
"343";70,3;69,766316
"344";70,4;74,491661
"345";70,5;79,083701
"346";70,6;83,542649
"347";70,7;87,86845
"348";70,8;92,060787
"349";70,9;92
"350";71;91,980331
"351";71,1;92,000138
"352";71,2;92,057861
"353";71,3;92,152018
"354";71,4;92,281201
"355";71,5;92,444071
"356";71,6;92,639359
"357";71,7;92,865857
"358";71,8;93,122418
"359";71,9;93,407954
"360";72;93,721434
"361";72,1;94,061876
"362";72,2;94,42835
"363";72,3;94,819974
"364";72,4;95,235911
"365";72,5;95,675368
"366";72,6;96,137591
"367";72,7;96,621867
"368";72,8;97,127521
"369";72,9;97,653913
"370";73;98,200437
"371";73,1;98,766518
"372";73,2;99,351615
"373";73,3;99,955214
"374";73,4;100,576829
"375";73,5;101,216
"376";73,6;101,872294
"377";73,7;102,545304
"378";73,8;103,234643
"379";73,9;103,939946
"380";74;104,66087
"381";74,1;105,397093
"382";74,2;106,14831
"383";74,3;106,914235
"384";74,4;107,6946
"385";74,5;108,489154
"386";74,6;109,29766
"387";74,7;110,119896
"388";74,8;110,955656
"389";74,9;111,804748
"390";75;112,666991
"391";75,1;113,542219
"392";75,2;114,430276
"393";75,3;115,331017
"394";75,4;116,24431
"395";75,5;117,170031
"396";75,6;118,108068
"397";75,7;119,058317
"398";75,8;120,020683
"399";75,9;120,99508
"400";76;121,981431
"401";76,1;122,979666
"402";76,2;123,989722
"403";76,3;125,011545
"404";76,4;126,045085
"405";76,5;127,090301
"406";76,6;128,147158
"407";76,7;129,215627
"408";76,8;130,295684
"409";76,9;131,38731
"410";77;132,490493
"411";77,1;133,605225
"412";77,2;134,731504
"413";77,3;135,869331
"414";77,4;137,018713
"415";77,5;138,179662
"416";77,6;139,352192
"417";77,7;140,536321
"418";77,8;141,732072
"419";77,9;142,939473
"420";78;144,158552
"421";78,1;145,389342
"422";78,2;146,631881
"423";78,3;147,886208
"424";78,4;149,152366
"425";78,5;150,4304
"426";78,6;151,720358
"427";78,7;153,022292
"428";78,8;154,336256
"429";78,9;155,662305
"430";79;157,000499
"431";79,1;158,350899
"432";79,2;159,713567
"433";79,3;161,088569
"434";79,4;162,475974
"435";79,5;163,875851
"436";79,6;165,288271
"437";79,7;166,713309
"438";79,8;168,15104
"439";79,9;169,601543
"440";80;171,064896
"441";80,1;172,541181
"442";80,2;174,030481
"443";80,3;175,532881
"444";80,4;177,048466
"445";80,5;178,577324
"446";80,6;180,119546
"447";80,7;181,675221
"448";80,8;183,244443
"449";80,9;184,827305
"450";81;186,423904
"451";81,1;188,034336
"452";81,2;189,658699
"453";81,3;191,297092
"454";81,4;192,949614
"455";81,5;194,616369
"456";81,6;196,297459
"457";81,7;197,992991
"458";81,8;199,703072
"459";81,9;201,427807
"460";82;203,167305
"461";82,1;204,921674
"462";82,2;206,691026
"463";82,3;208,475474
"464";82,4;210,275132
"465";82,5;212,090114
"466";82,6;213,920538
"467";82,7;215,766518
"468";82,8;217,628171
"469";82,9;219,505617
"470";83;221,398974
"471";83,1;223,308364
"472";83,2;225,23391
"473";83,3;227,175736
"474";83,4;229,133966
"475";83,5;231,108725
"476";83,6;233,100139
"477";83,7;235,108335
"478";83,8;237,133441
"479";83,9;239,175588
"480";84;241,234908
"481";84,1;243,311532
"482";84,2;244,983866
"483";84,3;246,25676
"484";84,4;247,134809
"485";84,5;247,622353
"486";84,6;247,72349
"487";84,7;247,442088
"488";84,8;246,781788
"489";84,9;245,746015
"490";85;244,337981
"491";85,1;242,5607
"492";85,2;240,838714
"493";85,3;239,169935
"494";85,4;237,55235
"495";85,5;235,984024
"496";85,6;234,463097
"497";85,7;232,987778
"498";85,8;231,556346
"499";85,9;230,167142
"500";86;228,818576
"501";86,1;227,509113
"502";86,2;226,237281
"503";86,3;225,001661
"504";86,4;223,800889
"505";86,5;222,633654
"506";86,6;221,498695
"507";86,7;220,394799
"508";86,8;219,320798
"509";86,9;218,275569
"510";87;217,258029
"511";87,1;216,267143
"512";87,2;215,301909
"513";87,3;214,361365
"514";87,4;213,444586
"515";87,5;212,550685
"516";87,6;211,678804
"517";87,7;210,82812
"518";87,8;209,997841
"519";87,9;209,187208
"520";88;208,395489
"521";88,1;207,621977
"522";88,2;206,865993
"523";88,3;206,126888
"524";88,4;205,404035
"525";88,5;204,696829
"526";88,6;204,004691
"527";88,7;203,327062
"528";88,8;202,663405
"529";88,9;202,013201
"530";89;201,375955
"531";89,1;200,751189
"532";89,2;200,138445
"533";89,3;199,537279
"534";89,4;198,947266
"535";89,5;198,367998
"536";89,6;197,799083
"537";89,7;197,240141
"538";89,8;196,690808
"539";89,9;196,150734
"540";90;195,619581
"541";90,1;195,097025
"542";90,2;194,582756
"543";90,3;194,076474
"544";90,4;193,57789
"545";90,5;193,086726
"546";90,6;192,602713
"547";90,7;192,125596
"548";90,8;191,655129
"549";90,9;191,191073
"550";91;190,733201
"551";91,1;190,281292
"552";91,2;189,835134
"553";91,3;189,394524
"554";91,4;188,959268
"555";91,5;188,529176
"556";91,6;188,104067
"557";91,7;187,683769
"558";91,8;187,268112
"559";91,9;186,856936
"560";92;186,450086
"561";92,1;186,047413
"562";92,2;185,648773
"563";92,3;185,254028
"564";92,4;184,863044
"565";92,5;184,475694
"566";92,6;184,091857
"567";92,7;183,711412
"568";92,8;183,334247
"569";92,9;182,960253
"570";93;182,589324
"571";93,1;182,221359
"572";93,2;181,85626
"573";93,3;181,493933
"574";93,4;181,134289
"575";93,5;180,777241
"576";93,6;180,422705
"577";93,7;180,0706
"578";93,8;179,72085
"579";93,9;179,37338
"580";94;179,028118
"581";94,1;178,684996
"582";94,2;178,343949
"583";94,3;178,004913
"584";94,4;177,667826
"585";94,5;177,33263
"586";94,6;176,999267
"587";94,7;176,667684
"588";94,8;176,337827
"589";94,9;176,009648
"590";95;175,683096
"591";95,1;175,358127
"592";95,2;175,034693
"593";95,3;174,712752
"594";95,4;174,392262
"595";95,5;174,073182
"596";95,6;173,755475
"597";95,7;173,439105
"598";95,8;173,124036
"599";95,9;172,810232
"600";96;172,497662
"601";96,1;172,186292
"602";96,2;171,876094
"603";96,3;171,567037
"604";96,4;171,259093
"605";96,5;170,952235
"606";96,6;170,646438
"607";96,7;170,341674
"608";96,8;170,03792
"609";96,9;169,735152
"610";97;169,433349
"611";97,1;169,132488
"612";97,2;168,832548
"613";97,3;168,53351
"614";97,4;168,235355
"615";97,5;167,938064
"616";97,6;167,641618
"617";97,7;167,346002
"618";97,8;167,051198
"619";97,9;166,75719
"620";98;166,463962
"621";98,1;166,171501
"622";98,2;165,879792
"623";98,3;165,588822
"624";98,4;165,298576
"625";98,5;165,009043
"626";98,6;164,72021
"627";98,7;164,432065
"628";98,8;164,144597
"629";98,9;163,857796
"630";99;163,57165
"631";99,1;163,28615
"632";99,2;163,001286
"633";99,3;162,717048
"634";99,4;162,433428
"635";99,5;162,150417
"636";99,6;161,868007
"637";99,7;161,586189
"638";99,8;161,304955
"639";99,9;161,024299
"640";100;160,744214
"641";100,1;160,46469
"642";100,2;160,185723
"643";100,3;159,907305
"644";100,4;159,629432
"645";100,5;159,352096
"646";100,6;159,075292
"647";100,7;158,799014
"648";100,8;158,523258
"649";100,9;158,248017
"650";101;157,973286
"651";101,1;157,699062
"652";101,2;157,425339
"653";101,3;157,152113
"654";101,4;156,879379
"655";101,5;156,607133
"656";101,6;156,33537
"657";101,7;156,064088
"658";101,8;155,793282
"659";101,9;155,522948
"660";102;155,253085
"661";102,1;154,983688
"662";102,2;154,714754
"663";102,3;154,446279
"664";102,4;154,178261
"665";102,5;153,910698
"666";102,6;153,643586
"667";102,7;153,376922
"668";102,8;153,110704
"669";102,9;152,84493
"670";103;152,579595
"671";103,1;152,314699
"672";103,2;152,031314
"673";103,3;151,729847
"674";103,4;151,41069
"675";103,5;151,074221
"676";103,6;150,720808
"677";103,7;150,350804
"678";103,8;149,964551
"679";103,9;149,562379
"680";104;149,144609
"681";104,1;148,711548
"682";104,2;148,28242
"683";104,3;147,857107
"684";104,4;147,435492
"685";104,5;147,017465
"686";104,6;146,60292
"687";104,7;146,191753
"688";104,8;145,783865
"689";104,9;145,379161
"690";105;144,97755
"691";105,1;144,578943
"692";105,2;144,183255
"693";105,3;143,790403
"694";105,4;143,400309
"695";105,5;143,012896
"696";105,6;142,62809
"697";105,7;142,245822
"698";105,8;141,866024
"699";105,9;141,488629
"700";106;141,113574
"701";106,1;140,740799
"702";106,2;140,370244
"703";106,3;140,001853
"704";106,4;139,635572
"705";106,5;139,271349
"706";106,6;138,909133
"707";106,7;138,548875
"708";106,8;138,190528
"709";106,9;137,834047
"710";107;137,479389
"711";107,1;137,126511
"712";107,2;136,775374
"713";107,3;136,425938
"714";107,4;136,078164
"715";107,5;135,732018
"716";107,6;135,387463
"717";107,7;135,044467
"718";107,8;134,702996
"719";107,9;134,36302
"720";108;134,024508
"721";108,1;133,687431
"722";108,2;133,35176
"723";108,3;133,017469
"724";108,4;132,684532
"725";108,5;132,352923
"726";108,6;132,022618
"727";108,7;131,693593
"728";108,8;131,365827
"729";108,9;131,039297
"730";109;130,713981
"731";109,1;130,38986
"732";109,2;130,066915
"733";109,3;129,745125
"734";109,4;129,424473
"735";109,5;129,104941
"736";109,6;128,786512
"737";109,7;128,46917
"738";109,8;128,152897
"739";109,9;127,837679
"740";110;127,523501
"741";110,1;127,210349
"742";110,2;126,876124
"743";110,3;126,521302
"744";110,4;126,146341
"745";110,5;125,751686
"746";110,6;125,337769
"747";110,7;124,905005
"748";110,8;124,4538
"749";110,9;123,984543
"750";111;123,497614
"751";111,1;122,993378
"752";111,2;122,494275
"753";111,3;122,000162
"754";111,4;121,510899
"755";111,5;121,026353
"756";111,6;120,546394
"757";111,7;120,070897
"758";111,8;119,599742
"759";111,9;119,132814
"760";112;118,67
"761";112,1;118,211193
"762";112,2;117,756288
"763";112,3;117,305184
"764";112,4;116,857786
"765";112,5;116,413998
"766";112,6;115,97373
"767";112,7;115,536896
"768";112,8;115,103411
"769";112,9;114,673194
"770";113;114,246166
"771";113,1;113,822252
"772";113,2;113,401379
"773";113,3;112,983477
"774";113,4;112,568478
"775";113,5;112,156317
"776";113,6;111,74693
"777";113,7;111,340256
"778";113,8;110,936235
"779";113,9;110,534811
"780";114;110,135928
"781";114,1;109,739533
"782";114,2;109,345575
"783";114,3;108,954004
"784";114,4;108,564771
"785";114,5;108,17783
"786";114,6;107,793137
"787";114,7;107,410648
"788";114,8;107,030322
"789";114,9;106,652118
"790";115;106,275998
"791";115,1;105,901924
"792";115,2;105,529859
"793";115,3;105,159767
"794";115,4;104,791615
"795";115,5;104,42537
"796";115,6;104,061
"797";115,7;103,698474
"798";115,8;103,337762
"799";115,9;102,978836
"800";116;102,621667
"801";116,1;102,266228
"802";116,2;101,912493
"803";116,3;101,560437
"804";116,4;101,210036
"805";116,5;100,861265
"806";116,6;100,514101
"807";116,7;100,168523
"808";116,8;99,824508
"809";116,9;99,482035
"810";117;99,141085
"811";117,1;98,801637
"812";117,2;98,463673
"813";117,3;98,127175
"814";117,4;97,792125
"815";117,5;97,458505
"816";117,6;97,126299
"817";117,7;96,795489
"818";117,8;96,466061
"819";117,9;96,137998
"820";118;95,811285
"821";118,1;95,485909
"822";118,2;95,161855
"823";118,3;94,839109
"824";118,4;94,517656
"825";118,5;94,197486
"826";118,6;93,878585
"827";118,7;93,560942
"828";118,8;93,244543
"829";118,9;92,929379
"830";119;92,615438
"831";119,1;92,302709
"832";119,2;91,991181
"833";119,3;91,680843
"834";119,4;91,371687
"835";119,5;91,063702
"836";119,6;90,756878
"837";119,7;90,451206
"838";119,8;90,146678
"839";119,9;89,843284
"840";120;89,541015
"841";120,1;89,239863
"842";120,2;88,93982
"843";120,3;88,640879
"844";120,4;88,343031
"845";120,5;88,046268
"846";120,6;87,750583
"847";120,7;87,455968
"848";120,8;87,162417
"849";120,9;86,869923
"850";121;86,578479
"851";121,1;86,288078
"852";121,2;85,998713
"853";121,3;85,710378
"854";121,4;85,423067
"855";121,5;85,136773
"856";121,6;84,851491
"857";121,7;84,567215
"858";121,8;84,283939
"859";121,9;84,001657
"860";122;83,720364
"861";122,1;83,440053
"862";122,2;83,160721
"863";122,3;82,882361
"864";122,4;82,604968
"865";122,5;82,328538
"866";122,6;82,053065
"867";122,7;81,778545
"868";122,8;81,504972
"869";122,9;81,232341
"870";123;80,960649
"871";123,1;80,689891
"872";123,2;80,420061
"873";123,3;80,151156
"874";123,4;79,883171
"875";123,5;79,616102
"876";123,6;79,349945
"877";123,7;79,084695
"878";123,8;78,820348
"879";123,9;78,556901
"880";124;78,294349
"881";124,1;78,032688
"882";124,2;77,771916
"883";124,3;77,512027
"884";124,4;77,253018
"885";124,5;76,994885
"886";124,6;76,737624
"887";124,7;76,481233
"888";124,8;76,225707
"889";124,9;75,971042
"890";125;75,717234
"891";125,1;75,464282
"892";125,2;75,212179
"893";125,3;74,960925
"894";125,4;74,710515
"895";125,5;74,460946
"896";125,6;74,212214
"897";125,7;73,964315
"898";125,8;73,717248
"899";125,9;73,471009
"900";126;73,225595
"901";126,1;72,981001
"902";126,2;72,737227
"903";126,3;72,494268
"904";126,4;72,25212
"905";126,5;72,010781
"906";126,6;71,770249
"907";126,7;71,53052
"908";126,8;71,29159
"909";126,9;71,053457
"910";127;70,816119
"911";127,1;70,579573
"912";127,2;70,343814
"913";127,3;70,10884
"914";127,4;69,874649
"915";127,5;69,641238
"916";127,6;69,408604
"917";127,7;69,176744
"918";127,8;68,945656
"919";127,9;68,715337
"920";128;68,485783
"921";128,1;68,256992
"922";128,2;68,028962
"923";128,3;67,80169
"924";128,4;67,575174
"925";128,5;67,34941
"926";128,6;67,124396
"927";128,7;66,900129
"928";128,8;66,676607
"929";128,9;66,453827
"930";129;66,231786
"931";129,1;66,010482
"932";129,2;65,789913
"933";129,3;65,570076
"934";129,4;65,350968
"935";129,5;65,132588
"936";129,6;64,914932
"937";129,7;64,697998
"938";129,8;64,481784
"939";129,9;64,266287
"940";130;64,051505
"941";130,1;63,837436
"942";130,2;63,624077
"943";130,3;63,411424
"944";130,4;63,199477
"945";130,5;62,988232
"946";130,6;62,777688
"947";130,7;62,567843
"948";130,8;62,358693
"949";130,9;62,150236
"950";131;61,942471
"951";131,1;61,735394
"952";131,2;61,529003
"953";131,3;61,323297
"954";131,4;61,118273
"955";131,5;60,913928
"956";131,6;60,71026
"957";131,7;60,507266
"958";131,8;60,304946
"959";131,9;60,103296
"960";132;59,902314
"961";132,1;59,701998
"962";132,2;59,502346
"963";132,3;59,303356
"964";132,4;59,105025
"965";132,5;58,907352
"966";132,6;58,710334
"967";132,7;58,51397
"968";132,8;58,318256
"969";132,9;58,123191
"970";133;57,928772
"971";133,1;57,734998
"972";133,2;57,541866
"973";133,3;57,349374
"974";133,4;57,15752
"975";133,5;56,966302
"976";133,6;56,775718
"977";133,7;56,585766
"978";133,8;56,396443
"979";133,9;56,207749
"980";134;56,01968
"981";134,1;55,832235
"982";134,2;55,645411
"983";134,3;55,459207
"984";134,4;55,273621
"985";134,5;55,08865
"986";134,6;54,904292
"987";134,7;54,720545
"988";134,8;54,537407
"989";134,9;54,354876
"990";135;54,172951
"991";135,1;53,991629
"992";135,2;53,810909
"993";135,3;53,630788
"994";135,4;53,451264
"995";135,5;53,272336
"996";135,6;53,094002
"997";135,7;52,916259
"998";135,8;52,739106
"999";135,9;52,562541
"1000";136;52,386562
"1001";136,1;52,211166
"1002";136,2;52,036352
"1003";136,3;51,862118
"1004";136,4;51,688463
"1005";136,5;51,515384
"1006";136,6;51,342879
"1007";136,7;51,170947
"1008";136,8;50,999586
"1009";136,9;50,828793
"1010";137;50,658567
"1011";137,1;50,488907
"1012";137,2;50,31981
"1013";137,3;50,151274
"1014";137,4;49,983297
"1015";137,5;49,815877
"1016";137,6;49,649014
"1017";137,7;49,482705
"1018";137,8;49,316948
"1019";137,9;49,151741
"1020";138;48,987083
"1021";138,1;48,822972
"1022";138,2;48,659406
"1023";138,3;48,496383
"1024";138,4;48,333902
"1025";138,5;48,171961
"1026";138,6;48,010557
"1027";138,7;47,849689
"1028";138,8;47,689356
"1029";138,9;47,529557
"1030";139;47,370288
"1031";139,1;47,211548
"1032";139,2;47,053335
"1033";139,3;46,895649
"1034";139,4;46,738486
"1035";139,5;46,581845
"1036";139,6;46,425725
"1037";139,7;46,270124
"1038";139,8;46,11504
"1039";139,9;45,960471
"1040";140;45,806417
"1041";140,1;45,652875
"1042";140,2;45,499844
"1043";140,3;45,347321
"1044";140,4;45,195305
"1045";140,5;45,043795
"1046";140,6;44,892789
"1047";140,7;44,742285
"1048";140,8;44,592282
"1049";140,9;44,442777
"1050";141;44,293769
"1051";141,1;44,145257
"1052";141,2;43,997239
"1053";141,3;43,849714
"1054";141,4;43,70268
"1055";141,5;43,556135
"1056";141,6;43,410077
"1057";141,7;43,264505
"1058";141,8;43,119417
"1059";141,9;42,974813
"1060";142;42,83069
"1061";142,1;42,687046
"1062";142,2;42,54388
"1063";142,3;42,40119
"1064";142,4;42,258975
"1065";142,5;42,117234
"1066";142,6;41,975965
"1067";142,7;41,835166
"1068";142,8;41,694836
"1069";142,9;41,554973
"1070";143;41,415575
"1071";143,1;41,276641
"1072";143,2;41,13817
"1073";143,3;41,00016
"1074";143,4;40,86261
"1075";143,5;40,725518
"1076";143,6;40,588882
"1077";143,7;40,452702
"1078";143,8;40,316975
"1079";143,9;40,1817
"1080";144;40,046876
"1081";144,1;39,912502
"1082";144,2;39,778575
"1083";144,3;39,645095
"1084";144,4;39,512059
"1085";144,5;39,379466
"1086";144,6;39,247315
"1087";144,7;39,115604
"1088";144,8;38,984332
"1089";144,9;38,853498
"1090";145;38,723099
"1091";145,1;38,593134
"1092";145,2;38,488206
"1093";145,3;38,407746
"1094";145,4;38,351209
"1095";145,5;38,318068
"1096";145,6;38,307816
"1097";145,7;38,319964
"1098";145,8;38,35404
"1099";145,9;38,409589
"1100";146;38,486176
"1101";146,1;38,583376
"1102";146,2;38,676179
"1103";146,3;38,764758
"1104";146,4;38,849279
"1105";146,5;38,929901
"1106";146,6;39,006778
"1107";146,7;39,080056
"1108";146,8;39,149878
"1109";146,9;39,216378
"1110";147;39,279686
"1111";147,1;39,339929
"1112";147,2;39,397227
"1113";147,3;39,451695
"1114";147,4;39,503445
"1115";147,5;39,552583
"1116";147,6;39,599212
"1117";147,7;39,643431
"1118";147,8;39,685333
"1119";147,9;39,725011
"1120";148;39,762552
"1121";148,1;39,798039
"1122";148,2;39,831553
"1123";148,3;39,863172
"1124";148,4;39,892969
"1125";148,5;39,921017
"1126";148,6;39,947384
"1127";148,7;39,972136
"1128";148,8;39,995337
"1129";148,9;40,017048
"1130";149;40,037326
"1131";149,1;40,056228
"1132";149,2;40,073809
"1133";149,3;40,09012
"1134";149,4;40,105212
"1135";149,5;40,119132
"1136";149,6;40,131926
"1137";149,7;40,143638
"1138";149,8;40,154311
"1139";149,9;40,163985
"1140";150;40,1727
"1141";150,1;40,180494
"1142";150,2;40,187402
"1143";150,3;40,19346
"1144";150,4;40,1987
"1145";150,5;40,203155
"1146";150,6;40,206856
"1147";150,7;40,209833
"1148";150,8;40,212113
"1149";150,9;40,213725
"1150";151;40,214695
"1151";151,1;40,215047
"1152";151,2;40,214806
"1153";151,3;40,213995
"1154";151,4;40,212637
"1155";151,5;40,210754
"1156";151,6;40,208365
"1157";151,7;40,20549
"1158";151,8;40,20215
"1159";151,9;40,198361
"1160";152;40,194141
"1161";152,1;40,189509
"1162";152,2;40,184479
"1163";152,3;40,179068
"1164";152,4;40,17329
"1165";152,5;40,16716
"1166";152,6;40,160692
"1167";152,7;40,153899
"1168";152,8;40,146793
"1169";152,9;40,139388
"1170";153;40,131695
"1171";153,1;40,123725
"1172";153,2;40,115489
"1173";153,3;40,106997
"1174";153,4;40,09826
"1175";153,5;40,089287
"1176";153,6;40,080087
"1177";153,7;40,07067
"1178";153,8;40,061044
"1179";153,9;40,051217
"1180";154;40,041197
"1181";154,1;40,030992
"1182";154,2;40,020609
"1183";154,3;40,010055
"1184";154,4;39,999337
"1185";154,5;39,98846
"1186";154,6;39,977432
"1187";154,7;39,966258
"1188";154,8;39,954945
"1189";154,9;39,943497
"1190";155;39,93192
"1191";155,1;39,920218
"1192";155,2;39,908398
"1193";155,3;39,896463
"1194";155,4;39,884418
"1195";155,5;39,872268
"1196";155,6;39,860017
"1197";155,7;39,847668
"1198";155,8;39,835225
"1199";155,9;39,822692
"1200";156;39,810073
"1201";156,1;39,797372
"1202";156,2;39,784591
"1203";156,3;39,771734
"1204";156,4;39,758804
"1205";156,5;39,745803
"1206";156,6;39,732734
"1207";156,7;39,7196
"1208";156,8;39,706404
"1209";156,9;39,693148
"1210";157;39,679834
"1211";157,1;39,666464
"1212";157,2;39,653041
"1213";157,3;39,639567
"1214";157,4;39,626044
"1215";157,5;39,612474
"1216";157,6;39,598859
"1217";157,7;39,585201
"1218";157,8;39,5715
"1219";157,9;39,55776
"1220";158;39,543982
"1221";158,1;39,530167
"1222";158,2;39,516317
"1223";158,3;39,502433
"1224";158,4;39,488516
"1225";158,5;39,474567
"1226";158,6;39,460588
"1227";158,7;39,44658
"1228";158,8;39,432545
"1229";158,9;39,418483
"1230";159;39,404396
"1231";159,1;39,390284
"1232";159,2;39,376148
"1233";159,3;39,36199
"1234";159,4;39,34781
"1235";159,5;39,33361
"1236";159,6;39,31939
"1237";159,7;39,305151
"1238";159,8;39,290894
"1239";159,9;39,276619
"1240";160;39,262327
"1241";160,1;39,248019
"1242";160,2;39,233695
"1243";160,3;39,219356
"1244";160,4;39,205003
"1245";160,5;39,190637
"1246";160,6;39,176257
"1247";160,7;39,161865
"1248";160,8;39,14746
"1249";160,9;39,133045
"1250";161;39,118618
"1251";161,1;39,104181
"1252";161,2;39,089734
"1253";161,3;39,075277
"1254";161,4;39,060811
"1255";161,5;39,046336
"1256";161,6;39,031853
"1257";161,7;39,017362
"1258";161,8;39,002863
"1259";161,9;38,988356
"1260";162;38,973842
"1261";162,1;38,959321
"1262";162,2;38,944794
"1263";162,3;38,930261
"1264";162,4;38,915722
"1265";162,5;38,901177
"1266";162,6;38,886626
"1267";162,7;38,87207
"1268";162,8;38,85751
"1269";162,9;38,842944
"1270";163;38,828375
"1271";163,1;38,813801
"1272";163,2;38,799223
"1273";163,3;38,784641
"1274";163,4;38,770055
"1275";163,5;38,755466
"1276";163,6;38,740874
"1277";163,7;38,726279
"1278";163,8;38,71168
"1279";163,9;38,697079
"1280";164;38,682475
"1281";164,1;38,667869
"1282";164,2;38,65326
"1283";164,3;38,638649
"1284";164,4;38,624036
"1285";164,5;38,60942
"1286";164,6;38,594803
"1287";164,7;38,580183
"1288";164,8;38,565562
"1289";164,9;38,55094
"1290";165;38,536316
"1291";165,1;38,521691
"1292";165,2;38,507065
"1293";165,3;38,492438
"1294";165,4;38,477809
"1295";165,5;38,46318
"1296";165,6;38,448549
"1297";165,7;38,433918
"1298";165,8;38,419287
"1299";165,9;38,404654
"1300";166;38,39002
"1301";166,1;38,375386
"1302";166,2;38,360752
"1303";166,3;38,346117
"1304";166,4;38,331482
"1305";166,5;38,316847
"1306";166,6;38,302212
"1307";166,7;38,287576
"1308";166,8;38,272939
"1309";166,9;38,258303
"1310";167;38,243668
"1311";167,1;38,229032
"1312";167,2;38,214395
"1313";167,3;38,199759
"1314";167,4;38,185124
"1315";167,5;38,170488
"1316";167,6;38,155852
"1317";167,7;38,141217
"1318";167,8;38,126583
"1319";167,9;38,111948
"1320";168;38,097313
"1321";168,1;38,082679
"1322";168,2;38,068045
"1323";168,3;38,053411
"1324";168,4;38,038777
"1325";168,5;38,024144
"1326";168,6;38,009512
"1327";168,7;37,99488
"1328";168,8;37,980248
"1329";168,9;37,965617
"1330";169;37,950987
"1331";169,1;38,693768
"1332";169,2;39,426586
"1333";169,3;40,149634
"1334";169,4;40,8631
"1335";169,5;41,567163
"1336";169,6;42,261999
"1337";169,7;42,947773
"1338";169,8;43,624648
"1339";169,9;44,29278
"1340";170;44,952317
"1341";170,1;44,845995
"1342";170,2;44,741328
"1343";170,3;44,638257
"1344";170,4;44,536723
"1345";170,5;44,436673
"1346";170,6;44,338051
"1347";170,7;44,240808
"1348";170,8;44,144894
"1349";170,9;44,050262
"1350";171;43,956867
"1351";171,1;43,864664
"1352";171,2;43,773612
"1353";171,3;43,683669
"1354";171,4;43,594798
"1355";171,5;43,50696
"1356";171,6;43,42012
"1357";171,7;43,334243
"1358";171,8;43,249295
"1359";171,9;43,165244
"1360";172;43,08206
"1361";172,1;42,999713
"1362";172,2;42,918173
"1363";172,3;42,837414
"1364";172,4;42,757409
"1365";172,5;42,678133
"1366";172,6;42,599561
"1367";172,7;42,521671
"1368";172,8;42,444439
"1369";172,9;42,367844
"1370";173;42,291864
"1371";173,1;42,216479
"1372";173,2;42,141671
"1373";173,3;42,06742
"1374";173,4;41,993708
"1375";173,5;41,920519
"1376";173,6;41,847835
"1377";173,7;41,77564
"1378";173,8;41,70392
"1379";173,9;41,632659
"1380";174;41,561843
"1381";174,1;41,491458
"1382";174,2;41,421491
"1383";174,3;41,35193
"1384";174,4;41,282763
"1385";174,5;41,213976
"1386";174,6;41,14556
"1387";174,7;41,077503
"1388";174,8;41,009795
"1389";174,9;40,942426
"1390";175;40,875386
"1391";175,1;40,808667
"1392";175,2;41,164503
"1393";175,3;41,934798
"1394";175,4;43,112541
"1395";175,5;44,691757
"1396";175,6;46,667448
"1397";175,7;49,035549
"1398";175,8;51,792882
"1399";175,9;54,937114
"1400";176;58,466721
"1401";176,1;62,38095
"1402";176,2;65,800748
"1403";176,3;68,73684
"1404";176,4;71,198766
"1405";176,5;73,194936
"1406";176,6;74,732686
"1407";176,7;75,818332
"1408";176,8;76,457218
"1409";176,9;76,653759
"1410";177;76,411483
"1411";177,1;75,73307
"1412";177,2;75,077182
"1413";177,3;74,442965
"1414";177,4;73,829596
"1415";177,5;73,236284
"1416";177,6;72,662269
"1417";177,7;72,106819
"1418";177,8;71,56923
"1419";177,9;71,048825
"1420";178;70,544953
"1421";178,1;70,056988
"1422";178,2;69,584328
"1423";178,3;69,126393
"1424";178,4;68,682627
"1425";178,5;68,252492
"1426";178,6;67,835473
"1427";178,7;67,431076
"1428";178,8;67,038822
"1429";178,9;66,658253
"1430";179;66,288929
"1431";179,1;65,930423
"1432";179,2;65,582328
"1433";179,3;65,244252
"1434";179,4;64,915816
"1435";179,5;64,596657
"1436";179,6;64,286427
"1437";179,7;63,984789
"1438";179,8;63,69142
"1439";179,9;63,406009
"1440";180;63,128256
"1441";180,1;62,857875
"1442";180,2;62,594589
"1443";180,3;62,33813
"1444";180,4;62,088243
"1445";180,5;61,844683
"1446";180,6;61,607212
"1447";180,7;61,375602
"1448";180,8;61,149635
"1449";180,9;60,929099
"1450";181;60,713792
"1451";181,1;60,503518
"1452";181,2;60,29809
"1453";181,3;60,09733
"1454";181,4;59,901063
"1455";181,5;59,709121
"1456";181,6;59,521344
"1457";181,7;59,337577
"1458";181,8;59,157673
"1459";181,9;58,981489
"1460";182;58,808886
"1461";182,1;58,639734
"1462";182,2;58,473904
"1463";182,3;58,311273
"1464";182,4;58,151725
"1465";182,5;57,995147
"1466";182,6;57,84143
"1467";182,7;57,690469
"1468";182,8;57,542163
"1469";182,9;57,396415
"1470";183;57,253133
"1471";183,1;57,112226
"1472";183,2;57,05146
"1473";183,3;57,069185
"1474";183,4;57,163828
"1475";183,5;57,333891
"1476";183,6;57,577947
"1477";183,7;57,894639
"1478";183,8;58,282671
"1479";183,9;58,740814
"1480";184;59,267896
"1481";184,1;59,862803
"1482";184,2;60,446625
"1483";184,3;61,019922
"1484";184,4;61,583229
"1485";184,5;62,13706
"1486";184,6;62,681904
"1487";184,7;63,21823
"1488";184,8;63,746487
"1489";184,9;64,267103
"1490";185;64,780489
"1491";185,1;65,287038
"1492";185,2;65,787126
"1493";185,3;66,281111
"1494";185,4;66,769338
"1495";185,5;67,252135
"1496";185,6;67,729818
"1497";185,7;68,202688
"1498";185,8;68,671032
"1499";185,9;69,135128
"1500";186;69,595239
"1501";186,1;70,051617
"1502";186,2;70,504504
"1503";186,3;70,954133
"1504";186,4;71,400725
"1505";186,5;71,844492
"1506";186,6;72,285638
"1507";186,7;72,724356
"1508";186,8;73,160834
"1509";186,9;73,59525
"1510";187;74,027775
"1511";187,1;74,458574
"1512";187,2;74,887802
"1513";187,3;75,315611
"1514";187,4;75,742144
"1515";187,5;76,167541
"1516";187,6;76,591932
"1517";187,7;77,015446
"1518";187,8;77,438205
"1519";187,9;77,860324
"1520";188;78,281916
"1521";188,1;78,703087
"1522";188,2;79,123942
"1523";188,3;79,544579
"1524";188,4;79,965093
"1525";188,5;80,385575
"1526";188,6;80,806113
"1527";188,7;81,226789
"1528";188,8;81,647685
"1529";188,9;82,068879
"1530";189;82,490445
"1531";189,1;82,912455
"1532";189,2;83,334977
"1533";189,3;83,758077
"1534";189,4;84,181819
"1535";189,5;84,606263
"1536";189,6;85,031469
"1537";189,7;85,457495
"1538";189,8;85,884394
"1539";189,9;86,312219
"1540";190;86,74102
"1541";190,1;87,170847
"1542";190,2;87,601747
"1543";190,3;88,033764
"1544";190,4;88,466944
"1545";190,5;88,901329
"1546";190,6;89,33696
"1547";190,7;89,773876
"1548";190,8;90,212115
"1549";190,9;90,651714
"1550";191;91,092709
"1551";191,1;91,535134
"1552";191,2;91,979023
"1553";191,3;92,424409
"1554";191,4;92,871322
"1555";191,5;93,319794
"1556";191,6;93,769852
"1557";191,7;94,221527
"1558";191,8;94,674847
"1559";191,9;95,129838
"1560";192;95,586528
"1561";192,1;96,044942
"1562";192,2;96,505104
"1563";192,3;96,967039
"1564";192,4;97,430771
"1565";192,5;97,896321
"1566";192,6;98,363715
"1567";192,7;98,832972
"1568";192,8;99,304114
"1569";192,9;99,777163
"1570";193;100,252139
"1571";193,1;100,729061
"1572";193,2;101,20795
"1573";193,3;101,688825
"1574";193,4;102,171705
"1575";193,5;102,656608
"1576";193,6;103,143552
"1577";193,7;103,632556
"1578";193,8;104,123637
"1579";193,9;104,616812
"1580";194;105,112098
"1581";194,1;105,609512
"1582";194,2;106,10907
"1583";194,3;106,610789
"1584";194,4;107,114684
"1585";194,5;107,620771
"1586";194,6;108,129066
"1587";194,7;108,639583
"1588";194,8;109,152338
"1589";194,9;109,667346
"1590";195;110,184622
"1591";195,1;110,704182
"1592";195,2;111,226038
"1593";195,3;111,750206
"1594";195,4;112,2767
"1595";195,5;112,805535
"1596";195,6;113,336724
"1597";195,7;113,870282
"1598";195,8;114,406223
"1599";195,9;114,944559
"1600";196;115,485304
"1601";196,1;116,028471
"1602";196,2;116,574076
"1603";196,3;117,12213
"1604";196,4;117,672647
"1605";196,5;118,225641
"1606";196,6;118,781125
"1607";196,7;119,339112
"1608";196,8;119,899614
"1609";196,9;120,462647
"1610";197;121,028222
"1611";197,1;121,596354
"1612";197,2;122,167055
"1613";197,3;122,740337
"1614";197,4;123,316214
"1615";197,5;123,894699
"1616";197,6;124,475805
"1617";197,7;125,059544
"1618";197,8;125,64593
"1619";197,9;126,234975
"1620";198;126,826693
"1621";198,1;131,276447
"1622";198,2;135,603839
"1623";198,3;139,811107
"1624";198,4;143,900386
"1625";198,5;147,873717
"1626";198,6;151,733049
"1627";198,7;155,48024
"1628";198,8;159,117061
"1629";198,9;162,645204
"1630";199;166,06628
"1631";199,1;165,526471
"1632";199,2;165,007652
"1633";199,3;164,508992
"1634";199,4;164,029692
"1635";199,5;163,568983
"1636";199,6;163,126126
"1637";199,7;162,700414
"1638";199,8;162,291168
"1639";199,9;161,897735
"1640";200;161,519486
"1641";200,1;161,15582
"1642";200,2;160,806157
"1643";200,3;160,469941
"1644";200,4;160,146639
"1645";200,5;159,835738
"1646";200,6;159,536746
"1647";200,7;159,249191
"1648";200,8;158,972618
"1649";200,9;158,706589
"1650";201;158,450688
"1651";201,1;158,204512
"1652";201,2;157,967675
"1653";201,3;157,739806
"1654";201,4;157,520548
"1655";201,5;157,309559
"1656";201,6;157,106511
"1657";201,7;156,911086
"1658";201,8;156,722982
"1659";201,9;156,54191
"1660";202;156,367588
"1661";202,1;156,199748
"1662";202,2;156,038132
"1663";202,3;155,882491
"1664";202,4;155,732587
"1665";202,5;155,588192
"1666";202,6;155,449086
"1667";202,7;155,31506
"1668";202,8;155,18591
"1669";202,9;155,061442
"1670";203;154,941469
"1671";203,1;154,825811
"1672";203,2;154,714296
"1673";203,3;154,606759
"1674";203,4;154,503041
"1675";203,5;154,402989
"1676";203,6;154,306456
"1677";203,7;154,213302
"1678";203,8;154,123392
"1679";203,9;154,036595
"1680";204;153,952787
"1681";204,1;153,871848
"1682";204,2;153,793665
"1683";204,3;153,718124
"1684";204,4;153,645121
"1685";204,5;153,574553
"1686";204,6;153,506324
"1687";204,7;153,440337
"1688";204,8;153,376503
"1689";204,9;153,314734
"1690";205;153,254947
"1691";205,1;153,197064
"1692";205,2;153,141005
"1693";205,3;153,0867
"1694";205,4;153,034076
"1695";205,5;152,983067
"1696";205,6;152,933605
"1697";205,7;152,88563
"1698";205,8;152,83908
"1699";205,9;152,793898
"1700";206;152,750029
"1701";206,1;152,707417
"1702";206,2;152,666013
"1703";206,3;152,625768
"1704";206,4;152,586634
"1705";206,5;152,548565
"1706";206,6;152,511518
"1707";206,7;152,47545
"1708";206,8;152,440323
"1709";206,9;152,406095
"1710";207;152,372731
"1711";207,1;152,340195
"1712";207,2;152,308452
"1713";207,3;152,277467
"1714";207,4;152,247211
"1715";207,5;152,217652
"1716";207,6;152,188761
"1717";207,7;152,160512
"1718";207,8;152,132877
"1719";207,9;152,105831
"1720";208;152,079347
"1721";208,1;152,053403
"1722";208,2;152,027976
"1723";208,3;152,003046
"1724";208,4;151,978589
"1725";208,5;151,954586
"1726";208,6;151,931018
"1727";208,7;151,907866
"1728";208,8;151,88511
"1729";208,9;151,862734
"1730";209;151,840722
"1731";209,1;151,819059
"1732";209,2;151,797728
"1733";209,3;151,776714
"1734";209,4;151,756004
"1735";209,5;151,735585
"1736";209,6;151,715443
"1737";209,7;151,695565
"1738";209,8;151,675942
"1739";209,9;151,656562
"1740";210;151,637413
"1741";210,1;151,618484
"1742";210,2;151,599764
"1743";210,3;151,581244
"1744";210,4;151,562915
"1745";210,5;151,544768
"1746";210,6;151,526795
"1747";210,7;151,508986
"1748";210,8;151,491332
"1749";210,9;151,473826
"1750";211;151,456461
"1751";211,1;151,439229
"1752";211,2;151,422125
"1753";211,3;151,405142
"1754";211,4;151,388273
"1755";211,5;151,371512
"1756";211,6;151,354852
"1757";211,7;151,33829
"1758";211,8;151,321821
"1759";211,9;151,305439
"1760";212;151,289139
"1761";212,1;151,272916
"1762";212,2;151,256765
"1763";212,3;151,240682
"1764";212,4;151,224663
"1765";212,5;151,208704
"1766";212,6;151,1928
"1767";212,7;151,176948
"1768";212,8;151,161144
"1769";212,9;151,145386
"1770";213;151,12967
"1771";213,1;151,113994
"1772";213,2;151,098355
"1773";213,3;151,082748
"1774";213,4;151,067172
"1775";213,5;151,051623
"1776";213,6;151,0361
"1777";213,7;151,020599
"1778";213,8;151,005118
"1779";213,9;150,989654
"1780";214;150,974205
"1781";214,1;150,958769
"1782";214,2;150,943346
"1783";214,3;150,927934
"1784";214,4;150,912529
"1785";214,5;150,897131
"1786";214,6;150,881739
"1787";214,7;150,866349
"1788";214,8;150,850959
"1789";214,9;150,835569
"1790";215;150,820178
"1791";215,1;150,804784
"1792";215,2;150,789384
"1793";215,3;150,773978
"1794";215,4;150,758564
"1795";215,5;150,743142
"1796";215,6;150,72771
"1797";215,7;150,712268
"1798";215,8;150,696815
"1799";215,9;150,681348
"1800";216;150,665867
"1801";216,1;150,65037
"1802";216,2;150,634857
"1803";216,3;150,619327
"1804";216,4;150,603781
"1805";216,5;150,588216
"1806";216,6;150,572633
"1807";216,7;150,55703
"1808";216,8;150,541407
"1809";216,9;150,525765
"1810";217;150,510101
"1811";217,1;150,494415
"1812";217,2;150,478708
"1813";217,3;150,462978
"1814";217,4;150,447224
"1815";217,5;150,431446
"1816";217,6;150,415643
"1817";217,7;150,399815
"1818";217,8;150,38396
"1819";217,9;150,368078
"1820";218;150,352169
"1821";218,1;150,336235
"1822";218,2;150,320272
"1823";218,3;150,30428
"1824";218,4;150,288261
"1825";218,5;150,272213
"1826";218,6;150,256135
"1827";218,7;150,240029
"1828";218,8;150,223896
"1829";218,9;150,207732
"1830";219;150,191539
"1831";219,1;150,175315
"1832";219,2;150,159062
"1833";219,3;150,142779
"1834";219,4;150,126464
"1835";219,5;150,110118
"1836";219,6;150,093739
"1837";219,7;150,077329
"1838";219,8;150,060887
"1839";219,9;150,044414
"1840";220;150,027909
"1841";220,1;150,011371
"1842";220,2;149,994799
"1843";220,3;149,978195
"1844";220,4;149,961557
"1845";220,5;149,944886
"1846";220,6;149,928184
"1847";220,7;149,911448
"1848";220,8;149,894679
"1849";220,9;149,877876
"1850";221;149,86104
"1851";221,1;149,844172
"1852";221,2;149,82727
"1853";221,3;149,810334
"1854";221,4;149,793366
"1855";221,5;149,776364
"1856";221,6;149,759327
"1857";221,7;149,742256
"1858";221,8;149,725149
"1859";221,9;149,708008
"1860";222;149,690832
"1861";222,1;149,67362
"1862";222,2;149,656374
"1863";222,3;149,639092
"1864";222,4;149,621775
"1865";222,5;149,604423
"1866";222,6;149,587037
"1867";222,7;149,569616
"1868";222,8;149,55216
"1869";222,9;149,534669
"1870";223;149,517143
"1871";223,1;149,499582
"1872";223,2;149,481986
"1873";223,3;149,464356
"1874";223,4;149,446691
"1875";223,5;149,428991
"1876";223,6;149,411256
"1877";223,7;149,393485
"1878";223,8;149,37568
"1879";223,9;149,35784
"1880";224;149,339965
"1881";224,1;149,322055
"1882";224,2;149,30411
"1883";224,3;149,286131
"1884";224,4;149,268116
"1885";224,5;149,250067
"1886";224,6;149,231983
"1887";224,7;149,213864
"1888";224,8;149,19571
"1889";224,9;149,177521
"1890";225;149,159297
"1891";225,1;149,141037
"1892";225,2;149,12274
"1893";225,3;149,104405
"1894";225,4;149,086035
"1895";225,5;149,067628
"1896";225,6;149,049184
"1897";225,7;149,030704
"1898";225,8;149,012187
"1899";225,9;148,993634
"1900";226;148,975044
"1901";226,1;148,956419
"1902";226,2;148,937759
"1903";226,3;148,919065
"1904";226,4;148,900335
"1905";226,5;148,88157
"1906";226,6;148,862771
"1907";226,7;148,843937
"1908";226,8;148,825068
"1909";226,9;148,806164
"1910";227;148,787225
"1911";227,1;148,768251
"1912";227,2;148,749243
"1913";227,3;148,7302
"1914";227,4;148,711122
"1915";227,5;148,692009
"1916";227,6;148,67286
"1917";227,7;148,653677
"1918";227,8;148,634459
"1919";227,9;148,615206
"1920";228;148,595919
"1921";228,1;148,576596
"1922";228,2;148,557239
"1923";228,3;148,537846
"1924";228,4;148,518419
"1925";228,5;148,498957
"1926";228,6;148,479461
"1927";228,7;148,459929
"1928";228,8;148,440363
"1929";228,9;148,420762
"1930";229;148,401125
"1931";229,1;148,381455
"1932";229,2;148,361748
"1933";229,3;148,342008
"1934";229,4;148,322232
"1935";229,5;148,30242
"1936";229,6;148,282571
"1937";229,7;148,262685
"1938";229,8;148,242764
"1939";229,9;148,222807
"1940";230;148,202816
"1941";230,1;148,182789
"1942";230,2;148,162728
"1943";230,3;148,142631
"1944";230,4;148,122501
"1945";230,5;148,102336
"1946";230,6;148,082139
"1947";230,7;148,061909
"1948";230,8;148,041642
"1949";230,9;148,021342
"1950";231;148,001007
"1951";231,1;147,980637
"1952";231,2;147,960232
"1953";231,3;147,939792
"1954";231,4;147,919317
"1955";231,5;147,898808
"1956";231,6;147,878263
"1957";231,7;147,857684
"1958";231,8;147,837072
"1959";231,9;147,816425
"1960";232;147,795743
"1961";232,1;147,775026
"1962";232,2;147,754274
"1963";232,3;147,733488
"1964";232,4;147,712666
"1965";232,5;147,69181
"1966";232,6;147,670919
"1967";232,7;147,649993
"1968";232,8;147,629032
"1969";232,9;147,608036
"1970";233;147,587005
"1971";233,1;147,56594
"1972";233,2;147,54484
"1973";233,3;147,523705
"1974";233,4;147,502536
"1975";233,5;147,481331
"1976";233,6;147,460091
"1977";233,7;147,438817
"1978";233,8;147,417508
"1979";233,9;147,396163
"1980";234;147,374784
"1981";234,1;147,35337
"1982";234,2;147,331922
"1983";234,3;147,310438
"1984";234,4;147,28892
"1985";234,5;147,26737
"1986";234,6;147,245787
"1987";234,7;147,224171
"1988";234,8;147,202522
"1989";234,9;147,180841
"1990";235;147,159126
"1991";235,1;147,137377
"1992";235,2;147,115595
"1993";235,3;147,09378
"1994";235,4;147,071931
"1995";235,5;147,050047
"1996";235,6;147,028128
"1997";235,7;147,006173
"1998";235,8;146,984184
"1999";235,9;146,962159
"2000";236;146,9401
"2001";236,1;146,918008
"2002";236,2;146,895883
"2003";236,3;146,873726
"2004";236,4;146,851535
"2005";236,5;146,829311
"2006";236,6;146,807054
"2007";236,7;146,784764
"2008";236,8;146,76244
"2009";236,9;146,740084
"2010";237;146,717694
"2011";237,1;146,69527
"2012";237,2;146,67281
"2013";237,3;146,650315
"2014";237,4;146,627785
"2015";237,5;146,605222
"2016";237,6;146,582626
"2017";237,7;146,559997
"2018";237,8;146,537335
"2019";237,9;146,51464
"2020";238;146,491912
"2021";238,1;146,469151
"2022";238,2;146,446357
"2023";238,3;146,42353
"2024";238,4;146,40067
"2025";238,5;146,377777
"2026";238,6;146,35485
"2027";238,7;146,33189
"2028";238,8;146,308897
"2029";238,9;146,28587
"2030";239;146,26281
"2031";239,1;146,239717
"2032";239,2;146,216592
"2033";239,3;146,193435
"2034";239,4;146,170246
"2035";239,5;146,147022
"2036";239,6;146,123766
"2037";239,7;146,100477
"2038";239,8;146,077155
"2039";239,9;146,0538
"2040";240;146,030413
"2041";240,1;146,006993
"2042";240,2;145,98354
"2043";240,3;145,960053
"2044";240,4;145,936534
"2045";240,5;145,912984
"2046";240,6;145,889401
"2047";240,7;145,865784
"2048";240,8;145,842134
"2049";240,9;145,818452
"2050";241;145,794738
"2051";241,1;145,770991
"2052";241,2;145,747211
"2053";241,3;145,723399
"2054";241,4;145,699554
"2055";241,5;145,675675
"2056";241,6;145,651764
"2057";241,7;145,627821
"2058";241,8;145,603846
"2059";241,9;145,579839
"2060";242;145,555798
"2061";242,1;145,531726
"2062";242,2;145,507621
"2063";242,3;145,483484
"2064";242,4;145,459314
"2065";242,5;145,435113
"2066";242,6;145,410878
"2067";242,7;145,386612
"2068";242,8;145,362313
"2069";242,9;145,337982
"2070";243;145,313619
"2071";243,1;145,289223
"2072";243,2;145,264796
"2073";243,3;145,240337
"2074";243,4;145,215846
"2075";243,5;145,191322
"2076";243,6;145,166768
"2077";243,7;145,14218
"2078";243,8;145,117561
"2079";243,9;145,09291
"2080";244;145,068227
"2081";244,1;145,043512
"2082";244,2;145,018765
"2083";244,3;144,993986
"2084";244,4;144,969176
"2085";244,5;144,944334
"2086";244,6;144,919459
"2087";244,7;144,894553
"2088";244,8;144,869615
"2089";244,9;144,844645
"2090";245;144,819644
"2091";245,1;144,794611
"2092";245,2;144,769547
"2093";245,3;144,744451
"2094";245,4;144,719322
"2095";245,5;144,694162
"2096";245,6;144,668971
"2097";245,7;144,643749
"2098";245,8;144,618495
"2099";245,9;144,593209
"2100";246;144,567891
"2101";246,1;144,542542
"2102";246,2;144,517161
"2103";246,3;144,491749
"2104";246,4;144,466306
"2105";246,5;144,440832
"2106";246,6;144,415326
"2107";246,7;144,389788
"2108";246,8;144,36422
"2109";246,9;144,338621
"2110";247;144,312991
"2111";247,1;144,287329
"2112";247,2;144,261636
"2113";247,3;144,235912
"2114";247,4;144,210158
"2115";247,5;144,184372
"2116";247,6;144,158555
"2117";247,7;144,132708
"2118";247,8;144,106829
"2119";247,9;144,080919
"2120";248;144,054979
"2121";248,1;144,029009
"2122";248,2;144,003007
"2123";248,3;143,976974
"2124";248,4;143,950909
"2125";248,5;143,924814
"2126";248,6;143,898689
"2127";248,7;143,872532
"2128";248,8;143,846344
"2129";248,9;143,820126
"2130";249;143,793876
"2131";249,1;143,767596
"2132";249,2;143,741285
"2133";249,3;143,714944
"2134";249,4;143,688573
"2135";249,5;143,662171
"2136";249,6;143,635738
"2137";249,7;143,609275
"2138";249,8;143,582782
"2139";249,9;143,556258
"2140";250;143,529703
"2141";250,1;143,503117
"2142";250,2;143,476502
"2143";250,3;143,449856
"2144";250,4;143,423179
"2145";250,5;143,396472
"2146";250,6;143,369734
"2147";250,7;143,342966
"2148";250,8;143,316168
"2149";250,9;143,28934
"2150";251;143,262483
"2151";251,1;143,235595
"2152";251,2;143,208677
"2153";251,3;143,181729
"2154";251,4;143,154751
"2155";251,5;143,127742
"2156";251,6;143,100704
"2157";251,7;143,073636
"2158";251,8;143,046538
"2159";251,9;143,01941
"2160";252;142,992251
"2161";252,1;142,965063
"2162";252,2;142,937844
"2163";252,3;142,910596
"2164";252,4;142,883318
"2165";252,5;142,856011
"2166";252,6;142,828675
"2167";252,7;142,801308
"2168";252,8;142,773911
"2169";252,9;142,746484
"2170";253;142,719028
"2171";253,1;142,691542
"2172";253,2;142,664027
"2173";253,3;142,636482
"2174";253,4;142,608908
"2175";253,5;142,581304
"2176";253,6;142,553669
"2177";253,7;142,526006
"2178";253,8;142,498313
"2179";253,9;142,470591
"2180";254;142,442839
"2181";254,1;142,415058
"2182";254,2;142,387248
"2183";254,3;142,359408
"2184";254,4;142,331539
"2185";254,5;142,303641
"2186";254,6;142,275714
"2187";254,7;142,247757
"2188";254,8;142,219771
"2189";254,9;142,191756
"2190";255;142,163712
"2191";255,1;142,135639
"2192";255,2;142,107536
"2193";255,3;142,079404
"2194";255,4;142,051244
"2195";255,5;142,023054
"2196";255,6;141,994835
"2197";255,7;141,966588
"2198";255,8;141,938312
"2199";255,9;141,910006
"2200";256;141,881672
"2201";256,1;141,853309
"2202";256,2;141,824918
"2203";256,3;141,796498
"2204";256,4;141,768048
"2205";256,5;141,73957
"2206";256,6;141,711064
"2207";256,7;141,682528
"2208";256,8;141,653964
"2209";256,9;141,625372
"2210";257;141,596751
"2211";257,1;141,568101
"2212";257,2;141,539422
"2213";257,3;141,510715
"2214";257,4;141,481979
"2215";257,5;141,453215
"2216";257,6;141,424421
"2217";257,7;141,3956
"2218";257,8;141,36675
"2219";257,9;141,337872
"2220";258;141,308965
"2221";258,1;141,28003
"2222";258,2;141,29098
"2223";258,3;141,341023
"2224";258,4;141,429405
"2225";258,5;141,555399
"2226";258,6;141,718309
"2227";258,7;141,917469
"2228";258,8;142,152241
"2229";258,9;142,422013
"2230";259;142,7262
"2231";259,1;143,064241
"2232";259,2;143,395685
"2233";259,3;143,720809
"2234";259,4;144,039874
"2235";259,5;144,353135
"2236";259,6;144,660837
"2237";259,7;144,96321
"2238";259,8;145,260479
"2239";259,9;145,552858
"2240";260;145,840554
"2241";260,1;146,123764
"2242";260,2;146,402677
"2243";260,3;146,677474
"2244";260,4;146,948331
"2245";260,5;147,215414
"2246";260,6;147,478883
"2247";260,7;147,738894
"2248";260,8;147,995592
"2249";260,9;148,249119
"2250";261;148,499611
"2251";261,1;148,747197
"2252";261,2;148,992003
"2253";261,3;149,234149
"2254";261,4;149,473748
"2255";261,5;149,710911
"2256";261,6;149,945746
"2257";261,7;150,178352
"2258";261,8;150,408828
"2259";261,9;150,637268
"2260";262;150,86376
"2261";262,1;151,088391
"2262";262,2;151,311242
"2263";262,3;151,532393
"2264";262,4;151,75192
"2265";262,5;151,969895
"2266";262,6;152,186387
"2267";262,7;152,401463
"2268";262,8;152,615188
"2269";262,9;152,827623
"2270";263;153,038828
"2271";263,1;153,248859
"2272";263,2;153,45777
"2273";263,3;153,665614
"2274";263,4;153,87244
"2275";263,5;154,078298
"2276";263,6;154,283232
"2277";263,7;154,487288
"2278";263,8;154,690507
"2279";263,9;154,89293
"2280";264;155,094595
"2281";264,1;155,29554
"2282";264,2;155,495803
"2283";264,3;155,695416
"2284";264,4;155,894414
"2285";264,5;156,092826
"2286";264,6;156,290683
"2287";264,7;156,488014
"2288";264,8;156,684849
"2289";264,9;156,881213
"2290";265;157,077132
"2291";265,1;157,272631
"2292";265,2;157,467732
"2293";265,3;157,662457
"2294";265,4;157,85683
"2295";265,5;158,050871
"2296";265,6;158,2446
"2297";265,7;158,438037
"2298";265,8;158,631199
"2299";265,9;158,824105
"2300";266;159,016772
"2301";266,1;159,209217
"2302";266,2;159,401455
"2303";266,3;159,593503
"2304";266,4;159,785373
"2305";266,5;159,977079
"2306";266,6;160,168635
"2307";266,7;160,360053
"2308";266,8;160,551345
"2309";266,9;160,742522
"2310";267;160,933596
"2311";267,1;161,124576
"2312";267,2;161,315475
"2313";267,3;161,5063
"2314";267,4;161,697062
"2315";267,5;161,88777
"2316";267,6;162,078433
"2317";267,7;162,269059
"2318";267,8;162,459657
"2319";267,9;162,650235
"2320";268;162,840798
"2321";268,1;163,031353
"2322";268,2;163,221908
"2323";268,3;163,41247
"2324";268,4;163,603044
"2325";268,5;163,793638
"2326";268,6;163,984257
"2327";268,7;164,174906
"2328";268,8;164,365589
"2329";268,9;164,556312
"2330";269;164,747082
"2331";269,1;164,937902
"2332";269,2;165,128775
"2333";269,3;165,319708
"2334";269,4;165,510704
"2335";269,5;165,701767
"2336";269,6;165,8929
"2337";269,7;166,084106
"2338";269,8;166,27539
"2339";269,9;166,466755
"2340";270;166,658204
"2341";270,1;166,849742
"2342";270,2;167,041371
"2343";270,3;167,233092
"2344";270,4;167,424908
"2345";270,5;167,616823
"2346";270,6;167,808839
"2347";270,7;168,000959
"2348";270,8;168,193186
"2349";270,9;168,385519
"2350";271;168,577962
"2351";271,1;168,770517
"2352";271,2;168,963186
"2353";271,3;169,155972
"2354";271,4;169,348877
"2355";271,5;169,5419
"2356";271,6;169,735044
"2357";271,7;169,92831
"2358";271,8;170,121699
"2359";271,9;170,315214
"2360";272;170,508856
"2361";272,1;170,702624
"2362";272,2;170,896521
"2363";272,3;171,090548
"2364";272,4;171,284707
"2365";272,5;171,478998
"2366";272,6;171,673422
"2367";272,7;171,867981
"2368";272,8;172,062676
"2369";272,9;172,257508
"2370";273;172,452477
"2371";273,1;172,647585
"2372";273,2;172,787837
"2373";273,3;172,874251
"2374";273,4;172,907805
"2375";273,5;172,889441
"2376";273,6;172,820059
"2377";273,7;172,700527
"2378";273,8;172,531674
"2379";273,9;172,3143
"2380";274;172,04917
"2381";274,1;171,737023
"2382";274,2;171,433559
"2383";274,3;171,13844
"2384";274,4;170,851339
"2385";274,5;170,57194
"2386";274,6;170,299945
"2387";274,7;170,035063
"2388";274,8;169,777015
"2389";274,9;169,525534
"2390";275;169,280364
"2391";275,1;169,041256
"2392";275,2;168,807974
"2393";275,3;168,580289
"2394";275,4;168,357982
"2395";275,5;168,140845
"2396";275,6;167,928674
"2397";275,7;167,721273
"2398";275,8;167,518459
"2399";275,9;167,320052
"2400";276;167,12588
"2401";276,1;166,935776
"2402";276,2;166,749582
"2403";276,3;166,567143
"2404";276,4;166,388315
"2405";276,5;166,212953
"2406";276,6;166,040924
"2407";276,7;165,872098
"2408";276,8;165,706348
"2409";276,9;165,543554
"2410";277;165,3836
"2411";277,1;165,226375
"2412";277,2;165,071772
"2413";277,3;164,91969
"2414";277,4;164,770029
"2415";277,5;164,622696
"2416";277,6;164,477598
"2417";277,7;164,334648
"2418";277,8;164,193763
"2419";277,9;164,054862
"2420";278;163,917865
"2421";278,1;163,782701
"2422";278,2;163,649297
"2423";278,3;163,517583
"2424";278,4;163,387494
"2425";278,5;163,258967
"2426";278,6;163,13194
"2427";278,7;163,006355
"2428";278,8;162,882154
"2429";278,9;162,759283
"2430";279;162,637694
"2431";279,1;162,517334
"2432";279,2;162,398155
"2433";279,3;162,280114
"2434";279,4;162,163163
"2435";279,5;162,047261
"2436";279,6;161,932366
"2437";279,7;161,818438
"2438";279,8;161,705442
"2439";279,9;161,593342
"2440";280;161,482099
"2441";280,1;161,371681
"2442";280,2;161,262057
"2443";280,3;161,153195
"2444";280,4;161,045066
"2445";280,5;160,93764
"2446";280,6;160,830892
"2447";280,7;160,724796
"2448";280,8;160,619325
"2449";280,9;160,514453
"2450";281;160,410159
"2451";281,1;160,30642
"2452";281,2;160,203215
"2453";281,3;160,10052
"2454";281,4;159,998318
"2455";281,5;159,89659
"2456";281,6;159,795316
"2457";281,7;159,69448
"2458";281,8;159,594065
"2459";281,9;159,494056
"2460";282;159,394436
"2461";282,1;159,29519
"2462";282,2;159,196302
"2463";282,3;159,09776
"2464";282,4;158,99955
"2465";282,5;158,901659
"2466";282,6;158,804077
"2467";282,7;158,706789
"2468";282,8;158,609785
"2469";282,9;158,513052
"2470";283;158,416581
"2471";283,1;158,320363
"2472";283,2;158,224387
"2473";283,3;158,128645
"2474";283,4;158,033127
"2475";283,5;157,937825
"2476";283,6;157,84273
"2477";283,7;157,747835
"2478";283,8;157,653131
"2479";283,9;157,558612
"2480";284;157,46427
"2481";284,1;157,370099
"2482";284,2;157,276094
"2483";284,3;157,182248
"2484";284,4;157,088553
"2485";284,5;156,995005
"2486";284,6;156,901598
"2487";284,7;156,808326
"2488";284,8;156,715185
"2489";284,9;156,622169
"2490";285;156,529275
"2491";285,1;156,436497
"2492";285,2;156,343831
"2493";285,3;156,251272
"2494";285,4;156,158818
"2495";285,5;156,066463
"2496";285,6;155,974204
"2497";285,7;155,882038
"2498";285,8;155,789961
"2499";285,9;155,697972
"2500";286;155,606067
"2501";286,1;155,514242
"2502";286,2;155,422495
"2503";286,3;155,330824
"2504";286,4;155,239225
"2505";286,5;155,147697
"2506";286,6;155,056235
"2507";286,7;154,96484
"2508";286,8;154,873509
"2509";286,9;154,782238
"2510";287;154,691026
"2511";287,1;154,599872
"2512";287,2;154,508771
"2513";287,3;154,417722
"2514";287,4;154,326726
"2515";287,5;154,235778
"2516";287,6;154,14488
"2517";287,7;154,054027
"2518";287,8;153,963218
"2519";287,9;153,872452
"2520";288;153,781728
"2521";288,1;153,691044
"2522";288,2;153,600401
"2523";288,3;153,509797
"2524";288,4;153,419228
"2525";288,5;153,328695
"2526";288,6;153,238195
"2527";288,7;153,14773
"2528";288,8;153,057298
"2529";288,9;152,966898
"2530";289;152,876528
"2531";289,1;152,786188
"2532";289,2;152,695877
"2533";289,3;152,605593
"2534";289,4;152,515338
"2535";289,5;152,42511
"2536";289,6;152,33491
"2537";289,7;152,244735
"2538";289,8;152,154584
"2539";289,9;152,064458
"2540";290;151,974357
"2541";290,1;151,884279
"2542";290,2;151,794222
"2543";290,3;151,704189
"2544";290,4;151,614179
"2545";290,5;151,524191
"2546";290,6;151,434223
"2547";290,7;151,344275
"2548";290,8;151,254348
"2549";290,9;151,16444
"2550";291;151,07455
"2551";291,1;150,98468
"2552";291,2;150,894829
"2553";291,3;150,804996
"2554";291,4;150,715179
"2555";291,5;150,62538
"2556";291,6;150,535598
"2557";291,7;150,445833
"2558";291,8;150,356085
"2559";291,9;150,266355
"2560";292;150,176642
"2561";292,1;150,086945
"2562";292,2;149,997266
"2563";292,3;149,907604
"2564";292,4;149,817959
"2565";292,5;149,728331
"2566";292,6;149,638719
"2567";292,7;149,549123
"2568";292,8;149,459542
"2569";292,9;149,369977
"2570";293;149,280427
"2571";293,1;149,190893
"2572";293,2;149,101375
"2573";293,3;149,01187
"2574";293,4;148,922379
"2575";293,5;148,832902
"2576";293,6;148,743441
"2577";293,7;148,653995
"2578";293,8;148,564564
"2579";293,9;148,475146
"2580";294;148,385742
"2581";294,1;148,296352
"2582";294,2;148,206975
"2583";294,3;148,117613
"2584";294,4;148,028265
"2585";294,5;147,93893
"2586";294,6;147,849609
"2587";294,7;147,760303
"2588";294,8;147,67101
"2589";294,9;147,581731
"2590";295;147,492467
"2591";295,1;147,403216
"2592";295,2;147,313979
"2593";295,3;147,224756
"2594";295,4;147,135547
"2595";295,5;147,046353
"2596";295,6;146,957172
"2597";295,7;146,868004
"2598";295,8;146,778851
"2599";295,9;146,689712
"2600";296;146,600586
"2601";296,1;146,511474
"2602";296,2;146,422375
"2603";296,3;146,33329
"2604";296,4;146,24422
"2605";296,5;146,155163
"2606";296,6;146,066119
"2607";296,7;145,977089
"2608";296,8;145,888073
"2609";296,9;145,799071
"2610";297;145,710084
"2611";297,1;145,62111
"2612";297,2;145,53215
"2613";297,3;145,443205
"2614";297,4;145,354273
"2615";297,5;145,265355
"2616";297,6;145,176453
"2617";297,7;145,087564
"2618";297,8;144,998689
"2619";297,9;144,909829
"2620";298;144,820983
"2621";298,1;144,732152
"2622";298,2;144,643336
"2623";298,3;144,554534
"2624";298,4;144,465747
"2625";298,5;144,376975
"2626";298,6;144,288217
"2627";298,7;144,199474
"2628";298,8;144,110746
"2629";298,9;144,022032
"2630";299;143,933333
"2631";299,1;143,844649
"2632";299,2;143,75598
"2633";299,3;143,667325
"2634";299,4;143,578685
"2635";299,5;143,49006
"2636";299,6;143,401451
"2637";299,7;143,312857
"2638";299,8;143,224277
"2639";299,9;143,135713
"2640";300;143,047165
"2641";300,1;142,958633
"2642";300,2;142,870116
"2643";300,3;142,781615
"2644";300,4;142,693129
"2645";300,5;142,604659
"2646";300,6;142,516204
"2647";300,7;142,427765
"2648";300,8;142,339342
"2649";300,9;142,250935
"2650";301;142,162543
"2651";301,1;142,074167
"2652";301,2;141,985807
"2653";301,3;141,897464
"2654";301,4;141,809136
"2655";301,5;141,720825
"2656";301,6;141,632529
"2657";301,7;141,54425
"2658";301,8;141,455988
"2659";301,9;141,367742
"2660";302;141,279513
"2661";302,1;141,191301
"2662";302,2;141,103105
"2663";302,3;141,014925
"2664";302,4;140,926763
"2665";302,5;140,838617
"2666";302,6;140,750488
"2667";302,7;140,662375
"2668";302,8;140,574279
"2669";302,9;140,4862
"2670";303;140,398137
"2671";303,1;140,31009
"2672";303,2;140,222061
"2673";303,3;140,134049
"2674";303,4;140,046054
"2675";303,5;139,958076
"2676";303,6;139,870116
"2677";303,7;139,782174
"2678";303,8;139,694249
"2679";303,9;139,606341
"2680";304;139,518451
"2681";304,1;139,430579
"2682";304,2;139,342726
"2683";304,3;139,25489
"2684";304,4;139,167073
"2685";304,5;139,079275
"2686";304,6;138,991494
"2687";304,7;138,903732
"2688";304,8;138,815988
"2689";304,9;138,728262
"2690";305;138,640555
"2691";305,1;138,552865
"2692";305,2;138,465192
"2693";305,3;138,377539
"2694";305,4;138,289903
"2695";305,5;138,202286
"2696";305,6;138,114688
"2697";305,7;138,027107
"2698";305,8;137,939545
"2699";305,9;137,852003
"2700";306;137,76448
"2701";306,1;137,676977
"2702";306,2;137,589493
"2703";306,3;137,502027
"2704";306,4;137,41458
"2705";306,5;137,327151
"2706";306,6;137,239742
"2707";306,7;137,152352
"2708";306,8;137,064982
"2709";306,9;136,977631
"2710";307;136,890299
"2711";307,1;136,802986
"2712";307,2;136,715692
"2713";307,3;136,628418
"2714";307,4;136,541164
"2715";307,5;136,453929
"2716";307,6;136,366713
"2717";307,7;136,279518
"2718";307,8;136,192343
"2719";307,9;136,105187
"2720";308;136,018051
"2721";308,1;135,930935
"2722";308,2;135,843839
"2723";308,3;135,756764
"2724";308,4;135,669709
"2725";308,5;135,582674
"2726";308,6;135,49566
"2727";308,7;135,408666
"2728";308,8;135,321692
"2729";308,9;135,234739
"2730";309;135,147806
"2731";309,1;135,060893
"2732";309,2;134,974002
"2733";309,3;134,88713
"2734";309,4;134,800279
"2735";309,5;134,71345
"2736";309,6;134,626641
"2737";309,7;134,539853
"2738";309,8;134,453085
"2739";309,9;134,366339
"2740";310;134,279614
"2741";310,1;134,19291
"2742";310,2;134,106227
"2743";310,3;134,019565
"2744";310,4;133,932924
"2745";310,5;133,846304
"2746";310,6;133,759706
"2747";310,7;133,673129
"2748";310,8;133,586574
"2749";310,9;133,500039
"2750";311;133,413526
"2751";311,1;133,327035
"2752";311,2;133,240565
"2753";311,3;133,154117
"2754";311,4;133,067692
"2755";311,5;132,981288
"2756";311,6;132,894906
"2757";311,7;132,808546
"2758";311,8;132,722208
"2759";311,9;132,635892
"2760";312;132,549597
"2761";312,1;132,463326
"2762";312,2;132,377076
"2763";312,3;132,290849
"2764";312,4;132,204643
"2765";312,5;132,11846
"2766";312,6;132,032299
"2767";312,7;131,94616
"2768";312,8;131,860044
"2769";312,9;131,773951
"2770";313;131,687881
"2771";313,1;131,601832
"2772";313,2;131,515807
"2773";313,3;131,429804
"2774";313,4;131,343824
"2775";313,5;131,257867
"2776";313,6;131,171933
"2777";313,7;131,086022
"2778";313,8;131,000134
"2779";313,9;130,914269
"2780";314;130,828427
"2781";314,1;130,742609
"2782";314,2;130,656814
"2783";314,3;130,571042
"2784";314,4;130,485293
"2785";314,5;130,399568
"2786";314,6;130,313867
"2787";314,7;130,228189
"2788";314,8;130,142534
"2789";314,9;130,056904
"2790";315;129,971297
"2791";315,1;129,885713
"2792";315,2;129,800154
"2793";315,3;129,714619
"2794";315,4;129,629108
"2795";315,5;129,543619
"2796";315,6;129,458154
"2797";315,7;129,372714
"2798";315,8;129,287298
"2799";315,9;129,201905
"2800";316;129,116537
"2801";316,1;129,031193
"2802";316,2;128,945872
"2803";316,3;128,860576
"2804";316,4;128,775304
"2805";316,5;128,690058
"2806";316,6;128,604835
"2807";316,7;128,519637
"2808";316,8;128,434463
"2809";316,9;128,349313
"2810";317;128,264188
"2811";317,1;128,179088
"2812";317,2;128,094013
"2813";317,3;128,008962
"2814";317,4;127,923937
"2815";317,5;127,838935
"2816";317,6;127,753959
"2817";317,7;127,669007
"2818";317,8;127,58408
"2819";317,9;127,499179
"2820";318;127,414302
"2821";318,1;127,329451
"2822";318,2;127,244624
"2823";318,3;127,159822
"2824";318,4;127,075045
"2825";318,5;126,990293
"2826";318,6;126,905566
"2827";318,7;126,820864
"2828";318,8;126,736188
"2829";318,9;126,651537
"2830";319;126,566912
"2831";319,1;126,482312
"2832";319,2;126,397738
"2833";319,3;126,313191
"2834";319,4;126,228669
"2835";319,5;126,144174
"2836";319,6;126,059705
"2837";319,7;125,975263
"2838";319,8;125,890847
"2839";319,9;125,806457
"2840";320;125,722093
"2841";320,1;125,637756
"2842";320,2;125,553445
"2843";320,3;125,469159
"2844";320,4;125,3849
"2845";320,5;125,300668
"2846";320,6;125,216462
"2847";320,7;125,132281
"2848";320,8;125,048127
"2849";320,9;124,963999
"2850";321;124,879898
"2851";321,1;124,795822
"2852";321,2;124,711773
"2853";321,3;124,62775
"2854";321,4;124,543753
"2855";321,5;124,459782
"2856";321,6;124,375837
"2857";321,7;124,291919
"2858";321,8;124,208027
"2859";321,9;124,124161
"2860";322;124,040321
"2861";322,1;123,956508
"2862";322,2;123,872722
"2863";322,3;123,788963
"2864";322,4;123,705232
"2865";322,5;123,621528
"2866";322,6;123,537851
"2867";322,7;123,454201
"2868";322,8;123,370577
"2869";322,9;123,286982
"2870";323;123,203415
"2871";323,1;123,119875
"2872";323,2;123,036362
"2873";323,3;122,952876
"2874";323,4;122,869417
"2875";323,5;122,785984
"2876";323,6;122,702579
"2877";323,7;122,619202
"2878";323,8;122,535854
"2879";323,9;122,452533
"2880";324;122,369238
"2881";324,1;122,285971
"2882";324,2;122,202732
"2883";324,3;122,119522
"2884";324,4;122,036339
"2885";324,5;121,953185
"2886";324,6;121,870059
"2887";324,7;121,786961
"2888";324,8;121,703891
"2889";324,9;121,620848
"2890";325;121,537834
"2891";325,1;121,454849
"2892";325,2;121,371891
"2893";325,3;121,288961
"2894";325,4;121,206059
"2895";325,5;121,123186
"2896";325,6;121,040341
"2897";325,7;120,957524
"2898";325,8;120,874735
"2899";325,9;120,791975
"2900";326;120,709244
"2901";326,1;120,62654
"2902";326,2;120,543866
"2903";326,3;120,46122
"2904";326,4;120,378603
"2905";326,5;120,296014
"2906";326,6;120,213454
"2907";326,7;120,130923
"2908";326,8;120,04842
"2909";326,9;119,965946
"2910";327;119,883501
"2911";327,1;119,801084
"2912";327,2;119,718696
"2913";327,3;119,636337
"2914";327,4;119,554007
"2915";327,5;119,471706
"2916";327,6;119,389434
"2917";327,7;119,307191
"2918";327,8;119,224978
"2919";327,9;119,142794
"2920";328;119,060639
"2921";328,1;118,978515
"2922";328,2;118,896419
"2923";328,3;118,814353
"2924";328,4;118,732316
"2925";328,5;118,650308
"2926";328,6;118,56833
"2927";328,7;118,486381
"2928";328,8;118,404461
"2929";328,9;118,322571
"2930";329;118,240709
"2931";329,1;118,158877
"2932";329,2;118,077075
"2933";329,3;117,995302
"2934";329,4;117,91356
"2935";329,5;117,831848
"2936";329,6;117,750165
"2937";329,7;117,668512
"2938";329,8;117,58689
"2939";329,9;117,505296
"2940";330;117,423734
"2941";330,1;117,342201
"2942";330,2;117,260698
"2943";330,3;117,179225
"2944";330,4;117,097782
"2945";330,5;117,016369
"2946";330,6;116,934987
"2947";330,7;116,853635
"2948";330,8;116,772313
"2949";330,9;116,691022
"2950";331;116,60976
"2951";331,1;116,528529
"2952";331,2;116,447328
"2953";331,3;116,366158
"2954";331,4;116,285017
"2955";331,5;116,203907
"2956";331,6;116,122827
"2957";331,7;116,041777
"2958";331,8;115,960757
"2959";331,9;115,879768
"2960";332;115,79881
"2961";332,1;115,717883
"2962";332,2;115,636987
"2963";332,3;115,556121
"2964";332,4;115,475287
"2965";332,5;115,394484
"2966";332,6;115,313711
"2967";332,7;115,23297
"2968";332,8;115,15226
"2969";332,9;115,071581
"2970";333;114,990932
"2971";333,1;114,910313
"2972";333,2;114,829725
"2973";333,3;114,749169
"2974";333,4;114,668644
"2975";333,5;114,588149
"2976";333,6;114,507686
"2977";333,7;114,427254
"2978";333,8;114,346853
"2979";333,9;114,266483
"2980";334;114,186146
"2981";334,1;114,105839
"2982";334,2;114,025564
"2983";334,3;113,94532
"2984";334,4;113,865107
"2985";334,5;113,784926
"2986";334,6;113,704776
"2987";334,7;113,624657
"2988";334,8;113,54457
"2989";334,9;113,464514
"2990";335;113,38449
"2991";335,1;113,304499
"2992";335,2;113,224539
"2993";335,3;113,144611
"2994";335,4;113,064714
"2995";335,5;112,984849
"2996";335,6;112,905015
"2997";335,7;112,825213
"2998";335,8;112,745443
"2999";335,9;112,665705
